-- MySQL dump 10.13  Distrib 8.0.39, for Win64 (x86_64)
--
-- Host: localhost    Database: movie_ticketing_system
-- ------------------------------------------------------
-- Server version	8.0.39

/*!40101 SET @OLD_CHARACTER_SET_CLIENT=@@CHARACTER_SET_CLIENT */;
/*!40101 SET @OLD_CHARACTER_SET_RESULTS=@@CHARACTER_SET_RESULTS */;
/*!40101 SET @OLD_COLLATION_CONNECTION=@@COLLATION_CONNECTION */;
/*!50503 SET NAMES utf8mb4 */;
/*!40103 SET @OLD_TIME_ZONE=@@TIME_ZONE */;
/*!40103 SET TIME_ZONE='+00:00' */;
/*!40014 SET @OLD_UNIQUE_CHECKS=@@UNIQUE_CHECKS, UNIQUE_CHECKS=0 */;
/*!40014 SET @OLD_FOREIGN_KEY_CHECKS=@@FOREIGN_KEY_CHECKS, FOREIGN_KEY_CHECKS=0 */;
/*!40101 SET @OLD_SQL_MODE=@@SQL_MODE, SQL_MODE='NO_AUTO_VALUE_ON_ZERO' */;
/*!40111 SET @OLD_SQL_NOTES=@@SQL_NOTES, SQL_NOTES=0 */;

--
-- Table structure for table `advertisement`
--

drop database if exists movie_ticketing_system;

create database movie_ticketing_system character set utf8;

use movie_ticketing_system;

DROP TABLE IF EXISTS `advertisement`;
/*!40101 SET @saved_cs_client     = @@character_set_client */;
/*!50503 SET character_set_client = utf8mb4 */;
CREATE TABLE `advertisement` (
  `advertisement_id` char(32) NOT NULL,
  `advertisement_image` text COMMENT '广告图片',
  `advertisement_url` text COMMENT '广告转跳的连接',
  `advertisement_end_time` datetime DEFAULT ((now() + interval 43200 minute)) COMMENT '广告到期的时间',
  PRIMARY KEY (`advertisement_id`)
) ENGINE=InnoDB DEFAULT CHARSET=utf8mb3 COMMENT='广告';
/*!40101 SET character_set_client = @saved_cs_client */;

--
-- Dumping data for table `advertisement`
--

LOCK TABLES `advertisement` WRITE;
/*!40000 ALTER TABLE `advertisement` DISABLE KEYS */;
INSERT INTO `advertisement` VALUES ('77b653687c76459cbb3604e5004e7b4c','https://img601.yun300.cn/repository/image/c60e69b4-03c0-40da-b9b0-264fcf454c2d.jpg?tenantId=254144&viewType=1','https://www.chinatvc.net/','2025-05-21 10:12:53');
/*!40000 ALTER TABLE `advertisement` ENABLE KEYS */;
UNLOCK TABLES;

--
-- Table structure for table `apply_for_new_movie`
--

DROP TABLE IF EXISTS `apply_for_new_movie`;
/*!40101 SET @saved_cs_client     = @@character_set_client */;
/*!50503 SET character_set_client = utf8mb4 */;
CREATE TABLE `apply_for_new_movie` (
  `apply_id` char(32) NOT NULL COMMENT '申请id',
  `platform_management_id` char(32) DEFAULT NULL COMMENT '管理id（处理人）',
  `cinema_management_id` char(32) DEFAULT NULL COMMENT '影院管理id',
  `apply_reason` text COMMENT '申请内容/理由',
  `movie_name` varchar(30) DEFAULT NULL,
  `movie_start_time` datetime DEFAULT NULL,
  `movie_duration` varchar(20) DEFAULT NULL,
  `director` varchar(20) DEFAULT NULL,
  `star` text,
  `introduction` text,
  `score` double(10,2) DEFAULT NULL,
  `poster_image` text,
  `issuing_region` varchar(20) DEFAULT NULL,
  `handle_state` int DEFAULT NULL COMMENT '处理状态（0：审核中，1：已同意，2：已驳回）',
  PRIMARY KEY (`apply_id`),
  KEY `FK_Reference_18` (`platform_management_id`),
  KEY `FK_Reference_19` (`cinema_management_id`),
  CONSTRAINT `FK_Reference_18` FOREIGN KEY (`platform_management_id`) REFERENCES `platform_management` (`platform_management_id`) ON DELETE RESTRICT ON UPDATE RESTRICT,
  CONSTRAINT `FK_Reference_19` FOREIGN KEY (`cinema_management_id`) REFERENCES `cinema_management` (`cinema_management_id`) ON DELETE RESTRICT ON UPDATE RESTRICT
) ENGINE=InnoDB DEFAULT CHARSET=utf8mb3 COMMENT='申请新电影';
/*!40101 SET character_set_client = @saved_cs_client */;

--
-- Dumping data for table `apply_for_new_movie`
--

LOCK TABLES `apply_for_new_movie` WRITE;
/*!40000 ALTER TABLE `apply_for_new_movie` DISABLE KEYS */;
/*!40000 ALTER TABLE `apply_for_new_movie` ENABLE KEYS */;
UNLOCK TABLES;

--
-- Table structure for table `apply_movie_type_middle`
--

DROP TABLE IF EXISTS `apply_movie_type_middle`;
/*!40101 SET @saved_cs_client     = @@character_set_client */;
/*!50503 SET character_set_client = utf8mb4 */;
CREATE TABLE `apply_movie_type_middle` (
  `apply_id` char(32) DEFAULT NULL COMMENT '申请id',
  `movie_type_id` char(32) DEFAULT NULL COMMENT '类型id',
  KEY `FK_Reference_20` (`apply_id`),
  KEY `FK_Reference_21` (`movie_type_id`),
  CONSTRAINT `FK_Reference_20` FOREIGN KEY (`apply_id`) REFERENCES `apply_for_new_movie` (`apply_id`) ON DELETE RESTRICT ON UPDATE RESTRICT,
  CONSTRAINT `FK_Reference_21` FOREIGN KEY (`movie_type_id`) REFERENCES `movie_type` (`movie_type_id`) ON DELETE RESTRICT ON UPDATE RESTRICT
) ENGINE=InnoDB DEFAULT CHARSET=utf8mb3 COMMENT='申请类型中间表';
/*!40101 SET character_set_client = @saved_cs_client */;

--
-- Dumping data for table `apply_movie_type_middle`
--

LOCK TABLES `apply_movie_type_middle` WRITE;
/*!40000 ALTER TABLE `apply_movie_type_middle` DISABLE KEYS */;
/*!40000 ALTER TABLE `apply_movie_type_middle` ENABLE KEYS */;
UNLOCK TABLES;

--
-- Table structure for table `cinema`
--

DROP TABLE IF EXISTS `cinema`;
/*!40101 SET @saved_cs_client     = @@character_set_client */;
/*!50503 SET character_set_client = utf8mb4 */;
CREATE TABLE `cinema` (
  `cinema_id` char(32) NOT NULL COMMENT '影院id',
  `cinema_brand_id` char(32) DEFAULT NULL COMMENT '品牌id',
  `cinema_management_id` char(32) DEFAULT NULL COMMENT '影院管理id',
  `county_id` char(32) DEFAULT NULL COMMENT '区id',
  `cinema_name` varchar(30) DEFAULT NULL COMMENT '影院名称',
  `cinema_address` text COMMENT '地址',
  `cinema_phone` varchar(30) DEFAULT NULL COMMENT '联系电话',
  `cinema_email` text COMMENT '邮箱 ',
  `cinema_url` text COMMENT '网站连接',
  `cinema_points` double(10,2) DEFAULT '10.00' COMMENT '评分，初始创建的都是10分',
  `cinema_start_time` time DEFAULT NULL COMMENT '营业开始时间',
  `cinema_end_time` time DEFAULT NULL COMMENT '营业结束时间',
  PRIMARY KEY (`cinema_id`),
  KEY `FK_Reference_10` (`cinema_management_id`),
  KEY `FK_Reference_11` (`county_id`),
  KEY `FK_Reference_9` (`cinema_brand_id`),
  CONSTRAINT `FK_Reference_10` FOREIGN KEY (`cinema_management_id`) REFERENCES `cinema_management` (`cinema_management_id`) ON DELETE RESTRICT ON UPDATE RESTRICT,
  CONSTRAINT `FK_Reference_11` FOREIGN KEY (`county_id`) REFERENCES `county` (`county_id`) ON DELETE RESTRICT ON UPDATE RESTRICT,
  CONSTRAINT `FK_Reference_9` FOREIGN KEY (`cinema_brand_id`) REFERENCES `cinema_brand` (`cinema_brand_id`) ON DELETE RESTRICT ON UPDATE RESTRICT
) ENGINE=InnoDB DEFAULT CHARSET=utf8mb3 COMMENT='影院表';
/*!40101 SET character_set_client = @saved_cs_client */;

--
-- Dumping data for table `cinema`
--

LOCK TABLES `cinema` WRITE;
/*!40000 ALTER TABLE `cinema` DISABLE KEYS */;
INSERT INTO `cinema` VALUES ('79a1f42bd03541e18a5e9a4ce2e61f2e','dab62a4f0d214e7881dd974290ac21df','1a1f0694d4cb4569a6dd06c455f0d7e8','2d2e052bf52146539e3ec229b3652fa1','时代影城(九龙滨江店)','重庆市九龙坡区九滨路九龙滨江商业广场9栋3层','无','shidaiyaunxian@163.com','无',10.00,'07:00:00','20:00:00'),('cac9ffeb481d439992dfc610d0d106ed','88ddd26b624b4c8d86960367b0cdebd5','1a1f0694d4cb4569a6dd06c455f0d7e8','c672e627d55842c4b1ee938c087f1f67','万达影城(重庆沙坪坝万达广场店)','重庆市沙坪坝区经纬大道1108号重庆沙坪坝万达广场4层','400-080-6060','wandacinemas@qq.com','https://www.wandacinemas.com/',10.00,'09:00:00','23:30:00');
/*!40000 ALTER TABLE `cinema` ENABLE KEYS */;
UNLOCK TABLES;

--
-- Table structure for table `cinema_brand`
--

DROP TABLE IF EXISTS `cinema_brand`;
/*!40101 SET @saved_cs_client     = @@character_set_client */;
/*!50503 SET character_set_client = utf8mb4 */;
CREATE TABLE `cinema_brand` (
  `cinema_brand_id` char(32) NOT NULL COMMENT '品牌id',
  `cinema_brand_name` varchar(30) DEFAULT NULL COMMENT '品牌名称',
  `cinema_brand_logo` text COMMENT '品牌logo',
  PRIMARY KEY (`cinema_brand_id`)
) ENGINE=InnoDB DEFAULT CHARSET=utf8mb3 COMMENT='影院品牌';
/*!40101 SET character_set_client = @saved_cs_client */;

--
-- Dumping data for table `cinema_brand`
--

LOCK TABLES `cinema_brand` WRITE;
/*!40000 ALTER TABLE `cinema_brand` DISABLE KEYS */;
INSERT INTO `cinema_brand` VALUES ('2e61d39a016f4f7bad89db1692d5e598','中影南方','https://img0.baidu.com/it/u=2747436436,476754714&fm=253&fmt=auto&app=138&f=JPEG?'),('3d0f0b3589e849d99634ad662fccff51','横店影视','https://img1.baidu.com/it/u=2753039471,2201977558&fm=253&fmt=auto&app=138&f=JPEG?w=500&h=500'),('4aae183345f640d09202e2d6c0f3fb15','联和院线','https://img0.baidu.com/it/u=2152887476,357636838&fm=253&fmt=auto&app=138&f=JPEG?w=370&h=344'),('7743fd31ab5c42ab80a77ce55da80d53','中影星美','https://img1.baidu.com/it/u=201979567,838938121&fm=253&fmt=auto&app=138&f=JPEG?w=300&h=300'),('88ddd26b624b4c8d86960367b0cdebd5','万达电影','https://img2.baidu.com/it/u=334115622,2222940209&fm=253&fmt=auto&app=138&f=JPEG?w=750&h=500'),('c1d117178abf41f28290c167e3c50eb4','金逸影视','https://img2.baidu.com/it/u=3603875342,281117965&fm=253&fmt=auto?w=500&h=500'),('d518c402eab94bd4a7d9a07ee3fb9d45','大地影院DadiCinema','https://img1.baidu.com/it/u=215268501,2367100112&fm=253&fmt=auto&app=120&f=PNG?w=300&h=300'),('d68cbd0f4e3943eeb9e3f75193df0996','中影数字','https://img0.baidu.com/it/u=4021471198,2905568761&fm=253&fmt=auto&app=120&f=JPEG?w=530&h=500'),('d8a12af7e50c4fe7a2069782b00fe6b2','新影联','https://img1.baidu.com/it/u=1995223203,1880744937&fm=253&fmt=auto&app=138&f=JPEG?w=500&h=500'),('dab62a4f0d214e7881dd974290ac21df','时代院线','https://img0.baidu.com/it/u=4087658447,2401914560&fm=253&fmt=auto&app=138&f=JPEG?w=300&h=300');
/*!40000 ALTER TABLE `cinema_brand` ENABLE KEYS */;
UNLOCK TABLES;

--
-- Table structure for table `cinema_management`
--

DROP TABLE IF EXISTS `cinema_management`;
/*!40101 SET @saved_cs_client     = @@character_set_client */;
/*!50503 SET character_set_client = utf8mb4 */;
CREATE TABLE `cinema_management` (
  `cinema_management_id` char(32) NOT NULL COMMENT '影院管理id',
  `cinema_management_email` text COMMENT '影院管理登录的邮箱',
  `cinema_management_password` varchar(32) DEFAULT NULL COMMENT '登录的密码',
  `cinema_management_profile_picture` text COMMENT '头像',
  PRIMARY KEY (`cinema_management_id`)
) ENGINE=InnoDB DEFAULT CHARSET=utf8mb3 COMMENT='影院管理';
/*!40101 SET character_set_client = @saved_cs_client */;

--
-- Dumping data for table `cinema_management`
--

LOCK TABLES `cinema_management` WRITE;
/*!40000 ALTER TABLE `cinema_management` DISABLE KEYS */;
INSERT INTO `cinema_management` VALUES ('1a1f0694d4cb4569a6dd06c455f0d7e8','488089248@qq.com','3ae32ae7484fa8efd1d2440daf7b1432','https://pic2.zhimg.com/v2-459ba76d097040457a2bea7746c3bf8f_1440w.jpg'),('d44fe2dda1cf4592b20678449dd6024e','smileshark908@gmail.com','smileshark','https://pic2.zhimg.com/v2-063b36befbb6600973fafefb03ca63cf_1440w.jpg');
/*!40000 ALTER TABLE `cinema_management` ENABLE KEYS */;
UNLOCK TABLES;

--
-- Table structure for table `county`
--

DROP TABLE IF EXISTS `county`;
/*!40101 SET @saved_cs_client     = @@character_set_client */;
/*!50503 SET character_set_client = utf8mb4 */;
CREATE TABLE `county` (
  `county_id` char(32) NOT NULL,
  `market_id` char(32) DEFAULT NULL,
  `county_name` varchar(30) DEFAULT NULL,
  PRIMARY KEY (`county_id`),
  KEY `FK_Reference_2` (`market_id`),
  CONSTRAINT `FK_Reference_2` FOREIGN KEY (`market_id`) REFERENCES `market` (`market_id`) ON DELETE RESTRICT ON UPDATE RESTRICT
) ENGINE=InnoDB DEFAULT CHARSET=utf8mb3 COMMENT='区县表';
/*!40101 SET character_set_client = @saved_cs_client */;

--
-- Dumping data for table `county`
--

LOCK TABLES `county` WRITE;
/*!40000 ALTER TABLE `county` DISABLE KEYS */;
INSERT INTO `county` VALUES ('03044c9e42eb46dca2359d0b417a95c4','cd2031d77c174553aa6b9dca867c9ffd','铁西区'),('070b110168dd48f2ba9a574373a62270','bacf76f7b4d34e64ba15f11d7ca54eb7','青羊区'),('0a84d16fbdb447c6a44325e0d1a8b6fb','bacf76f7b4d34e64ba15f11d7ca54eb7','新都区'),('0ef97e0ef66a4266a516d2649003c047','8867a13999704d84abd1455eddaa97d2','高淳区'),('11507cb1b57e4aeb93c4af499528b8d6','921a70300be542b5900129434309dcba','长安区'),('144a09e22cb64fe393d80fd169cf8314','cd2031d77c174553aa6b9dca867c9ffd','苏家屯区'),('1589b0824c874ce084dffc94c9dc1fec','bacf76f7b4d34e64ba15f11d7ca54eb7','青白江区'),('16093cf0828c4e2485f9af9aea2450bf','f0f98590ac9d49d294334185fd6a0a62','武隆区'),('178499c09e6c4d43b2e2aa55d0c8b651','921a70300be542b5900129434309dcba','正定县'),('17d2af916bc547f296b5877dcabafdf1','8867a13999704d84abd1455eddaa97d2','六合区'),('17ea0ce13ef645dcbd06272c426821f4','f0f98590ac9d49d294334185fd6a0a62','荣昌区'),('1f2ec71f07ad4d2d8ff3c3090cb7b7a7','f0f98590ac9d49d294334185fd6a0a62','大渡口区'),('202c6974f0b74e54b37eba3552a5d135','8867a13999704d84abd1455eddaa97d2','栖霞区'),('20c364a168cf4e2481ea24217b67a645','bacf76f7b4d34e64ba15f11d7ca54eb7','蒲江县'),('22ae835f433f40d198d8eb7004cfc46a','f0f98590ac9d49d294334185fd6a0a62','开州区'),('230d7db2006345318518bba31dae51d0','cd2031d77c174553aa6b9dca867c9ffd','大东区'),('232d9fef01de4ba993fc65efc76b99ac','3b76060b328a482ba097c22c01f08aa6','北辰区'),('246d5ba7f489457398ac2570d83d9a9f','921a70300be542b5900129434309dcba','裕华区'),('26d164cfcd894631bde5a41972a3bf97','8867a13999704d84abd1455eddaa97d2','玄武区'),('281356f7821242be9af0d8961c1509be','8867a13999704d84abd1455eddaa97d2','建邺区'),('2becae1c29274fce9f192e35f8274c2a','f0f98590ac9d49d294334185fd6a0a62','合川区'),('2c05fa17a54a49f782cc708da9dc19fc','cd2031d77c174553aa6b9dca867c9ffd','康平县'),('2d2e052bf52146539e3ec229b3652fa1','f0f98590ac9d49d294334185fd6a0a62','九龙坡区'),('2e03244d416a4bb7bf209799fcde4274','f0f98590ac9d49d294334185fd6a0a62','渝北区'),('2f5e234386634bdf8267bbc91d911146','44f58bc8d0814ef09d7ddce32ae5592c','静安区'),('30d566786f6245aca37ae2c2c12dc553','44f58bc8d0814ef09d7ddce32ae5592c','奉贤区'),('366179d231954343ab7285a56f8dee53','cd2031d77c174553aa6b9dca867c9ffd','沈北新区'),('36d5bdb5968648148df6cb4d11a092ce','921a70300be542b5900129434309dcba','赵县'),('3717d757398543ed87dd463eb3037633','8867a13999704d84abd1455eddaa97d2','秦淮区'),('37ec4142d79f46d0b04ee2a602c2a50f','f0f98590ac9d49d294334185fd6a0a62','綦江区'),('3968ab267de5459a99a3c9211109e5b0','bacf76f7b4d34e64ba15f11d7ca54eb7','都江堰市'),('39b83c6c30904de0a9bc54be0bbd452b','44f58bc8d0814ef09d7ddce32ae5592c','闵行区'),('3c2701d41ad3476da433abeac8763e14','921a70300be542b5900129434309dcba','赞皇县'),('405c36571958478093e0a26aa39a11fd','8867a13999704d84abd1455eddaa97d2','浦口区'),('4590a52348e646b19d358ef94149414c','44f58bc8d0814ef09d7ddce32ae5592c','崇明区'),('45ea557d4b4242fa8f49c33d03498f9a','f0f98590ac9d49d294334185fd6a0a62','梁平区'),('4a59bb3aa9a84bc4abe78768c6011645','921a70300be542b5900129434309dcba','井陉县'),('4c4d9e73f0184b2fad167d389d410080','cd2031d77c174553aa6b9dca867c9ffd','和平区'),('4ed56115c4c745a688c30f636a1fc5b6','44f58bc8d0814ef09d7ddce32ae5592c','浦东新区'),('541215a320814ababccd17f57cc8d15f','bacf76f7b4d34e64ba15f11d7ca54eb7','温江区'),('5504bdef25984426a530d928a3d40009','bacf76f7b4d34e64ba15f11d7ca54eb7','简阳市'),('5718514a66d9412693262389f3b1788c','3b76060b328a482ba097c22c01f08aa6','河西区'),('57efede83afc4417957030b18ed141b6','f0f98590ac9d49d294334185fd6a0a62','永川区'),('5851c09f3a874c6d8de60c8e2516fc50','8867a13999704d84abd1455eddaa97d2','鼓楼区'),('5ad0e8fc933d4930a1cf6d236bbd7e60','44f58bc8d0814ef09d7ddce32ae5592c','宝山区'),('5f7359794124400f9d0cf2e6381334ac','cd2031d77c174553aa6b9dca867c9ffd','法库县'),('6195ef032d1144398901eaa189ee181b','cd2031d77c174553aa6b9dca867c9ffd','辽中区'),('628c2775a8f34ac497d5f4bf64e299aa','bacf76f7b4d34e64ba15f11d7ca54eb7','金牛区'),('62bb9d97c90e4048a419001b41085209','921a70300be542b5900129434309dcba','鹿泉区'),('635b6c5158f141788d634bf6e046007c','f0f98590ac9d49d294334185fd6a0a62','铜梁区'),('63b67bb16e354c48adafa14804dd6c2b','bacf76f7b4d34e64ba15f11d7ca54eb7','金堂县'),('65991a350bd844d5875eb777599cc879','921a70300be542b5900129434309dcba','藁城区'),('66cdc68743fb43978c0ef8e98dfe6131','8867a13999704d84abd1455eddaa97d2','江宁区'),('672342e6af8543e489cae7d13578d7d9','44f58bc8d0814ef09d7ddce32ae5592c','长宁区'),('6bffcab59eb14afcab294599a1121a7b','cd2031d77c174553aa6b9dca867c9ffd','浑南区'),('6dfb34d2aa714736b6c3b9cce7c5499f','921a70300be542b5900129434309dcba','新乐市'),('6f2b39971ce04f4da8e9e9decb164347','8867a13999704d84abd1455eddaa97d2','溧水区'),('746cb48485cb44c8afa37e7e7c5350bc','bacf76f7b4d34e64ba15f11d7ca54eb7','大邑县'),('78f4af7bda7d4157b13a7bb8449eb181','f0f98590ac9d49d294334185fd6a0a62','北碚区'),('7a7ff043cd484b05834b4654848d9bdf','f0f98590ac9d49d294334185fd6a0a62','潼南区'),('7af8b0f6f13a499890b8a1f5c481d75d','f0f98590ac9d49d294334185fd6a0a62','江北区'),('80295846ab0b4e02b8b29c3d09a03eb5','bacf76f7b4d34e64ba15f11d7ca54eb7','崇州市'),('806103c045e247aba6df7b717f57f2b2','3b76060b328a482ba097c22c01f08aa6','红桥区'),('84a6fbf8d8a04d72be5678e5ed382489','f0f98590ac9d49d294334185fd6a0a62','长寿区'),('85044a00bd6b4cc999dc7c2e8a61d821','bacf76f7b4d34e64ba15f11d7ca54eb7','武侯区'),('867076d95f5047d08886864039e02c84','f0f98590ac9d49d294334185fd6a0a62','巴南区'),('8672798853bf41a89c9c06d9ffdc21e8','44f58bc8d0814ef09d7ddce32ae5592c','青浦区'),('888fa86c67ec42a485ef5a433a910703','f0f98590ac9d49d294334185fd6a0a62','璧山区'),('8f923dcdd52240958c2ab25484a7c915','bacf76f7b4d34e64ba15f11d7ca54eb7','龙泉驿区'),('903dbdcd688940a186b1e8432653fe34','f0f98590ac9d49d294334185fd6a0a62','涪陵区'),('9076138447c74f82881590b887b56789','921a70300be542b5900129434309dcba','无极县'),('9232ba0a2f8c4531858b3cf158a4bd22','bacf76f7b4d34e64ba15f11d7ca54eb7','成华区'),('936eb33ff6394323ad8b7e48e0b38dde','921a70300be542b5900129434309dcba','平山县'),('9385ee8a64e745429f2b3dd2b3b43061','f0f98590ac9d49d294334185fd6a0a62','渝中区'),('94e34be90b4c4b418b9de246e5872da7','f0f98590ac9d49d294334185fd6a0a62','江津区'),('97645fbed30a4daebba15d393610a42a','3b76060b328a482ba097c22c01f08aa6','东丽区'),('989cd6f587a04bc8a56468e3f8798a46','3b76060b328a482ba097c22c01f08aa6','南开区'),('993803d9ca454fdab91f4b1283b3ff7c','3b76060b328a482ba097c22c01f08aa6','滨海新区'),('9c3d3718dbc04b67824c4662c8d3823d','3b76060b328a482ba097c22c01f08aa6','河北区'),('9dcf293b3aa14a739323ce95fb7161e0','921a70300be542b5900129434309dcba','行唐县'),('9eefea80e7804c45a36a465630a01b3c','cd2031d77c174553aa6b9dca867c9ffd','皇姑区'),('a0421e9d7aab4128b69d56600574d94e','3b76060b328a482ba097c22c01f08aa6','静海区'),('a165b7a57f3743919f18b9c422de02db','44f58bc8d0814ef09d7ddce32ae5592c','普陀区'),('a22050976a3c49139542ff7dc9d557df','3b76060b328a482ba097c22c01f08aa6','蓟州区'),('a50dba915e884c6c84b3eff1a20081c3','cd2031d77c174553aa6b9dca867c9ffd','新民市'),('a7edf63f2e2e4eec8e1367cfcc11ba7f','921a70300be542b5900129434309dcba','新华区'),('aa3a861998a54d159fd00e4effb54270','bacf76f7b4d34e64ba15f11d7ca54eb7','邛崃市'),('aeb015b6e54d40d6a36b7e41f2dd5d7b','bacf76f7b4d34e64ba15f11d7ca54eb7','锦江区'),('afd7dbce21f6404dbb9963cbbd8cc8b2','44f58bc8d0814ef09d7ddce32ae5592c','黄浦区'),('b46544f87d214a46b8d8c4f061edfa15','f0f98590ac9d49d294334185fd6a0a62','大足区'),('b526738b87af45698201743603b4b6ad','bacf76f7b4d34e64ba15f11d7ca54eb7','彭州市'),('b62d77bc5064428b894411ca4034bf7e','921a70300be542b5900129434309dcba','桥西区'),('b6e8db8e846243e98c0ee75250579269','44f58bc8d0814ef09d7ddce32ae5592c','金山区'),('baa2b68765624239b917af6098ce4b13','3b76060b328a482ba097c22c01f08aa6','宁河区'),('c398ad1ea7734ba19bb4f3e2bba9ca50','f0f98590ac9d49d294334185fd6a0a62','南岸区'),('c419d3a2c5794cbcb349eff4663f74f6','921a70300be542b5900129434309dcba','元氏县'),('c672e627d55842c4b1ee938c087f1f67','f0f98590ac9d49d294334185fd6a0a62','沙坪坝区'),('c6a5a104e2e24e52ad6891285f6b7373','921a70300be542b5900129434309dcba','栾城区'),('ccac3fc788f5497ebaac5ffba8da2489','3b76060b328a482ba097c22c01f08aa6','河东区'),('cd4c14d8d179430d8744045317601ef3','f0f98590ac9d49d294334185fd6a0a62','黔江区'),('cd572da226e143fb8dd2f798b40bb510','3b76060b328a482ba097c22c01f08aa6','西青区'),('cde429d07c534690a9baa2f9f52d4e03','3b76060b328a482ba097c22c01f08aa6','津南区'),('d08af365c2d94191bc73e460c01ab976','bacf76f7b4d34e64ba15f11d7ca54eb7','新津区'),('d519511339124f05bf0c9cb435cb863b','921a70300be542b5900129434309dcba','深泽县'),('d560935c04954e428154f6e611ca065e','921a70300be542b5900129434309dcba','井陉矿区'),('d6b658122081497dadebc7fe0c9c7623','44f58bc8d0814ef09d7ddce32ae5592c','虹口区'),('d85cd841dec74939a95bd9f5db7d60b5','44f58bc8d0814ef09d7ddce32ae5592c','松江区'),('da7d4e0835514ad88ede937db8777d16','bacf76f7b4d34e64ba15f11d7ca54eb7','双流区'),('decef35e5ddc42958717d582fb8f4e63','921a70300be542b5900129434309dcba','高邑县'),('df9f3d7732c04a20b0f6be64febd146f','921a70300be542b5900129434309dcba','灵寿县'),('e412e77188f64e5e84faccb1e916c958','44f58bc8d0814ef09d7ddce32ae5592c','杨浦区'),('e6ee2d362c09473ca096cab42485fe86','bacf76f7b4d34e64ba15f11d7ca54eb7','郫都区'),('e7a2c586ff3e439caa2d1ab67b520ed2','3b76060b328a482ba097c22c01f08aa6','宝坻区'),('ea801c2e40e54098b2c46e311d0a9548','cd2031d77c174553aa6b9dca867c9ffd','于洪区'),('ecb9fe1279174e8e9396697f731ff28f','921a70300be542b5900129434309dcba','晋州市'),('ee57c5fb415a4b09b5b0bfbaa92936c0','8867a13999704d84abd1455eddaa97d2','雨花台区'),('eff5757bec214812ae08daf2fbaa03e4','44f58bc8d0814ef09d7ddce32ae5592c','徐汇区'),('f610e286933c42a8b1c8e6835294f289','f0f98590ac9d49d294334185fd6a0a62','南川区'),('f9aec76cf5344394a6670cfc37d23902','3b76060b328a482ba097c22c01f08aa6','武清区'),('fb2bbd97a1f14fdaa7c7b7582c445805','3b76060b328a482ba097c22c01f08aa6','和平区'),('fdf1744642ed4d458d5f418d717deda2','cd2031d77c174553aa6b9dca867c9ffd','沈河区'),('fe9feb0c0a8648de9464df1179a010f4','f0f98590ac9d49d294334185fd6a0a62','万州区'),('ff8a92b44ef148b890d6f8739b1dc3ec','44f58bc8d0814ef09d7ddce32ae5592c','嘉定区');
/*!40000 ALTER TABLE `county` ENABLE KEYS */;
UNLOCK TABLES;

--
-- Table structure for table `economize`
--

DROP TABLE IF EXISTS `economize`;
/*!40101 SET @saved_cs_client     = @@character_set_client */;
/*!50503 SET character_set_client = utf8mb4 */;
CREATE TABLE `economize` (
  `economize_id` char(32) NOT NULL,
  `economize_name` varchar(30) DEFAULT NULL,
  PRIMARY KEY (`economize_id`)
) ENGINE=InnoDB DEFAULT CHARSET=utf8mb3 COMMENT='省表';
/*!40101 SET character_set_client = @saved_cs_client */;

--
-- Dumping data for table `economize`
--

LOCK TABLES `economize` WRITE;
/*!40000 ALTER TABLE `economize` DISABLE KEYS */;
INSERT INTO `economize` VALUES ('0126ccf9dad94575b78f0b86d8566cc5','山东省'),('0973313a5e754ae8985ea2daf9cc1897','福建省'),('0a78793ac27e43d7a01bb3072b36ab75','湖南省'),('0b384cbfe8f346fdaa4498f046d2d844','浙江省'),('0eed2259ce9a459b9c6215800b2a37d6','天津市'),('14e7a0bafd2a4fd1833fc877c20f6568','河南省'),('2c679299590842798ee9022e38b4c370','江苏省'),('31f9b92a86d947baa247f967dbb9f4a2','重庆市'),('463873d39abd41b1b75f89362e925df0','陕西省'),('476e10ec84bb4d9d9431abdf4731586a','辽宁省'),('51df05938fa34678916c98ea883695c8','海南省'),('5a8e8e21c7814b45a4e974ef9a3fd6b9','北京市'),('5bc9c0827acc45f281c1a867d728149f','广东省'),('6594a04af2a6473f88fcb9e1bdd778dd','甘肃省'),('7a1bb961d3da485dbdcab5efef553c14','四川省'),('7de6b6b4c87241b69e58238ceb1b0a00','黑龙江省'),('8f969b4735cc48f38118e59fcbdb4042','安徽省'),('98fe987b7d444193aaa996c5c2de8b26','湖北省'),('9de2fad44c8743fdbd9425581db5f03d','青海省'),('a5c13f4a76f743efba8f142391cc920a','云南省'),('a8e3c0ebfcd646ae8b9547d931f29d09','吉林省'),('aeaaf9909b924688b66277ee01cc3a82','山西省'),('bd0c70b92fb74b2f898c638b4c9ead40','贵州省'),('e7e69275871a4a118fcc6d9d5dbabaaf','河北省'),('eef805110c3841ce9f8856fd016ddfca','江西省'),('f9fd6136d1704748af18479d3b491318','台湾省'),('fcf0c7f628d74615bac76b39c55129c6','上海市');
/*!40000 ALTER TABLE `economize` ENABLE KEYS */;
UNLOCK TABLES;

--
-- Table structure for table `email_verify`
--

DROP TABLE IF EXISTS `email_verify`;
/*!40101 SET @saved_cs_client     = @@character_set_client */;
/*!50503 SET character_set_client = utf8mb4 */;
CREATE TABLE `email_verify` (
  `email` text COMMENT '属于的邮箱',
  `email_verify_code` char(4) DEFAULT NULL COMMENT '验证码',
  `end_time` datetime DEFAULT NULL COMMENT '验证码到期时间'
) ENGINE=InnoDB DEFAULT CHARSET=utf8mb3 COMMENT='邮箱验证表';
/*!40101 SET character_set_client = @saved_cs_client */;

--
-- Dumping data for table `email_verify`
--

LOCK TABLES `email_verify` WRITE;
/*!40000 ALTER TABLE `email_verify` DISABLE KEYS */;
INSERT INTO `email_verify` VALUES ('488089248@qq.com','5095','2025-04-08 10:08:57'),('488089248@qq.com','0745','2025-04-08 10:13:12'),('488089248@qq.com','9774','2025-04-08 10:17:33'),('488089248@qq.com','1288','2025-04-08 10:19:14'),('488089248@qq.com','6889','2025-04-08 10:46:56'),('488089248@qq.com','4776','2025-04-08 10:47:56'),('488089248@qq.com','4844','2025-04-08 10:49:57'),('488089248@qq.com','7144','2025-04-08 10:51:29'),('488089248@qq.com','0810','2025-04-08 10:51:52'),('488089248@qq.com','5194','2025-04-08 11:50:39'),('488089248@qq.com','1470','2025-04-08 11:53:13'),('488089248@qq.com','2203','2025-04-08 11:53:30'),('488089248@qq.com','8824','2025-04-08 11:53:35'),('488089248@qq.com','2773','2025-04-08 11:53:43'),('488089248@qq.com','7337','2025-04-08 11:53:50'),('488089248@qq.com','4071','2025-04-08 11:54:01'),('488089248@qq.com','6116','2025-04-08 11:54:14'),('488089248@qq.com','2718','2025-04-08 11:54:20'),('488089248@qq.com','3193','2025-04-08 11:54:33'),('488089248@qq.com','4622','2025-04-08 11:55:29'),('488089248@qq.com','5596','2025-04-08 11:58:19'),('488089248@qq.com','0387','2025-04-08 11:59:10'),('488089248@qq.com','7943','2025-04-08 12:00:10'),('488089248@qq.com','8994','2025-04-08 23:16:20'),('488089248@qq.com','8248','2025-04-08 23:19:36'),('488089248@qq.com','5555','2025-04-09 09:40:52'),('488089248@qq.com','1830','2025-04-23 14:55:35'),('488089248@qq.com','7871','2025-05-08 18:20:08'),('488089248@qq.com','6086','2025-05-08 18:20:24'),('488089248@qq.com','4424','2025-05-08 18:20:26'),('488089248@qq.com','2891','2025-05-08 18:20:26'),('488089248@qq.com','6278','2025-05-08 18:20:28'),('488089248@qq.com','9608','2025-05-08 18:20:28'),('488089248@qq.com','9481','2025-05-08 18:20:30'),('488089248@qq.com','5703','2025-05-08 18:20:52'),('488089248@qq.com','7530','2025-05-08 18:25:02'),('488089248@qq.com','7667','2025-05-08 18:25:04'),('488089248@qq.com','2745','2025-05-08 18:25:05'),('488089248@qq.com','4782','2025-05-08 18:25:06'),('488089248@qq.com','0602','2025-05-08 18:25:07'),('488089248@qq.com','8482','2025-05-08 18:25:08'),('488089248@qq.com','6417','2025-05-08 18:25:09'),('488089248@qq.com','2071','2025-05-08 18:25:10'),('488089248@qq.com','4469','2025-05-08 18:25:11'),('488089248@qq.com','4844','2025-05-08 18:25:12'),('488089248@qq.com','8826','2025-05-08 18:25:13'),('488089248@qq.com','8125','2025-05-08 18:35:51'),('488089248@qq.com','3715','2025-05-08 18:41:33'),('488089248@qq.com','1085','2025-05-08 18:47:27'),('488089248@qq.com','0062','2025-05-08 18:49:37'),('488089248@qq.com','4617','2025-05-08 18:50:36'),('488089248@qq.com','2328','2025-05-08 18:55:42'),('488089248@qq.com','8585','2025-05-08 18:59:34'),('488089248@qq.com','1130','2025-05-08 19:00:02'),('488089248@qq.com','4691','2025-05-08 19:03:17'),('488089248@qq.com','5486','2025-05-08 19:03:41'),('488089248@qq.com','9609','2025-05-08 19:03:46'),('488089248@qq.com','9431','2025-05-08 19:04:48'),('488089248@qq.com','9235','2025-05-08 19:06:15'),('488089248@qq.com','5239','2025-05-08 19:10:01'),('488089248@qq.com','4453','2025-05-08 19:12:48'),('488089248@qq.com','1979','2025-05-08 19:17:41'),('488089248@qq.com','1155','2025-05-08 19:18:07'),('488089248@qq.com','9908','2025-05-08 19:18:17'),('488089248@qq.com','0459','2025-05-08 19:18:46'),('488089248@qq.com','2830','2025-05-08 19:20:23'),('488089248@qq.com','7585','2025-05-08 19:20:45'),('488089248@qq.com','3916','2025-05-08 19:22:56');
/*!40000 ALTER TABLE `email_verify` ENABLE KEYS */;
UNLOCK TABLES;

--
-- Table structure for table `freeze`
--

DROP TABLE IF EXISTS `freeze`;
/*!40101 SET @saved_cs_client     = @@character_set_client */;
/*!50503 SET character_set_client = utf8mb4 */;
CREATE TABLE `freeze` (
  `platform_management_id` char(32) DEFAULT NULL COMMENT '处理人',
  `user_id` char(32) DEFAULT NULL COMMENT '被冻结的用户',
  `freeze_reson` text COMMENT '冻结的理由',
  KEY `FK_Reference_7` (`platform_management_id`),
  KEY `FK_Reference_8` (`user_id`),
  CONSTRAINT `FK_Reference_7` FOREIGN KEY (`platform_management_id`) REFERENCES `platform_management` (`platform_management_id`) ON DELETE RESTRICT ON UPDATE RESTRICT,
  CONSTRAINT `FK_Reference_8` FOREIGN KEY (`user_id`) REFERENCES `user` (`user_id`) ON DELETE RESTRICT ON UPDATE RESTRICT
) ENGINE=InnoDB DEFAULT CHARSET=utf8mb3 COMMENT='账号冻结表';
/*!40101 SET character_set_client = @saved_cs_client */;

--
-- Dumping data for table `freeze`
--

LOCK TABLES `freeze` WRITE;
/*!40000 ALTER TABLE `freeze` DISABLE KEYS */;
/*!40000 ALTER TABLE `freeze` ENABLE KEYS */;
UNLOCK TABLES;

--
-- Table structure for table `global_profile_picture`
--

DROP TABLE IF EXISTS `global_profile_picture`;
/*!40101 SET @saved_cs_client     = @@character_set_client */;
/*!50503 SET character_set_client = utf8mb4 */;
CREATE TABLE `global_profile_picture` (
  `global_profile_picture` text
) ENGINE=InnoDB DEFAULT CHARSET=utf8mb3 COMMENT='头像表，初始头像会随机从其中选取';
/*!40101 SET character_set_client = @saved_cs_client */;

--
-- Dumping data for table `global_profile_picture`
--

LOCK TABLES `global_profile_picture` WRITE;
/*!40000 ALTER TABLE `global_profile_picture` DISABLE KEYS */;
INSERT INTO `global_profile_picture` VALUES ('https://pic2.zhimg.com/v2-8d3f288feae0e511dee5c3d6735ca999_1440w.jpg'),('https://picx.zhimg.com/v2-e23e2883c26855db1534ce359f2b0efd_1440w.jpg'),('https://picx.zhimg.com/v2-e23e2883c26855db1534ce359f2b0efd_1440w.jpg'),('https://pica.zhimg.com/v2-22d0d0e0f0ccd86b5a8c697afadc8b42_1440w.jpg'),('https://pic1.zhimg.com/v2-063fef993808387e84ab64061e9be356_1440w.jpg'),('https://pic2.zhimg.com/v2-86b356a32e20cb5f91c3568614df54a3_1440w.jpg'),('https://pic2.zhimg.com/v2-063b36befbb6600973fafefb03ca63cf_1440w.jpg'),('https://pic4.zhimg.com/v2-ab33c04a5b60d584f05f9d9b42fe627d_1440w.jpg'),('https://pic3.zhimg.com/v2-692288bf53e159138aa980ea27bc2fd2_1440w.jpg'),('https://picx.zhimg.com/v2-e3293b7bb17a8a69752d2fb9bf5bb50b_1440w.jpg'),('https://pic2.zhimg.com/v2-459ba76d097040457a2bea7746c3bf8f_1440w.jpg'),('https://pic4.zhimg.com/v2-1c0a4191f20e7cb905dc3cbd91eaf9e9_1440w.jpg'),('https://pic1.zhimg.com/v2-d327ca21ec78d29675b0b500607e2440_1440w.jpg'),('https://pic1.zhimg.com/v2-cdbeafc8908752452fc1498ccfaf9b2e_1440w.jpg'),('https://pica.zhimg.com/v2-e22f8013c35b6ca2f4e0f01c11f59fbc_1440w.jpg'),('https://pic4.zhimg.com/v2-42fed6c0524ccab8292a8620930c204f_1440w.jpg'),('https://pic1.zhimg.com/v2-1256a952424e980f33da484fc39a14b4_1440w.jpg'),('https://pica.zhimg.com/v2-a4a3d21f9746048d4cb811c2c49efb4e_1440w.jpg'),('https://picx.zhimg.com/v2-a9d7f47f5cff0afbb19675b24406ed47_1440w.jpg'),('https://pic2.zhimg.com/v2-fa46dbe10c751cf3b2f0e3446583de91_1440w.jpg');
/*!40000 ALTER TABLE `global_profile_picture` ENABLE KEYS */;
UNLOCK TABLES;

--
-- Table structure for table `market`
--

DROP TABLE IF EXISTS `market`;
/*!40101 SET @saved_cs_client     = @@character_set_client */;
/*!50503 SET character_set_client = utf8mb4 */;
CREATE TABLE `market` (
  `market_id` char(32) NOT NULL,
  `economize_id` char(32) DEFAULT NULL,
  `market_name` char(30) DEFAULT NULL,
  PRIMARY KEY (`market_id`),
  KEY `FK_Reference_1` (`economize_id`),
  CONSTRAINT `FK_Reference_1` FOREIGN KEY (`economize_id`) REFERENCES `economize` (`economize_id`) ON DELETE RESTRICT ON UPDATE RESTRICT
) ENGINE=InnoDB DEFAULT CHARSET=utf8mb3 COMMENT='市县表';
/*!40101 SET character_set_client = @saved_cs_client */;

--
-- Dumping data for table `market`
--

LOCK TABLES `market` WRITE;
/*!40000 ALTER TABLE `market` DISABLE KEYS */;
INSERT INTO `market` VALUES ('3b76060b328a482ba097c22c01f08aa6','0eed2259ce9a459b9c6215800b2a37d6','天津市'),('44f58bc8d0814ef09d7ddce32ae5592c','fcf0c7f628d74615bac76b39c55129c6','上海市'),('8867a13999704d84abd1455eddaa97d2','2c679299590842798ee9022e38b4c370','南京市'),('921a70300be542b5900129434309dcba','e7e69275871a4a118fcc6d9d5dbabaaf','石家庄市'),('bacf76f7b4d34e64ba15f11d7ca54eb7','7a1bb961d3da485dbdcab5efef553c14','成都市'),('cd2031d77c174553aa6b9dca867c9ffd','476e10ec84bb4d9d9431abdf4731586a','沈阳市'),('f0f98590ac9d49d294334185fd6a0a62','31f9b92a86d947baa247f967dbb9f4a2','重庆市');
/*!40000 ALTER TABLE `market` ENABLE KEYS */;
UNLOCK TABLES;

--
-- Table structure for table `mobile_display`
--

DROP TABLE IF EXISTS `mobile_display`;
/*!40101 SET @saved_cs_client     = @@character_set_client */;
/*!50503 SET character_set_client = utf8mb4 */;
CREATE TABLE `mobile_display` (
  `movie_id` char(32) DEFAULT NULL COMMENT '关联的电影',
  `mobile_display_image` text COMMENT '轮动的图片',
  `mobile_display_end_time` datetime DEFAULT ((now() + interval 43200 minute)) COMMENT '轮动到期的时间，默认为一个月',
  KEY `FK_Reference_6` (`movie_id`),
  CONSTRAINT `FK_Reference_6` FOREIGN KEY (`movie_id`) REFERENCES `movie` (`movie_id`) ON DELETE RESTRICT ON UPDATE RESTRICT
) ENGINE=InnoDB DEFAULT CHARSET=utf8mb3 COMMENT='轮动图表';
/*!40101 SET character_set_client = @saved_cs_client */;

--
-- Dumping data for table `mobile_display`
--

LOCK TABLES `mobile_display` WRITE;
/*!40000 ALTER TABLE `mobile_display` DISABLE KEYS */;
INSERT INTO `mobile_display` VALUES ('5cd19faca65c4f38b662a176c8b2006d','https://wework.qpic.cn/wwpic3az/986933_jZeyWOPzR3uKLPp_1709299667/0','2025-05-27 16:00:00'),('002b489eb2794b94a9e41b8c3d606cad','https://wework.qpic.cn/wwpic3az/119686_IcUyeu2TTb6j_cG_1729043087/0','2025-05-29 16:00:00'),('34ec2df22f12453c816c5d3311ec3022','https://wework.qpic.cn/wwpic3az/85526_8ph0ax1JQs2nj7__1735276298/0','2025-06-22 16:00:00'),('125cf133171244b8bc76aae1d7bf54a8','https://wework.qpic.cn/wwpic3az/897906_T1oos4MtRBqjwut_1713019774/0','2025-06-29 16:00:00'),('8c5b2df8c1764e94b15e1d77b6789cb7','https://wework.qpic.cn/wwpic/767993_WOAGXdeVRgaQB2l_1668606817/0','2026-05-30 16:00:00');
/*!40000 ALTER TABLE `mobile_display` ENABLE KEYS */;
UNLOCK TABLES;

--
-- Table structure for table `movie`
--

DROP TABLE IF EXISTS `movie`;
/*!40101 SET @saved_cs_client     = @@character_set_client */;
/*!50503 SET character_set_client = utf8mb4 */;
CREATE TABLE `movie` (
  `movie_id` char(32) NOT NULL COMMENT '电影id',
  `movie_name` varchar(30) DEFAULT NULL COMMENT '电影名称',
  `movie_start_time` datetime DEFAULT NULL COMMENT '电影上映的时间',
  `movie_duration` varchar(20) DEFAULT NULL COMMENT '电影时长',
  `director` varchar(20) DEFAULT NULL COMMENT '电影导演',
  `star` text COMMENT '电影主演',
  `introduction` text COMMENT '电影介绍',
  `score` double(10,2) DEFAULT '10.00' COMMENT '电影评分，默认满分',
  `poster_image` text COMMENT '列表展示的图片',
  `issuing_region` varchar(20) DEFAULT NULL COMMENT '电影发行的地区',
  PRIMARY KEY (`movie_id`)
) ENGINE=InnoDB DEFAULT CHARSET=utf8mb3 COMMENT='电影表';
/*!40101 SET character_set_client = @saved_cs_client */;

--
-- Dumping data for table `movie`
--

LOCK TABLES `movie` WRITE;
/*!40000 ALTER TABLE `movie` DISABLE KEYS */;
INSERT INTO `movie` VALUES ('002b489eb2794b94a9e41b8c3d606cad','异形：夺命舰','2024-08-15 16:00:00','120分钟','费德·阿尔瓦雷兹','卡莉·史派妮,戴维·荣松,阿奇·雷诺伊,莎贝拉·莫塞德,斯派克·费恩,吴爱玲,丹尼尔·贝茨,伊安·霍姆,特雷沃·纽林,罗伯特·博布罗茨基,安妮玛丽·格里格斯,罗茜·伊德,索玛·西蒙,本斯·欧科克,维克托·欧利祖','一群年轻工人在2142年探索一座废弃空间站时，意外遭遇了宇宙中最可怕的生命体——异形。在这座狭窄幽暗、危机四伏的空间站中，他们展开了一场生死逃亡',7.40,'https://wework.qpic.cn/wwpic3az/107649_gKkyafcqRnG796E_1729042784/0','美国'),('125cf133171244b8bc76aae1d7bf54a8','沙丘2','2024-02-07 16:00:00','120分钟','丹尼斯·维伦纽瓦','提莫西·查拉梅、赞达亚、丽贝卡·弗格森、哈维尔·巴登、乔什·布洛林、奥斯汀·巴特勒、弗洛伦丝·皮尤、戴夫·巴蒂斯塔、克里斯托弗·沃肯、蕾雅·赛杜、斯特兰·斯卡斯加德、夏洛特·兰普林、安雅·泰勒-乔伊、索海拉·雅各布、巴布斯·奥卢桑莫昆、袁之正、艾莉森·霍尔斯特德、朱西·梅里凯特·泰森、塔拉·布雷思纳克、Akiko Hitomi','《沙丘2》是一部2024年的科幻动作电影，承接第一部剧情，讲述保罗·厄崔迪（提莫西·查拉梅 Timothée Chalamet 饰）被帕迪沙皇帝和哈克南人联手灭族后，在厄拉科斯星球遇到弗雷曼女战士契妮（赞达亚 Zendaya 饰）以及加入弗雷曼人后展开的传奇旅程',8.20,'https://wework.qpic.cn/wwpic3az/429030_hJ118c9lQNmMjKm_1713019478/0','法国'),('31ba14f1044c4d67b0ae847f37addd0b','心灵驿站','2003-10-02 16:00:00','120分钟','汤姆·麦卡锡','彼特·丁拉基、派翠西娅·克拉克森、鲍比·坎纳瓦尔、乔什·帕斯、保罗·本杰明、Jase Blankfort、鲍拉·加茜丝、理查德·坎德林、恩·科恩、瑞雯·古德温、马拉·苏查雷特、扎米歇尔·威廉姆斯、杰西·巴托克、乔·洛·特鲁格里奥、约翰·斯拉特里、麦丽·弗拉纳甘、Sarah Bolger、伊林·盖特兹、Jeremy Bergman','矮小的芬巴搬至乡下废弃火车站，与女画家、热狗小贩等邻居相处，逐渐敞开心扉。',8.10,'https://wework.qpic.cn/wwpic3az/286897_CzotynZ1RryoY4D_1745921654/0','美国'),('34ec2df22f12453c816c5d3311ec3022','角斗士2','2024-11-14 16:00:00','120分钟','雷德利·斯科特','保罗·麦斯卡,佩德罗·帕斯卡,康妮·尼尔森,丹泽尔·华盛顿,约瑟夫·奎恩,弗莱德·赫钦格,德里克·雅各比,尤瓦·戈南,罗伊·麦克凯恩,彼得·门萨,马特·卢卡斯,提姆·麦克纳尼,亚历山大·卡里姆,利奥·拉兹,亚历克·乌特戈夫,李·查尔斯,奇迪·阿朱福,齐·刘易斯-帕里,阿尔菲·坦佩斯特,莱恩·安塞尔','路奇乌斯（保罗·麦斯卡 饰）在父亲马克西蒙斯战死后，放弃了本属于他的荣誉，被母亲送出罗马。多年后，命运将他带回罗马，并带进了父亲曾经的战场——角斗场，似乎搏斗就是他的宿命。此时的罗马帝国，正处于卡拉卡拉（弗莱德·赫辛格 饰）和盖塔（约瑟夫·奎恩 饰）两兄弟共治的时代。一心复仇的路奇乌斯被神秘的罗马政客马克里努斯（丹泽尔·华盛顿 饰）看中，马克里努斯想要利用他的战斗实力向崇尚暴力的罗马皇帝献殷勤，以谋求自身上位。眼看在皇帝的残暴统治下帝国的未来岌岌可危，满怀怒火的路奇乌斯决心讨回本属于他的权力和荣誉，还人民一个辉煌的罗马。',6.70,'https://wework.qpic.cn/wwpic3az/268999_s5oSnTM5RAWaP8E_1735275961/0','英国'),('5cd19faca65c4f38b662a176c8b2006d','2023犯罪动作《周处除三害》HD1080P.国语中字','2023-10-05 16:00:00','120分钟','黄精甫','阮经天,袁富华,陈以文,王净,李李仁,谢琼煖,陈秉佑,曾珮瑜,游安顺,刘子铨,吴奕蓉,黄迪扬,曾向镇,沈威年,杨迦恩,曾皓泽,郑永岳,张启乐,苏耀庭,郑有杰,盛鉴,练家豪,李明哲,廖威迪,罗振佑,王又正,林君柔,黄瀚德,刘子朋,罗能华,许莉廷,林瑞华,刘禾育,郭容腾,李年雄,许德城,黄惠卿,刘昕昊','主人公周处如何斩杀恶鲨并改恶从善的经历。该片主角陈桂林，作为一名背负罪行寻求救赎者的象征性人物，最初决意铲除被通缉的两名犯罪首领以洗清罪责，随之展开了一连串引人入胜的剧情。',8.40,'https://wework.qpic.cn/wwpic3az/244114_BWPVSh2mSseQMLg_1709299383/0','中国台湾'),('8c5b2df8c1764e94b15e1d77b6789cb7','2022科幻动作《黑亚当》HD1080P.英语中英双字','2022-10-18 16:00:00','120分钟','佐米·希尔拉','道恩·强森、阿尔迪斯·霍吉、皮尔斯·布鲁斯南、诺亚·琴蒂内奥、莎拉·夏希、昆泰莎·斯文戴尔、马尔万·肯扎里、博德希·萨邦圭、穆罕默德·阿米尔、詹姆斯·卡萨蒂-莫耶尔、哈隆·克里斯蒂安、本杰明·帕特森、奥德娅·哈尔维、乌利·拉图基孚、詹尼佛·霍兰德、亨利·温克勒、哈伊姆·吉拉菲、杰曼·翰苏、桑娜·海恩斯、托内亚·斯图尔特、帕特里克·萨邦圭、约瑟夫·盖特、杰梅因·里弗斯、里贾纳·陈婷、卡梅隆·莫伊尔、德里克·罗素、小安杰尔·罗萨里奥、克里斯托弗·马修·库克、娜塔莉·伯恩、亨利·卡维尔、维奥拉·戴维斯、施奎塔·詹姆斯、拉希姆·赖利','《黑亚当》是一部2022年的科幻动作电影，讲述了黑亚当（道恩·强森饰）被赋予了古代诸神的力量，但被封印五千年后重见天日，并以自己的方式行使正义的故事',5.80,'https://wework.qpic.cn/wwpic/866379_OzGc2itLQDGsbeF_1668606555/0','法国'),('9e353b9872a949afa7dfa69517721587','绣衣使·西汉迷案','2025-04-09 16:00:00','120分钟','郭玉龙','杜奕衡、侍宣、如恩、璟于、小琬、钟雷、李沛泽、淳于珊珊','西汉初年，石泉丝绸被焚，绣衣直指姜钰奉旨查案，面临国运与私情抉择',5.20,'https://wework.qpic.cn/wwpic3az/639795_2bRF1OkXQzOBdc__1745660852/0','中国大陆'),('b6d825944ee241998d0723336c407f79','流浪地球','2022-03-22 00:00:00','120分钟','郭帆','张艺谋、张译、刘昊然','太阳即将毁灭，人类在地球表面建造出巨大的推进器，寻找新家园。然而宇宙之路危机四伏，为了拯救地球，为了人类能在漫长的2500年后抵达新的家园，流浪地球时代的年轻人挺身而出...',9.30,'https://public-file-container.oss-cn-chengdu.aliyuncs.com/images/movie-ticketing-project/65572407db9541969c905da8479e33cc.jpg','中国大陆'),('c4fba4e1db164fb1ba2a7cb70fdb3155','发丘天官：昆仑墟','2021-04-15 09:41:04','120分钟','海涛','裴子添','《昆仑墟》讲述了民国年间，发丘一脉的传人张闻风为寻找父亲失踪真相，与伙伴贾鲁班、钟灵三人不得不踏上凶险万分的古墓之旅，探寻真相的故事。',5.50,'https://pic3.yzzyimg.online/upload/vod/2022-03-20/202203201647775687.jpg','中国大陆');
/*!40000 ALTER TABLE `movie` ENABLE KEYS */;
UNLOCK TABLES;

--
-- Table structure for table `movie_type`
--

DROP TABLE IF EXISTS `movie_type`;
/*!40101 SET @saved_cs_client     = @@character_set_client */;
/*!50503 SET character_set_client = utf8mb4 */;
CREATE TABLE `movie_type` (
  `movie_type_id` char(32) NOT NULL,
  `movie_type_name` char(20) DEFAULT NULL,
  PRIMARY KEY (`movie_type_id`)
) ENGINE=InnoDB DEFAULT CHARSET=utf8mb3 COMMENT='电影类型表';
/*!40101 SET character_set_client = @saved_cs_client */;

--
-- Dumping data for table `movie_type`
--

LOCK TABLES `movie_type` WRITE;
/*!40000 ALTER TABLE `movie_type` DISABLE KEYS */;
INSERT INTO `movie_type` VALUES ('104957e7161f431dbee6a3c4576ca09a','古装'),('106dee87d0c64094a31f114381999b51','惊悚'),('12bdf52e23ca45d58af9935da4c5563b','励志'),('18c161f13af84c80a124b5ad8b850d70','罪案'),('1de6d64d2f1940d7980c36fda9456250','推理'),('24f7bb4633c34b58b38b3de8c5b304e3','武侠'),('53adffe819c64551aadcbb661a7cdd2f','谍战'),('612582cb68594a1c8ec8b8c0270003f2','动作'),('63e2ddef2e9043f38e3a7b4ae67c6e07','家庭'),('6b817aeb6db343cc94146f1d0f4cc338','热血'),('6dda9036586643f29ecf558af86aa432','喜剧'),('70e0ef27439d4ef799ab592737fd431e','奇幻'),('715442cff39b4261b282e23198ee8951','言情'),('819e3980a19b4207bb22c55c75927158','益智'),('8865f526f5bd471e9befcc4382921a47','偶像'),('8c5549ce1c2b473eb8be7d1a4a25a9ea','灾难'),('947f5806d14e427bb8a787596036061a','文艺'),('9c53338b93194bf68413ba5d329101dc','科幻'),('9e39a3c9ec934001992588ec5dea7d2e','刑侦'),('a19bd8adb3f4493a9c66995416944821','悬疑'),('a545490b4bb546d6a03f209f0efd66a7','搞笑'),('a87dc02fbdf74eb784bcb5e2b8be0d92','魔幻'),('b0a62ade117b4b7083bc3b8972c89f3c','歌舞'),('b0c51169be00439dabf87ecff2ff84e2','童话'),('b53e6039d84f4adf8926b2d63dfa9631','剧情'),('d642b4fcf26c4a42b30e404eea681da6','冒险'),('eddde4d34d364c43b8bebdebb4848959','生活'),('f9d6d9819f3d410e8e76208cef290d29','动画');
/*!40000 ALTER TABLE `movie_type` ENABLE KEYS */;
UNLOCK TABLES;

--
-- Table structure for table `movie_type_middle`
--

DROP TABLE IF EXISTS `movie_type_middle`;
/*!40101 SET @saved_cs_client     = @@character_set_client */;
/*!50503 SET character_set_client = utf8mb4 */;
CREATE TABLE `movie_type_middle` (
  `movie_type_id` char(32) DEFAULT NULL,
  `movie_id` char(32) DEFAULT NULL,
  KEY `FK_Reference_4` (`movie_type_id`),
  KEY `FK_Reference_5` (`movie_id`),
  CONSTRAINT `FK_Reference_4` FOREIGN KEY (`movie_type_id`) REFERENCES `movie_type` (`movie_type_id`) ON DELETE RESTRICT ON UPDATE RESTRICT,
  CONSTRAINT `FK_Reference_5` FOREIGN KEY (`movie_id`) REFERENCES `movie` (`movie_id`) ON DELETE RESTRICT ON UPDATE RESTRICT
) ENGINE=InnoDB DEFAULT CHARSET=utf8mb3 COMMENT='电影类型中间表';
/*!40101 SET character_set_client = @saved_cs_client */;

--
-- Dumping data for table `movie_type_middle`
--

LOCK TABLES `movie_type_middle` WRITE;
/*!40000 ALTER TABLE `movie_type_middle` DISABLE KEYS */;
INSERT INTO `movie_type_middle` VALUES ('a19bd8adb3f4493a9c66995416944821','c4fba4e1db164fb1ba2a7cb70fdb3155'),('106dee87d0c64094a31f114381999b51','b6d825944ee241998d0723336c407f79'),('18c161f13af84c80a124b5ad8b850d70','5cd19faca65c4f38b662a176c8b2006d'),('a19bd8adb3f4493a9c66995416944821','5cd19faca65c4f38b662a176c8b2006d'),('612582cb68594a1c8ec8b8c0270003f2','8c5b2df8c1764e94b15e1d77b6789cb7'),('9c53338b93194bf68413ba5d329101dc','8c5b2df8c1764e94b15e1d77b6789cb7'),('d642b4fcf26c4a42b30e404eea681da6','8c5b2df8c1764e94b15e1d77b6789cb7'),('612582cb68594a1c8ec8b8c0270003f2','9e353b9872a949afa7dfa69517721587'),('70e0ef27439d4ef799ab592737fd431e','9e353b9872a949afa7dfa69517721587'),('104957e7161f431dbee6a3c4576ca09a','9e353b9872a949afa7dfa69517721587'),('24f7bb4633c34b58b38b3de8c5b304e3','9e353b9872a949afa7dfa69517721587'),('106dee87d0c64094a31f114381999b51','002b489eb2794b94a9e41b8c3d606cad'),('a87dc02fbdf74eb784bcb5e2b8be0d92','002b489eb2794b94a9e41b8c3d606cad'),('612582cb68594a1c8ec8b8c0270003f2','125cf133171244b8bc76aae1d7bf54a8'),('9c53338b93194bf68413ba5d329101dc','125cf133171244b8bc76aae1d7bf54a8'),('b53e6039d84f4adf8926b2d63dfa9631','125cf133171244b8bc76aae1d7bf54a8'),('d642b4fcf26c4a42b30e404eea681da6','125cf133171244b8bc76aae1d7bf54a8'),('6b817aeb6db343cc94146f1d0f4cc338','34ec2df22f12453c816c5d3311ec3022'),('d642b4fcf26c4a42b30e404eea681da6','34ec2df22f12453c816c5d3311ec3022'),('6dda9036586643f29ecf558af86aa432','31ba14f1044c4d67b0ae847f37addd0b'),('b53e6039d84f4adf8926b2d63dfa9631','31ba14f1044c4d67b0ae847f37addd0b');
/*!40000 ALTER TABLE `movie_type_middle` ENABLE KEYS */;
UNLOCK TABLES;

--
-- Table structure for table `order`
--

DROP TABLE IF EXISTS `order`;
/*!40101 SET @saved_cs_client     = @@character_set_client */;
/*!50503 SET character_set_client = utf8mb4 */;
CREATE TABLE `order` (
  `order_id` char(32) NOT NULL,
  `user_id` char(32) DEFAULT NULL,
  `slice_arrangement_id` char(32) DEFAULT NULL COMMENT '影院排片表id',
  `vote_all_price` double(10,2) DEFAULT NULL COMMENT '购票价格 ',
  `seats` json DEFAULT NULL COMMENT '座位（数组中存储坐标对象） ',
  `vote_pay_state` int DEFAULT '0' COMMENT '购票状态（0：未支付，1：已支付未使用，2：已支付已使用，3：支付超时，4，已取消支付）',
  `pay_timeout` datetime DEFAULT ((now() + interval 15 minute)) COMMENT '支付超时时间',
  `create_time` datetime DEFAULT CURRENT_TIMESTAMP COMMENT '订单创建时间，默认当前时间',
  `code_image` text COMMENT '验票二维码',
  PRIMARY KEY (`order_id`),
  KEY `FK_Reference_16` (`user_id`),
  KEY `FK_Reference_17` (`slice_arrangement_id`),
  CONSTRAINT `FK_Reference_16` FOREIGN KEY (`user_id`) REFERENCES `user` (`user_id`) ON DELETE RESTRICT ON UPDATE RESTRICT,
  CONSTRAINT `FK_Reference_17` FOREIGN KEY (`slice_arrangement_id`) REFERENCES `slice_arrangement` (`slice_arrangement_id`) ON DELETE RESTRICT ON UPDATE RESTRICT
) ENGINE=InnoDB DEFAULT CHARSET=utf8mb3 COMMENT='订单表';
/*!40101 SET character_set_client = @saved_cs_client */;

--
-- Dumping data for table `order`
--

LOCK TABLES `order` WRITE;
/*!40000 ALTER TABLE `order` DISABLE KEYS */;
INSERT INTO `order` VALUES ('0ecf842375fb48dfb5f337b909008546','38a30d72ef774288be8ab945fe7954f6','726156477cc947ec9a11e759a17a7931',318.00,'[{\"x\": 7, \"y\": 12, \"seat\": true, \"color\": \"green\", \"isBuy\": false, \"isSelected\": true, \"borderColor\": \"black\"}, {\"x\": 8, \"y\": 12, \"seat\": true, \"color\": \"green\", \"isBuy\": false, \"isSelected\": true, \"borderColor\": \"black\"}, {\"x\": 7, \"y\": 13, \"seat\": true, \"color\": \"green\", \"isBuy\": false, \"isSelected\": true, \"borderColor\": \"black\"}, {\"x\": 8, \"y\": 13, \"seat\": true, \"color\": \"green\", \"isBuy\": false, \"isSelected\": true, \"borderColor\": \"black\"}, {\"x\": 6, \"y\": 12, \"seat\": true, \"color\": \"green\", \"isBuy\": false, \"isSelected\": true, \"borderColor\": \"black\"}, {\"x\": 6, \"y\": 13, \"seat\": true, \"color\": \"green\", \"isBuy\": false, \"isSelected\": true, \"borderColor\": \"black\"}]',1,'2025-05-07 11:57:49','2025-04-20 11:42:49',NULL),('2583f40c77c541ebb67307674e18f930','38a30d72ef774288be8ab945fe7954f6','d2814f47e7064896a779c1edeaf85264',72.66,'[{\"x\": 3, \"y\": 4, \"seat\": true, \"color\": \"green\", \"isBuy\": false, \"isSelected\": true, \"borderColor\": \"black\"}, {\"x\": 3, \"y\": 5, \"seat\": true, \"color\": \"green\", \"isBuy\": false, \"isSelected\": true, \"borderColor\": \"black\"}]',1,'2025-05-08 14:28:48','2025-05-08 14:13:48',NULL),('2c233928973d4030a8a5038eb10de95c','38a30d72ef774288be8ab945fe7954f6','726156477cc947ec9a11e759a17a7931',53.00,'[{\"x\": 7, \"y\": 5, \"seat\": true, \"color\": \"green\", \"isBuy\": false, \"isSelected\": true, \"borderColor\": \"black\"}]',1,'2025-05-07 11:58:29','2025-04-18 11:43:29',NULL),('353ec3a403924b538b5cbeb7e3ee902e','38a30d72ef774288be8ab945fe7954f6','e143edd01be24607bdba0283b435ae3b',89.60,'[{\"x\": 5, \"y\": 5, \"seat\": true, \"color\": \"green\", \"isBuy\": false, \"isSelected\": true, \"borderColor\": \"black\"}]',1,'2025-05-08 12:24:38','2025-05-08 12:09:38',NULL),('3b85de5cfff94473bc017d51a4a01375','38a30d72ef774288be8ab945fe7954f6','22ba22469058423f98fd1f027a0d0944',69.30,'[{\"x\": 2, \"y\": 12, \"seat\": true, \"color\": \"green\", \"isBuy\": false, \"isSelected\": true, \"borderColor\": \"black\"}]',1,'2025-05-07 11:59:10','2025-04-19 11:44:10',NULL),('41470417a073409495222f2709ddc963','38a30d72ef774288be8ab945fe7954f6','6a02de7b74214469bad4e9cce28e8ddd',94.40,'[{\"x\": 3, \"y\": 4, \"seat\": true, \"color\": \"green\", \"isBuy\": false, \"isSelected\": true, \"borderColor\": \"black\"}, {\"x\": 2, \"y\": 5, \"seat\": true, \"color\": \"green\", \"isBuy\": false, \"isSelected\": true, \"borderColor\": \"black\"}, {\"x\": 3, \"y\": 5, \"seat\": true, \"color\": \"green\", \"isBuy\": false, \"isSelected\": true, \"borderColor\": \"black\"}, {\"x\": 3, \"y\": 6, \"seat\": true, \"color\": \"green\", \"isBuy\": false, \"isSelected\": true, \"borderColor\": \"black\"}]',1,'2025-05-06 10:33:46','2025-04-30 10:18:46',NULL),('4f624aaf819b49f1a1733d54b4380a98','38a30d72ef774288be8ab945fe7954f6','6a02de7b74214469bad4e9cce28e8ddd',70.80,'[{\"x\": 5, \"y\": 4, \"seat\": true, \"color\": \"green\", \"isBuy\": false, \"isSelected\": true, \"borderColor\": \"black\"}, {\"x\": 5, \"y\": 5, \"seat\": true, \"color\": \"green\", \"isBuy\": false, \"isSelected\": true, \"borderColor\": \"black\"}, {\"x\": 5, \"y\": 6, \"seat\": true, \"color\": \"green\", \"isBuy\": false, \"isSelected\": true, \"borderColor\": \"black\"}]',4,'2025-05-06 11:03:25','2025-04-06 10:48:25',NULL),('512181b9723542a8bc9ef4a1d91a6ee1','38a30d72ef774288be8ab945fe7954f6','60d04a489fe3481bb754a4f53e51ef8d',37.55,'[{\"x\": 6, \"y\": 1, \"seat\": true, \"color\": \"green\", \"isBuy\": false, \"isSelected\": true, \"borderColor\": \"black\"}]',1,'2025-05-08 09:15:36','2025-05-08 09:00:36',NULL),('5a719f1cfaff40b48bc982e9626b7886','38a30d72ef774288be8ab945fe7954f6','e143edd01be24607bdba0283b435ae3b',89.60,'[{\"x\": 6, \"y\": 6, \"seat\": true, \"color\": \"green\", \"isBuy\": false, \"isSelected\": true, \"borderColor\": \"black\"}]',1,'2025-05-08 21:04:34','2025-05-08 20:49:34',NULL),('60848bbaf6d34361bbd59dc0084ead35','38a30d72ef774288be8ab945fe7954f6','22ba22469058423f98fd1f027a0d0944',69.30,'[{\"x\": 3, \"y\": 15, \"seat\": true, \"color\": \"green\", \"isBuy\": false, \"isSelected\": true, \"borderColor\": \"black\"}]',1,'2025-05-07 11:59:19','2025-04-07 11:44:19',NULL),('6dcf6e7ab8344ea08afbe6258dccc264','38a30d72ef774288be8ab945fe7954f6','2a1d1c219905402989a30460f344787e',72.40,'[{\"x\": 4, \"y\": 10, \"seat\": true, \"color\": \"green\", \"isBuy\": false, \"isSelected\": true, \"borderColor\": \"black\"}, {\"x\": 4, \"y\": 11, \"seat\": true, \"color\": \"green\", \"isBuy\": false, \"isSelected\": true, \"borderColor\": \"black\"}]',3,'2025-05-01 13:29:43','2025-05-01 13:14:43',NULL),('7349d219ddc04f2aab237458c49bc397','38a30d72ef774288be8ab945fe7954f6','6a02de7b74214469bad4e9cce28e8ddd',47.20,'[{\"x\": 2, \"y\": 6, \"seat\": true, \"color\": \"green\", \"isBuy\": false, \"isSelected\": true, \"borderColor\": \"black\"}, {\"x\": 2, \"y\": 4, \"seat\": true, \"color\": \"green\", \"isBuy\": false, \"isSelected\": true, \"borderColor\": \"black\"}]',4,'2025-05-06 10:34:42','2025-05-06 10:19:42',NULL),('804c1ee7903d4ed1bb0643cc4a84a83f','38a30d72ef774288be8ab945fe7954f6','6a02de7b74214469bad4e9cce28e8ddd',94.40,'[{\"x\": 3, \"y\": 4, \"seat\": true, \"color\": \"green\", \"isBuy\": false, \"isSelected\": true, \"borderColor\": \"black\"}, {\"x\": 2, \"y\": 5, \"seat\": true, \"color\": \"green\", \"isBuy\": false, \"isSelected\": true, \"borderColor\": \"black\"}, {\"x\": 3, \"y\": 6, \"seat\": true, \"color\": \"green\", \"isBuy\": false, \"isSelected\": true, \"borderColor\": \"black\"}, {\"x\": 3, \"y\": 5, \"seat\": true, \"color\": \"green\", \"isBuy\": false, \"isSelected\": true, \"borderColor\": \"black\"}]',3,'2025-05-06 10:14:00','2025-05-06 09:59:00',NULL),('826fc2831b9a42b39307fe994ff7eb06','38a30d72ef774288be8ab945fe7954f6','2a1d1c219905402989a30460f344787e',36.20,'[{\"x\": 4, \"y\": 11, \"seat\": true, \"color\": \"green\", \"isBuy\": false, \"isSelected\": true, \"borderColor\": \"black\"}]',3,'2025-05-03 13:36:49','2025-05-03 13:21:49',NULL),('c093a2e088704caeac0177baadfb9c4f','38a30d72ef774288be8ab945fe7954f6','2a1d1c219905402989a30460f344787e',36.20,'[{\"x\": 4, \"y\": 10, \"seat\": true, \"color\": \"green\", \"isBuy\": false, \"isSelected\": true, \"borderColor\": \"black\"}]',1,'2025-05-03 20:06:04','2025-05-03 19:51:04',NULL),('c42a1b1dd09d4ddd80861775c1eef704','38a30d72ef774288be8ab945fe7954f6','726156477cc947ec9a11e759a17a7931',53.00,'[{\"x\": 10, \"y\": 17, \"seat\": true, \"color\": \"green\", \"isBuy\": false, \"isSelected\": true, \"borderColor\": \"black\"}]',4,'2025-05-08 12:24:48','2025-05-08 12:09:48',NULL),('ccb4611802ee48ea8f9490edc669494c','38a30d72ef774288be8ab945fe7954f6','22ba22469058423f98fd1f027a0d0944',69.30,'[{\"x\": 8, \"y\": 5, \"seat\": true, \"color\": \"green\", \"isBuy\": false, \"isSelected\": true, \"borderColor\": \"black\"}]',1,'2025-05-07 11:59:00','2025-04-29 11:44:00',NULL),('cf939f36403f4dfc8736569966484032','38a30d72ef774288be8ab945fe7954f6','e143edd01be24607bdba0283b435ae3b',179.20,'[{\"x\": 3, \"y\": 5, \"seat\": true, \"color\": \"green\", \"isBuy\": false, \"isSelected\": true, \"borderColor\": \"black\"}, {\"x\": 3, \"y\": 6, \"seat\": true, \"color\": \"green\", \"isBuy\": false, \"isSelected\": true, \"borderColor\": \"black\"}]',1,'2025-05-08 18:32:11','2025-05-08 18:17:11',NULL),('d2e7ca2d66ec4e4181e2fa931d9fd777','38a30d72ef774288be8ab945fe7954f6','22ba22469058423f98fd1f027a0d0944',69.30,'[{\"x\": 4, \"y\": 5, \"seat\": true, \"color\": \"green\", \"isBuy\": false, \"isSelected\": true, \"borderColor\": \"black\"}]',1,'2025-05-07 11:59:05','2025-03-15 11:44:05',NULL),('d3540e4ddc094f28b2d5f4c9c124d21b','38a30d72ef774288be8ab945fe7954f6','2a1d1c219905402989a30460f344787e',72.40,'[{\"x\": 4, \"y\": 12, \"seat\": true, \"color\": \"green\", \"isBuy\": false, \"isSelected\": true, \"borderColor\": \"black\"}, {\"x\": 4, \"y\": 13, \"seat\": true, \"color\": \"green\", \"isBuy\": false, \"isSelected\": true, \"borderColor\": \"black\"}]',3,'2025-05-03 13:06:39','2025-05-03 12:51:39',NULL),('d41c7f94811343f2856ce2678a12af70','38a30d72ef774288be8ab945fe7954f6','22ba22469058423f98fd1f027a0d0944',277.20,'[{\"x\": 10, \"y\": 18, \"seat\": true, \"color\": \"green\", \"isBuy\": false, \"isSelected\": true, \"borderColor\": \"black\"}, {\"x\": 9, \"y\": 18, \"seat\": true, \"color\": \"green\", \"isBuy\": false, \"isSelected\": true, \"borderColor\": \"black\"}, {\"x\": 9, \"y\": 19, \"seat\": true, \"color\": \"green\", \"isBuy\": false, \"isSelected\": true, \"borderColor\": \"black\"}, {\"x\": 10, \"y\": 19, \"seat\": true, \"color\": \"green\", \"isBuy\": false, \"isSelected\": true, \"borderColor\": \"black\"}]',1,'2025-05-07 11:58:42','2025-04-13 11:43:42',NULL),('d706c0be88a04ac29dab8871a56bb454','38a30d72ef774288be8ab945fe7954f6','e143edd01be24607bdba0283b435ae3b',89.60,'[{\"x\": 6, \"y\": 4, \"seat\": true, \"color\": \"green\", \"isBuy\": false, \"isSelected\": true, \"borderColor\": \"black\"}]',1,'2025-05-08 17:53:08','2025-05-08 17:38:08',NULL),('d988e30c6f2247aea91e110273296ccd','38a30d72ef774288be8ab945fe7954f6','22ba22469058423f98fd1f027a0d0944',69.30,'[{\"x\": 7, \"y\": 9, \"seat\": true, \"color\": \"green\", \"isBuy\": false, \"isSelected\": true, \"borderColor\": \"black\"}]',1,'2025-05-07 11:58:55','2025-04-14 11:43:55',NULL),('db00725ed8bc48ae9090cceeefd303b3','38a30d72ef774288be8ab945fe7954f6','e143edd01be24607bdba0283b435ae3b',89.60,'[{\"x\": 6, \"y\": 5, \"seat\": true, \"color\": \"green\", \"isBuy\": false, \"isSelected\": true, \"borderColor\": \"black\"}]',4,'2025-05-08 18:33:07','2025-05-08 18:18:07',NULL),('de5966df2cd74994942aa9648298187e','38a30d72ef774288be8ab945fe7954f6','2a1d1c219905402989a30460f344787e',108.60,'[{\"x\": 4, \"y\": 11, \"seat\": true, \"color\": \"green\", \"isBuy\": false, \"isSelected\": true, \"borderColor\": \"black\"}, {\"x\": 4, \"y\": 12, \"seat\": true, \"color\": \"green\", \"isBuy\": false, \"isSelected\": true, \"borderColor\": \"black\"}, {\"x\": 4, \"y\": 13, \"seat\": true, \"color\": \"green\", \"isBuy\": false, \"isSelected\": true, \"borderColor\": \"black\"}]',1,'2025-05-07 11:50:43','2025-04-15 11:35:43',NULL),('e55c2818509642b781437ca75416eda2','38a30d72ef774288be8ab945fe7954f6','60d04a489fe3481bb754a4f53e51ef8d',150.20,'[{\"x\": 2, \"y\": 4, \"seat\": true, \"color\": \"green\", \"isBuy\": false, \"isSelected\": true, \"borderColor\": \"black\"}, {\"x\": 3, \"y\": 5, \"seat\": true, \"color\": \"green\", \"isBuy\": false, \"isSelected\": true, \"borderColor\": \"black\"}, {\"x\": 4, \"y\": 4, \"seat\": true, \"color\": \"green\", \"isBuy\": false, \"isSelected\": true, \"borderColor\": \"black\"}, {\"x\": 3, \"y\": 4, \"seat\": true, \"color\": \"green\", \"isBuy\": false, \"isSelected\": true, \"borderColor\": \"black\"}]',1,'2025-05-07 12:20:40','2025-04-07 12:05:40',NULL),('e6b9c89d408f45f9822cd62b4bd115f6','38a30d72ef774288be8ab945fe7954f6','de3ecde2ffd34ed085783e4427a192bb',219.00,'[{\"x\": 4, \"y\": 1, \"seat\": true, \"color\": \"green\", \"isBuy\": false, \"isSelected\": true, \"borderColor\": \"black\"}, {\"x\": 4, \"y\": 2, \"seat\": true, \"color\": \"green\", \"isBuy\": false, \"isSelected\": true, \"borderColor\": \"black\"}, {\"x\": 4, \"y\": 4, \"seat\": true, \"color\": \"green\", \"isBuy\": false, \"isSelected\": true, \"borderColor\": \"black\"}, {\"x\": 4, \"y\": 5, \"seat\": true, \"color\": \"green\", \"isBuy\": false, \"isSelected\": true, \"borderColor\": \"black\"}, {\"x\": 4, \"y\": 7, \"seat\": true, \"color\": \"green\", \"isBuy\": false, \"isSelected\": true, \"borderColor\": \"black\"}, {\"x\": 4, \"y\": 8, \"seat\": true, \"color\": \"green\", \"isBuy\": false, \"isSelected\": true, \"borderColor\": \"black\"}]',1,'2025-05-07 12:21:05','2025-05-07 12:06:05',NULL),('ed137c083bb64af39503e8860a4dce0b','38a30d72ef774288be8ab945fe7954f6','22ba22469058423f98fd1f027a0d0944',69.30,'[{\"x\": 3, \"y\": 16, \"seat\": true, \"color\": \"green\", \"isBuy\": false, \"isSelected\": true, \"borderColor\": \"black\"}]',1,'2025-05-07 11:59:15','2025-05-07 11:44:15',NULL);
/*!40000 ALTER TABLE `order` ENABLE KEYS */;
UNLOCK TABLES;

--
-- Table structure for table `platform_management`
--

DROP TABLE IF EXISTS `platform_management`;
/*!40101 SET @saved_cs_client     = @@character_set_client */;
/*!50503 SET character_set_client = utf8mb4 */;
CREATE TABLE `platform_management` (
  `platform_management_id` char(32) NOT NULL,
  `platform_management_account` varchar(20) DEFAULT NULL COMMENT '管理账号',
  `platform_management_password` varchar(20) DEFAULT NULL,
  `platform_management_name` varchar(20) DEFAULT NULL,
  `platform_management_profile_picture` text,
  PRIMARY KEY (`platform_management_id`)
) ENGINE=InnoDB DEFAULT CHARSET=utf8mb3 COMMENT='平台管理表';
/*!40101 SET character_set_client = @saved_cs_client */;

--
-- Dumping data for table `platform_management`
--

LOCK TABLES `platform_management` WRITE;
/*!40000 ALTER TABLE `platform_management` DISABLE KEYS */;
INSERT INTO `platform_management` VALUES ('d44fe2dda1cf4592b20678459dd6024e','488089248','smileshark','张浩','https://pic2.zhimg.com/v2-86b356a32e20cb5f91c3568614df54a3_1440w.jpg');
/*!40000 ALTER TABLE `platform_management` ENABLE KEYS */;
UNLOCK TABLES;

--
-- Table structure for table `reject`
--

DROP TABLE IF EXISTS `reject`;
/*!40101 SET @saved_cs_client     = @@character_set_client */;
/*!50503 SET character_set_client = utf8mb4 */;
CREATE TABLE `reject` (
  `reject_id` char(32) NOT NULL,
  `apply_id` char(32) DEFAULT NULL COMMENT '对应的申请',
  `cinema_management_id` char(32) DEFAULT NULL COMMENT '处理人',
  `reject_context` text COMMENT '驳回的理由',
  PRIMARY KEY (`reject_id`),
  KEY `FK_Reference_22` (`apply_id`),
  KEY `FK_Reference_23` (`cinema_management_id`),
  CONSTRAINT `FK_Reference_22` FOREIGN KEY (`apply_id`) REFERENCES `apply_for_new_movie` (`apply_id`) ON DELETE RESTRICT ON UPDATE RESTRICT,
  CONSTRAINT `FK_Reference_23` FOREIGN KEY (`cinema_management_id`) REFERENCES `cinema_management` (`cinema_management_id`) ON DELETE RESTRICT ON UPDATE RESTRICT
) ENGINE=InnoDB DEFAULT CHARSET=utf8mb3 COMMENT='驳回表';
/*!40101 SET character_set_client = @saved_cs_client */;

--
-- Dumping data for table `reject`
--

LOCK TABLES `reject` WRITE;
/*!40000 ALTER TABLE `reject` DISABLE KEYS */;
/*!40000 ALTER TABLE `reject` ENABLE KEYS */;
UNLOCK TABLES;

--
-- Table structure for table `screening_room`
--

DROP TABLE IF EXISTS `screening_room`;
/*!40101 SET @saved_cs_client     = @@character_set_client */;
/*!50503 SET character_set_client = utf8mb4 */;
CREATE TABLE `screening_room` (
  `screening_room_id` char(32) NOT NULL,
  `cinema_id` char(32) DEFAULT NULL,
  `screening_room_name` varchar(30) DEFAULT NULL COMMENT '放映厅名称',
  `row_all` int DEFAULT NULL COMMENT '总行数',
  `col_all` int DEFAULT NULL COMMENT '总列数',
  `layout` json DEFAULT NULL COMMENT '座位布局使用json格式数据的数组',
  PRIMARY KEY (`screening_room_id`),
  KEY `FK_Reference_12` (`cinema_id`),
  CONSTRAINT `FK_Reference_12` FOREIGN KEY (`cinema_id`) REFERENCES `cinema` (`cinema_id`) ON DELETE RESTRICT ON UPDATE RESTRICT
) ENGINE=InnoDB DEFAULT CHARSET=utf8mb3 COMMENT='放映厅';
/*!40101 SET character_set_client = @saved_cs_client */;

--
-- Dumping data for table `screening_room`
--

LOCK TABLES `screening_room` WRITE;
/*!40000 ALTER TABLE `screening_room` DISABLE KEYS */;
INSERT INTO `screening_room` VALUES ('077158e9eecc4532b0e5b24b53ccf4db','cac9ffeb481d439992dfc610d0d106ed','一号放映厅',20,10,'[[{\"x\": 1, \"y\": 1, \"seat\": true, \"color\": \"gray\"}, {\"x\": 1, \"y\": 2, \"seat\": true, \"color\": \"gray\"}, {\"x\": 1, \"y\": 3, \"seat\": true, \"color\": \"gray\"}, {\"x\": 1, \"y\": 4, \"seat\": true, \"color\": \"gray\"}, {\"x\": 1, \"y\": 5, \"seat\": true, \"color\": \"gray\"}, {\"x\": 1, \"y\": 6, \"seat\": true, \"color\": \"gray\"}, {\"x\": 1, \"y\": 7, \"seat\": true, \"color\": \"gray\"}, {\"x\": 1, \"y\": 8, \"seat\": true, \"color\": \"gray\"}, {\"x\": 1, \"y\": 9, \"seat\": true, \"color\": \"gray\"}, {\"x\": 1, \"y\": 10, \"seat\": true, \"color\": \"gray\"}, {\"x\": 1, \"y\": 11, \"seat\": true, \"color\": \"gray\"}, {\"x\": 1, \"y\": 12, \"seat\": true, \"color\": \"gray\"}, {\"x\": 1, \"y\": 13, \"seat\": true, \"color\": \"gray\"}, {\"x\": 1, \"y\": 14, \"seat\": true, \"color\": \"gray\"}, {\"x\": 1, \"y\": 15, \"seat\": true, \"color\": \"gray\"}, {\"x\": 1, \"y\": 16, \"seat\": true, \"color\": \"gray\"}, {\"x\": 1, \"y\": 17, \"seat\": true, \"color\": \"gray\"}, {\"x\": 1, \"y\": 18, \"seat\": true, \"color\": \"gray\"}, {\"x\": 1, \"y\": 19, \"seat\": true, \"color\": \"gray\"}, {\"x\": 1, \"y\": 20, \"seat\": true, \"color\": \"gray\"}], [{\"x\": 2, \"y\": 1, \"seat\": true, \"color\": \"gray\"}, {\"x\": 2, \"y\": 2, \"seat\": true, \"color\": \"gray\"}, {\"x\": 2, \"y\": 3, \"seat\": true, \"color\": \"gray\"}, {\"x\": 2, \"y\": 4, \"seat\": true, \"color\": \"gray\"}, {\"x\": 2, \"y\": 5, \"seat\": true, \"color\": \"gray\"}, {\"x\": 2, \"y\": 6, \"seat\": true, \"color\": \"gray\"}, {\"x\": 2, \"y\": 7, \"seat\": true, \"color\": \"gray\"}, {\"x\": 2, \"y\": 8, \"seat\": true, \"color\": \"gray\"}, {\"x\": 2, \"y\": 9, \"seat\": true, \"color\": \"gray\"}, {\"x\": 2, \"y\": 10, \"seat\": true, \"color\": \"gray\"}, {\"x\": 2, \"y\": 11, \"seat\": true, \"color\": \"gray\"}, {\"x\": 2, \"y\": 12, \"seat\": true, \"color\": \"gray\"}, {\"x\": 2, \"y\": 13, \"seat\": true, \"color\": \"gray\"}, {\"x\": 2, \"y\": 14, \"seat\": true, \"color\": \"gray\"}, {\"x\": 2, \"y\": 15, \"seat\": true, \"color\": \"gray\"}, {\"x\": 2, \"y\": 16, \"seat\": true, \"color\": \"gray\"}, {\"x\": 2, \"y\": 17, \"seat\": true, \"color\": \"gray\"}, {\"x\": 2, \"y\": 18, \"seat\": true, \"color\": \"gray\"}, {\"x\": 2, \"y\": 19, \"seat\": true, \"color\": \"gray\"}, {\"x\": 2, \"y\": 20, \"seat\": true, \"color\": \"gray\"}], [{\"x\": 3, \"y\": 1, \"seat\": true, \"color\": \"gray\"}, {\"x\": 3, \"y\": 2, \"seat\": true, \"color\": \"gray\"}, {\"x\": 3, \"y\": 3, \"seat\": true, \"color\": \"gray\"}, {\"x\": 3, \"y\": 4, \"seat\": true, \"color\": \"gray\"}, {\"x\": 3, \"y\": 5, \"seat\": true, \"color\": \"gray\"}, {\"x\": 3, \"y\": 6, \"seat\": true, \"color\": \"gray\"}, {\"x\": 3, \"y\": 7, \"seat\": true, \"color\": \"gray\"}, {\"x\": 3, \"y\": 8, \"seat\": true, \"color\": \"gray\"}, {\"x\": 3, \"y\": 9, \"seat\": true, \"color\": \"gray\"}, {\"x\": 3, \"y\": 10, \"seat\": true, \"color\": \"gray\"}, {\"x\": 3, \"y\": 11, \"seat\": true, \"color\": \"gray\"}, {\"x\": 3, \"y\": 12, \"seat\": true, \"color\": \"gray\"}, {\"x\": 3, \"y\": 13, \"seat\": true, \"color\": \"gray\"}, {\"x\": 3, \"y\": 14, \"seat\": true, \"color\": \"gray\"}, {\"x\": 3, \"y\": 15, \"seat\": true, \"color\": \"gray\"}, {\"x\": 3, \"y\": 16, \"seat\": true, \"color\": \"gray\"}, {\"x\": 3, \"y\": 17, \"seat\": true, \"color\": \"gray\"}, {\"x\": 3, \"y\": 18, \"seat\": true, \"color\": \"gray\"}, {\"x\": 3, \"y\": 19, \"seat\": true, \"color\": \"gray\"}, {\"x\": 3, \"y\": 20, \"seat\": true, \"color\": \"gray\"}], [{\"x\": 4, \"y\": 1, \"seat\": true, \"color\": \"gray\"}, {\"x\": 4, \"y\": 2, \"seat\": true, \"color\": \"gray\"}, {\"x\": 4, \"y\": 3, \"seat\": true, \"color\": \"gray\"}, {\"x\": 4, \"y\": 4, \"seat\": true, \"color\": \"gray\"}, {\"x\": 4, \"y\": 5, \"seat\": true, \"color\": \"gray\"}, {\"x\": 4, \"y\": 6, \"seat\": true, \"color\": \"gray\"}, {\"x\": 4, \"y\": 7, \"seat\": true, \"color\": \"gray\"}, {\"x\": 4, \"y\": 8, \"seat\": true, \"color\": \"gray\"}, {\"x\": 4, \"y\": 9, \"seat\": true, \"color\": \"gray\"}, {\"x\": 4, \"y\": 10, \"seat\": true, \"color\": \"gray\"}, {\"x\": 4, \"y\": 11, \"seat\": true, \"color\": \"gray\"}, {\"x\": 4, \"y\": 12, \"seat\": true, \"color\": \"gray\"}, {\"x\": 4, \"y\": 13, \"seat\": true, \"color\": \"gray\"}, {\"x\": 4, \"y\": 14, \"seat\": true, \"color\": \"gray\"}, {\"x\": 4, \"y\": 15, \"seat\": true, \"color\": \"gray\"}, {\"x\": 4, \"y\": 16, \"seat\": true, \"color\": \"gray\"}, {\"x\": 4, \"y\": 17, \"seat\": true, \"color\": \"gray\"}, {\"x\": 4, \"y\": 18, \"seat\": true, \"color\": \"gray\"}, {\"x\": 4, \"y\": 19, \"seat\": true, \"color\": \"gray\"}, {\"x\": 4, \"y\": 20, \"seat\": true, \"color\": \"gray\"}], [{\"x\": 5, \"y\": 1, \"seat\": false, \"color\": \"white\"}, {\"x\": 5, \"y\": 2, \"seat\": false, \"color\": \"white\"}, {\"x\": 5, \"y\": 3, \"seat\": false, \"color\": \"white\"}, {\"x\": 5, \"y\": 4, \"seat\": false, \"color\": \"white\"}, {\"x\": 5, \"y\": 5, \"seat\": false, \"color\": \"white\"}, {\"x\": 5, \"y\": 6, \"seat\": false, \"color\": \"white\"}, {\"x\": 5, \"y\": 7, \"seat\": false, \"color\": \"white\"}, {\"x\": 5, \"y\": 8, \"seat\": false, \"color\": \"white\"}, {\"x\": 5, \"y\": 9, \"seat\": false, \"color\": \"white\"}, {\"x\": 5, \"y\": 10, \"seat\": false, \"color\": \"white\"}, {\"x\": 5, \"y\": 11, \"seat\": false, \"color\": \"white\"}, {\"x\": 5, \"y\": 12, \"seat\": false, \"color\": \"white\"}, {\"x\": 5, \"y\": 13, \"seat\": false, \"color\": \"white\"}, {\"x\": 5, \"y\": 14, \"seat\": false, \"color\": \"white\"}, {\"x\": 5, \"y\": 15, \"seat\": false, \"color\": \"white\"}, {\"x\": 5, \"y\": 16, \"seat\": false, \"color\": \"white\"}, {\"x\": 5, \"y\": 17, \"seat\": false, \"color\": \"white\"}, {\"x\": 5, \"y\": 18, \"seat\": false, \"color\": \"white\"}, {\"x\": 5, \"y\": 19, \"seat\": false, \"color\": \"white\"}, {\"x\": 5, \"y\": 20, \"seat\": false, \"color\": \"white\"}], [{\"x\": 6, \"y\": 1, \"seat\": false, \"color\": \"white\"}, {\"x\": 6, \"y\": 2, \"seat\": true, \"color\": \"gray\"}, {\"x\": 6, \"y\": 3, \"seat\": true, \"color\": \"gray\"}, {\"x\": 6, \"y\": 4, \"seat\": true, \"color\": \"gray\"}, {\"x\": 6, \"y\": 5, \"seat\": true, \"color\": \"gray\"}, {\"x\": 6, \"y\": 6, \"seat\": true, \"color\": \"gray\"}, {\"x\": 6, \"y\": 7, \"seat\": true, \"color\": \"gray\"}, {\"x\": 6, \"y\": 8, \"seat\": true, \"color\": \"gray\"}, {\"x\": 6, \"y\": 9, \"seat\": true, \"color\": \"gray\"}, {\"x\": 6, \"y\": 10, \"seat\": false, \"color\": \"white\"}, {\"x\": 6, \"y\": 11, \"seat\": false, \"color\": \"white\"}, {\"x\": 6, \"y\": 12, \"seat\": true, \"color\": \"gray\"}, {\"x\": 6, \"y\": 13, \"seat\": true, \"color\": \"gray\"}, {\"x\": 6, \"y\": 14, \"seat\": true, \"color\": \"gray\"}, {\"x\": 6, \"y\": 15, \"seat\": true, \"color\": \"gray\"}, {\"x\": 6, \"y\": 16, \"seat\": true, \"color\": \"gray\"}, {\"x\": 6, \"y\": 17, \"seat\": true, \"color\": \"gray\"}, {\"x\": 6, \"y\": 18, \"seat\": true, \"color\": \"gray\"}, {\"x\": 6, \"y\": 19, \"seat\": true, \"color\": \"gray\"}, {\"x\": 6, \"y\": 20, \"seat\": false, \"color\": \"white\"}], [{\"x\": 7, \"y\": 1, \"seat\": false, \"color\": \"white\"}, {\"x\": 7, \"y\": 2, \"seat\": true, \"color\": \"gray\"}, {\"x\": 7, \"y\": 3, \"seat\": true, \"color\": \"gray\"}, {\"x\": 7, \"y\": 4, \"seat\": true, \"color\": \"gray\"}, {\"x\": 7, \"y\": 5, \"seat\": true, \"color\": \"gray\"}, {\"x\": 7, \"y\": 6, \"seat\": true, \"color\": \"gray\"}, {\"x\": 7, \"y\": 7, \"seat\": true, \"color\": \"gray\"}, {\"x\": 7, \"y\": 8, \"seat\": true, \"color\": \"gray\"}, {\"x\": 7, \"y\": 9, \"seat\": true, \"color\": \"gray\"}, {\"x\": 7, \"y\": 10, \"seat\": false, \"color\": \"white\"}, {\"x\": 7, \"y\": 11, \"seat\": false, \"color\": \"white\"}, {\"x\": 7, \"y\": 12, \"seat\": true, \"color\": \"gray\"}, {\"x\": 7, \"y\": 13, \"seat\": true, \"color\": \"gray\"}, {\"x\": 7, \"y\": 14, \"seat\": true, \"color\": \"gray\"}, {\"x\": 7, \"y\": 15, \"seat\": true, \"color\": \"gray\"}, {\"x\": 7, \"y\": 16, \"seat\": true, \"color\": \"gray\"}, {\"x\": 7, \"y\": 17, \"seat\": true, \"color\": \"gray\"}, {\"x\": 7, \"y\": 18, \"seat\": true, \"color\": \"gray\"}, {\"x\": 7, \"y\": 19, \"seat\": true, \"color\": \"gray\"}, {\"x\": 7, \"y\": 20, \"seat\": false, \"color\": \"white\"}], [{\"x\": 8, \"y\": 1, \"seat\": false, \"color\": \"white\"}, {\"x\": 8, \"y\": 2, \"seat\": true, \"color\": \"gray\"}, {\"x\": 8, \"y\": 3, \"seat\": true, \"color\": \"gray\"}, {\"x\": 8, \"y\": 4, \"seat\": true, \"color\": \"gray\"}, {\"x\": 8, \"y\": 5, \"seat\": true, \"color\": \"gray\"}, {\"x\": 8, \"y\": 6, \"seat\": true, \"color\": \"gray\"}, {\"x\": 8, \"y\": 7, \"seat\": true, \"color\": \"gray\"}, {\"x\": 8, \"y\": 8, \"seat\": true, \"color\": \"gray\"}, {\"x\": 8, \"y\": 9, \"seat\": true, \"color\": \"gray\"}, {\"x\": 8, \"y\": 10, \"seat\": false, \"color\": \"white\"}, {\"x\": 8, \"y\": 11, \"seat\": false, \"color\": \"white\"}, {\"x\": 8, \"y\": 12, \"seat\": true, \"color\": \"gray\"}, {\"x\": 8, \"y\": 13, \"seat\": true, \"color\": \"gray\"}, {\"x\": 8, \"y\": 14, \"seat\": true, \"color\": \"gray\"}, {\"x\": 8, \"y\": 15, \"seat\": true, \"color\": \"gray\"}, {\"x\": 8, \"y\": 16, \"seat\": true, \"color\": \"gray\"}, {\"x\": 8, \"y\": 17, \"seat\": true, \"color\": \"gray\"}, {\"x\": 8, \"y\": 18, \"seat\": true, \"color\": \"gray\"}, {\"x\": 8, \"y\": 19, \"seat\": true, \"color\": \"gray\"}, {\"x\": 8, \"y\": 20, \"seat\": false, \"color\": \"white\"}], [{\"x\": 9, \"y\": 1, \"seat\": false, \"color\": \"white\"}, {\"x\": 9, \"y\": 2, \"seat\": true, \"color\": \"gray\"}, {\"x\": 9, \"y\": 3, \"seat\": true, \"color\": \"gray\"}, {\"x\": 9, \"y\": 4, \"seat\": true, \"color\": \"gray\"}, {\"x\": 9, \"y\": 5, \"seat\": true, \"color\": \"gray\"}, {\"x\": 9, \"y\": 6, \"seat\": true, \"color\": \"gray\"}, {\"x\": 9, \"y\": 7, \"seat\": true, \"color\": \"gray\"}, {\"x\": 9, \"y\": 8, \"seat\": true, \"color\": \"gray\"}, {\"x\": 9, \"y\": 9, \"seat\": true, \"color\": \"gray\"}, {\"x\": 9, \"y\": 10, \"seat\": false, \"color\": \"white\"}, {\"x\": 9, \"y\": 11, \"seat\": false, \"color\": \"white\"}, {\"x\": 9, \"y\": 12, \"seat\": true, \"color\": \"gray\"}, {\"x\": 9, \"y\": 13, \"seat\": true, \"color\": \"gray\"}, {\"x\": 9, \"y\": 14, \"seat\": true, \"color\": \"gray\"}, {\"x\": 9, \"y\": 15, \"seat\": true, \"color\": \"gray\"}, {\"x\": 9, \"y\": 16, \"seat\": true, \"color\": \"gray\"}, {\"x\": 9, \"y\": 17, \"seat\": true, \"color\": \"gray\"}, {\"x\": 9, \"y\": 18, \"seat\": true, \"color\": \"gray\"}, {\"x\": 9, \"y\": 19, \"seat\": true, \"color\": \"gray\"}, {\"x\": 9, \"y\": 20, \"seat\": false, \"color\": \"white\"}], [{\"x\": 10, \"y\": 1, \"seat\": false, \"color\": \"white\"}, {\"x\": 10, \"y\": 2, \"seat\": true, \"color\": \"gray\"}, {\"x\": 10, \"y\": 3, \"seat\": true, \"color\": \"gray\"}, {\"x\": 10, \"y\": 4, \"seat\": true, \"color\": \"gray\"}, {\"x\": 10, \"y\": 5, \"seat\": true, \"color\": \"gray\"}, {\"x\": 10, \"y\": 6, \"seat\": true, \"color\": \"gray\"}, {\"x\": 10, \"y\": 7, \"seat\": true, \"color\": \"gray\"}, {\"x\": 10, \"y\": 8, \"seat\": true, \"color\": \"gray\"}, {\"x\": 10, \"y\": 9, \"seat\": true, \"color\": \"gray\"}, {\"x\": 10, \"y\": 10, \"seat\": false, \"color\": \"white\"}, {\"x\": 10, \"y\": 11, \"seat\": false, \"color\": \"white\"}, {\"x\": 10, \"y\": 12, \"seat\": true, \"color\": \"gray\"}, {\"x\": 10, \"y\": 13, \"seat\": true, \"color\": \"gray\"}, {\"x\": 10, \"y\": 14, \"seat\": true, \"color\": \"gray\"}, {\"x\": 10, \"y\": 15, \"seat\": true, \"color\": \"gray\"}, {\"x\": 10, \"y\": 16, \"seat\": true, \"color\": \"gray\"}, {\"x\": 10, \"y\": 17, \"seat\": true, \"color\": \"gray\"}, {\"x\": 10, \"y\": 18, \"seat\": true, \"color\": \"gray\"}, {\"x\": 10, \"y\": 19, \"seat\": true, \"color\": \"gray\"}, {\"x\": 10, \"y\": 20, \"seat\": false, \"color\": \"white\"}]]'),('804ce61e4fd14f7a8869a9183a80d859','cac9ffeb481d439992dfc610d0d106ed','二号放映厅',9,6,'[[{\"x\": 1, \"y\": 1, \"seat\": true, \"color\": \"gray\"}, {\"x\": 1, \"y\": 2, \"seat\": true, \"color\": \"gray\"}, {\"x\": 1, \"y\": 3, \"seat\": false, \"color\": \"white\"}, {\"x\": 1, \"y\": 4, \"seat\": true, \"color\": \"gray\"}, {\"x\": 1, \"y\": 5, \"seat\": true, \"color\": \"gray\"}, {\"x\": 1, \"y\": 6, \"seat\": true, \"color\": \"gray\"}, {\"x\": 1, \"y\": 7, \"seat\": false, \"color\": \"white\"}, {\"x\": 1, \"y\": 8, \"seat\": true, \"color\": \"gray\"}, {\"x\": 1, \"y\": 9, \"seat\": true, \"color\": \"gray\"}], [{\"x\": 2, \"y\": 1, \"seat\": true, \"color\": \"gray\"}, {\"x\": 2, \"y\": 2, \"seat\": true, \"color\": \"gray\"}, {\"x\": 2, \"y\": 3, \"seat\": false, \"color\": \"white\"}, {\"x\": 2, \"y\": 4, \"seat\": true, \"color\": \"gray\"}, {\"x\": 2, \"y\": 5, \"seat\": true, \"color\": \"gray\"}, {\"x\": 2, \"y\": 6, \"seat\": true, \"color\": \"gray\"}, {\"x\": 2, \"y\": 7, \"seat\": false, \"color\": \"white\"}, {\"x\": 2, \"y\": 8, \"seat\": true, \"color\": \"gray\"}, {\"x\": 2, \"y\": 9, \"seat\": true, \"color\": \"gray\"}], [{\"x\": 3, \"y\": 1, \"seat\": true, \"color\": \"gray\"}, {\"x\": 3, \"y\": 2, \"seat\": true, \"color\": \"gray\"}, {\"x\": 3, \"y\": 3, \"seat\": false, \"color\": \"white\"}, {\"x\": 3, \"y\": 4, \"seat\": true, \"color\": \"gray\"}, {\"x\": 3, \"y\": 5, \"seat\": true, \"color\": \"gray\"}, {\"x\": 3, \"y\": 6, \"seat\": true, \"color\": \"gray\"}, {\"x\": 3, \"y\": 7, \"seat\": false, \"color\": \"white\"}, {\"x\": 3, \"y\": 8, \"seat\": true, \"color\": \"gray\"}, {\"x\": 3, \"y\": 9, \"seat\": true, \"color\": \"gray\"}], [{\"x\": 4, \"y\": 1, \"seat\": true, \"color\": \"gray\"}, {\"x\": 4, \"y\": 2, \"seat\": true, \"color\": \"gray\"}, {\"x\": 4, \"y\": 3, \"seat\": false, \"color\": \"white\"}, {\"x\": 4, \"y\": 4, \"seat\": false, \"color\": \"white\"}, {\"x\": 4, \"y\": 5, \"seat\": false, \"color\": \"white\"}, {\"x\": 4, \"y\": 6, \"seat\": false, \"color\": \"white\"}, {\"x\": 4, \"y\": 7, \"seat\": false, \"color\": \"white\"}, {\"x\": 4, \"y\": 8, \"seat\": true, \"color\": \"gray\"}, {\"x\": 4, \"y\": 9, \"seat\": true, \"color\": \"gray\"}], [{\"x\": 5, \"y\": 1, \"seat\": true, \"color\": \"gray\"}, {\"x\": 5, \"y\": 2, \"seat\": true, \"color\": \"gray\"}, {\"x\": 5, \"y\": 3, \"seat\": true, \"color\": \"gray\"}, {\"x\": 5, \"y\": 4, \"seat\": true, \"color\": \"gray\"}, {\"x\": 5, \"y\": 5, \"seat\": true, \"color\": \"gray\"}, {\"x\": 5, \"y\": 6, \"seat\": true, \"color\": \"gray\"}, {\"x\": 5, \"y\": 7, \"seat\": true, \"color\": \"gray\"}, {\"x\": 5, \"y\": 8, \"seat\": true, \"color\": \"gray\"}, {\"x\": 5, \"y\": 9, \"seat\": true, \"color\": \"gray\"}], [{\"x\": 6, \"y\": 1, \"seat\": true, \"color\": \"gray\"}, {\"x\": 6, \"y\": 2, \"seat\": true, \"color\": \"gray\"}, {\"x\": 6, \"y\": 3, \"seat\": true, \"color\": \"gray\"}, {\"x\": 6, \"y\": 4, \"seat\": true, \"color\": \"gray\"}, {\"x\": 6, \"y\": 5, \"seat\": true, \"color\": \"gray\"}, {\"x\": 6, \"y\": 6, \"seat\": true, \"color\": \"gray\"}, {\"x\": 6, \"y\": 7, \"seat\": true, \"color\": \"gray\"}, {\"x\": 6, \"y\": 8, \"seat\": true, \"color\": \"gray\"}, {\"x\": 6, \"y\": 9, \"seat\": true, \"color\": \"gray\"}]]'),('fc894d0bba73461884fd2647cac1f4ee','79a1f42bd03541e18a5e9a4ce2e61f2e','山海厅',8,7,'[[{\"x\": 1, \"y\": 1, \"seat\": true, \"color\": \"gray\"}, {\"x\": 1, \"y\": 2, \"seat\": true, \"color\": \"gray\"}, {\"x\": 1, \"y\": 3, \"seat\": false, \"color\": \"white\"}, {\"x\": 1, \"y\": 4, \"seat\": true, \"color\": \"gray\"}, {\"x\": 1, \"y\": 5, \"seat\": true, \"color\": \"gray\"}, {\"x\": 1, \"y\": 6, \"seat\": false, \"color\": \"white\"}, {\"x\": 1, \"y\": 7, \"seat\": true, \"color\": \"gray\"}, {\"x\": 1, \"y\": 8, \"seat\": true, \"color\": \"gray\"}], [{\"x\": 2, \"y\": 1, \"seat\": true, \"color\": \"gray\"}, {\"x\": 2, \"y\": 2, \"seat\": true, \"color\": \"gray\"}, {\"x\": 2, \"y\": 3, \"seat\": false, \"color\": \"white\"}, {\"x\": 2, \"y\": 4, \"seat\": true, \"color\": \"gray\"}, {\"x\": 2, \"y\": 5, \"seat\": true, \"color\": \"gray\"}, {\"x\": 2, \"y\": 6, \"seat\": false, \"color\": \"white\"}, {\"x\": 2, \"y\": 7, \"seat\": true, \"color\": \"gray\"}, {\"x\": 2, \"y\": 8, \"seat\": true, \"color\": \"gray\"}], [{\"x\": 3, \"y\": 1, \"seat\": true, \"color\": \"gray\"}, {\"x\": 3, \"y\": 2, \"seat\": true, \"color\": \"gray\"}, {\"x\": 3, \"y\": 3, \"seat\": false, \"color\": \"white\"}, {\"x\": 3, \"y\": 4, \"seat\": true, \"color\": \"gray\"}, {\"x\": 3, \"y\": 5, \"seat\": true, \"color\": \"gray\"}, {\"x\": 3, \"y\": 6, \"seat\": false, \"color\": \"white\"}, {\"x\": 3, \"y\": 7, \"seat\": true, \"color\": \"gray\"}, {\"x\": 3, \"y\": 8, \"seat\": true, \"color\": \"gray\"}], [{\"x\": 4, \"y\": 1, \"seat\": true, \"color\": \"gray\"}, {\"x\": 4, \"y\": 2, \"seat\": true, \"color\": \"gray\"}, {\"x\": 4, \"y\": 3, \"seat\": false, \"color\": \"white\"}, {\"x\": 4, \"y\": 4, \"seat\": true, \"color\": \"gray\"}, {\"x\": 4, \"y\": 5, \"seat\": true, \"color\": \"gray\"}, {\"x\": 4, \"y\": 6, \"seat\": false, \"color\": \"white\"}, {\"x\": 4, \"y\": 7, \"seat\": true, \"color\": \"gray\"}, {\"x\": 4, \"y\": 8, \"seat\": true, \"color\": \"gray\"}], [{\"x\": 5, \"y\": 1, \"seat\": true, \"color\": \"gray\"}, {\"x\": 5, \"y\": 2, \"seat\": true, \"color\": \"gray\"}, {\"x\": 5, \"y\": 3, \"seat\": false, \"color\": \"white\"}, {\"x\": 5, \"y\": 4, \"seat\": true, \"color\": \"gray\"}, {\"x\": 5, \"y\": 5, \"seat\": true, \"color\": \"gray\"}, {\"x\": 5, \"y\": 6, \"seat\": false, \"color\": \"white\"}, {\"x\": 5, \"y\": 7, \"seat\": true, \"color\": \"gray\"}, {\"x\": 5, \"y\": 8, \"seat\": true, \"color\": \"gray\"}], [{\"x\": 6, \"y\": 1, \"seat\": true, \"color\": \"gray\"}, {\"x\": 6, \"y\": 2, \"seat\": true, \"color\": \"gray\"}, {\"x\": 6, \"y\": 3, \"seat\": false, \"color\": \"white\"}, {\"x\": 6, \"y\": 4, \"seat\": true, \"color\": \"gray\"}, {\"x\": 6, \"y\": 5, \"seat\": true, \"color\": \"gray\"}, {\"x\": 6, \"y\": 6, \"seat\": false, \"color\": \"white\"}, {\"x\": 6, \"y\": 7, \"seat\": true, \"color\": \"gray\"}, {\"x\": 6, \"y\": 8, \"seat\": true, \"color\": \"gray\"}], [{\"x\": 7, \"y\": 1, \"seat\": true, \"color\": \"gray\"}, {\"x\": 7, \"y\": 2, \"seat\": true, \"color\": \"gray\"}, {\"x\": 7, \"y\": 3, \"seat\": false, \"color\": \"white\"}, {\"x\": 7, \"y\": 4, \"seat\": true, \"color\": \"gray\"}, {\"x\": 7, \"y\": 5, \"seat\": true, \"color\": \"gray\"}, {\"x\": 7, \"y\": 6, \"seat\": false, \"color\": \"white\"}, {\"x\": 7, \"y\": 7, \"seat\": true, \"color\": \"gray\"}, {\"x\": 7, \"y\": 8, \"seat\": true, \"color\": \"gray\"}]]');
/*!40000 ALTER TABLE `screening_room` ENABLE KEYS */;
UNLOCK TABLES;

--
-- Table structure for table `slice_arrangement`
--

DROP TABLE IF EXISTS `slice_arrangement`;
/*!40101 SET @saved_cs_client     = @@character_set_client */;
/*!50503 SET character_set_client = utf8mb4 */;
CREATE TABLE `slice_arrangement` (
  `slice_arrangement_id` char(32) NOT NULL COMMENT '影院排片表id',
  `cinema_id` char(32) DEFAULT NULL,
  `movie_id` char(32) DEFAULT NULL,
  `screening_room_id` char(32) DEFAULT NULL,
  `slice_arrangement_start_time` datetime DEFAULT NULL COMMENT '放映时间',
  `vote_price` double(10,2) DEFAULT NULL COMMENT '票价',
  `layout` json DEFAULT NULL COMMENT '已购座位布局',
  `slice_arrangement_end_time` datetime DEFAULT NULL COMMENT '结束时间',
  PRIMARY KEY (`slice_arrangement_id`),
  KEY `FK_Reference_13` (`cinema_id`),
  KEY `FK_Reference_14` (`movie_id`),
  KEY `FK_Reference_15` (`screening_room_id`),
  CONSTRAINT `FK_Reference_13` FOREIGN KEY (`cinema_id`) REFERENCES `cinema` (`cinema_id`) ON DELETE RESTRICT ON UPDATE RESTRICT,
  CONSTRAINT `FK_Reference_14` FOREIGN KEY (`movie_id`) REFERENCES `movie` (`movie_id`) ON DELETE RESTRICT ON UPDATE RESTRICT,
  CONSTRAINT `FK_Reference_15` FOREIGN KEY (`screening_room_id`) REFERENCES `screening_room` (`screening_room_id`) ON DELETE RESTRICT ON UPDATE RESTRICT
) ENGINE=InnoDB DEFAULT CHARSET=utf8mb3 COMMENT='影院排片表(放映时间在当前时间之前的都可以出售，已购座位布局复制于放映厅的座位布局，然后修改其中的座位的状态就行)';
/*!40101 SET character_set_client = @saved_cs_client */;

--
-- Dumping data for table `slice_arrangement`
--

LOCK TABLES `slice_arrangement` WRITE;
/*!40000 ALTER TABLE `slice_arrangement` DISABLE KEYS */;
INSERT INTO `slice_arrangement` VALUES ('1d2ce0e63f3a4a2f9195da4b35ecff8a','cac9ffeb481d439992dfc610d0d106ed','5cd19faca65c4f38b662a176c8b2006d','077158e9eecc4532b0e5b24b53ccf4db','2025-04-30 20:00:00',36.90,'[[{\"x\": 1, \"y\": 1, \"seat\": true, \"color\": \"white\", \"isBuy\": false, \"isSelected\": false, \"borderColor\": \"black\"}, {\"x\": 1, \"y\": 2, \"seat\": true, \"color\": \"white\", \"isBuy\": false, \"isSelected\": false, \"borderColor\": \"black\"}, {\"x\": 1, \"y\": 3, \"seat\": true, \"color\": \"white\", \"isBuy\": false, \"isSelected\": false, \"borderColor\": \"black\"}, {\"x\": 1, \"y\": 4, \"seat\": true, \"color\": \"white\", \"isBuy\": false, \"isSelected\": false, \"borderColor\": \"black\"}, {\"x\": 1, \"y\": 5, \"seat\": true, \"color\": \"white\", \"isBuy\": false, \"isSelected\": false, \"borderColor\": \"black\"}, {\"x\": 1, \"y\": 6, \"seat\": true, \"color\": \"white\", \"isBuy\": false, \"isSelected\": false, \"borderColor\": \"black\"}, {\"x\": 1, \"y\": 7, \"seat\": true, \"color\": \"white\", \"isBuy\": false, \"isSelected\": false, \"borderColor\": \"black\"}, {\"x\": 1, \"y\": 8, \"seat\": true, \"color\": \"white\", \"isBuy\": false, \"isSelected\": false, \"borderColor\": \"black\"}, {\"x\": 1, \"y\": 9, \"seat\": true, \"color\": \"white\", \"isBuy\": false, \"isSelected\": false, \"borderColor\": \"black\"}, {\"x\": 1, \"y\": 10, \"seat\": true, \"color\": \"white\", \"isBuy\": false, \"isSelected\": false, \"borderColor\": \"black\"}, {\"x\": 1, \"y\": 11, \"seat\": true, \"color\": \"white\", \"isBuy\": false, \"isSelected\": false, \"borderColor\": \"black\"}, {\"x\": 1, \"y\": 12, \"seat\": true, \"color\": \"white\", \"isBuy\": false, \"isSelected\": false, \"borderColor\": \"black\"}, {\"x\": 1, \"y\": 13, \"seat\": true, \"color\": \"white\", \"isBuy\": false, \"isSelected\": false, \"borderColor\": \"black\"}, {\"x\": 1, \"y\": 14, \"seat\": true, \"color\": \"white\", \"isBuy\": false, \"isSelected\": false, \"borderColor\": \"black\"}, {\"x\": 1, \"y\": 15, \"seat\": true, \"color\": \"white\", \"isBuy\": false, \"isSelected\": false, \"borderColor\": \"black\"}, {\"x\": 1, \"y\": 16, \"seat\": true, \"color\": \"white\", \"isBuy\": false, \"isSelected\": false, \"borderColor\": \"black\"}, {\"x\": 1, \"y\": 17, \"seat\": true, \"color\": \"white\", \"isBuy\": false, \"isSelected\": false, \"borderColor\": \"black\"}, {\"x\": 1, \"y\": 18, \"seat\": true, \"color\": \"white\", \"isBuy\": false, \"isSelected\": false, \"borderColor\": \"black\"}, {\"x\": 1, \"y\": 19, \"seat\": true, \"color\": \"white\", \"isBuy\": false, \"isSelected\": false, \"borderColor\": \"black\"}, {\"x\": 1, \"y\": 20, \"seat\": true, \"color\": \"white\", \"isBuy\": false, \"isSelected\": false, \"borderColor\": \"black\"}], [{\"x\": 2, \"y\": 1, \"seat\": true, \"color\": \"white\", \"isBuy\": false, \"isSelected\": false, \"borderColor\": \"black\"}, {\"x\": 2, \"y\": 2, \"seat\": true, \"color\": \"white\", \"isBuy\": false, \"isSelected\": false, \"borderColor\": \"black\"}, {\"x\": 2, \"y\": 3, \"seat\": true, \"color\": \"white\", \"isBuy\": false, \"isSelected\": false, \"borderColor\": \"black\"}, {\"x\": 2, \"y\": 4, \"seat\": true, \"color\": \"white\", \"isBuy\": false, \"isSelected\": false, \"borderColor\": \"black\"}, {\"x\": 2, \"y\": 5, \"seat\": true, \"color\": \"white\", \"isBuy\": false, \"isSelected\": false, \"borderColor\": \"black\"}, {\"x\": 2, \"y\": 6, \"seat\": true, \"color\": \"white\", \"isBuy\": false, \"isSelected\": false, \"borderColor\": \"black\"}, {\"x\": 2, \"y\": 7, \"seat\": true, \"color\": \"white\", \"isBuy\": false, \"isSelected\": false, \"borderColor\": \"black\"}, {\"x\": 2, \"y\": 8, \"seat\": true, \"color\": \"white\", \"isBuy\": false, \"isSelected\": false, \"borderColor\": \"black\"}, {\"x\": 2, \"y\": 9, \"seat\": true, \"color\": \"white\", \"isBuy\": false, \"isSelected\": false, \"borderColor\": \"black\"}, {\"x\": 2, \"y\": 10, \"seat\": true, \"color\": \"white\", \"isBuy\": false, \"isSelected\": false, \"borderColor\": \"black\"}, {\"x\": 2, \"y\": 11, \"seat\": true, \"color\": \"white\", \"isBuy\": false, \"isSelected\": false, \"borderColor\": \"black\"}, {\"x\": 2, \"y\": 12, \"seat\": true, \"color\": \"white\", \"isBuy\": false, \"isSelected\": false, \"borderColor\": \"black\"}, {\"x\": 2, \"y\": 13, \"seat\": true, \"color\": \"white\", \"isBuy\": false, \"isSelected\": false, \"borderColor\": \"black\"}, {\"x\": 2, \"y\": 14, \"seat\": true, \"color\": \"white\", \"isBuy\": false, \"isSelected\": false, \"borderColor\": \"black\"}, {\"x\": 2, \"y\": 15, \"seat\": true, \"color\": \"white\", \"isBuy\": false, \"isSelected\": false, \"borderColor\": \"black\"}, {\"x\": 2, \"y\": 16, \"seat\": true, \"color\": \"white\", \"isBuy\": false, \"isSelected\": false, \"borderColor\": \"black\"}, {\"x\": 2, \"y\": 17, \"seat\": true, \"color\": \"white\", \"isBuy\": false, \"isSelected\": false, \"borderColor\": \"black\"}, {\"x\": 2, \"y\": 18, \"seat\": true, \"color\": \"white\", \"isBuy\": false, \"isSelected\": false, \"borderColor\": \"black\"}, {\"x\": 2, \"y\": 19, \"seat\": true, \"color\": \"white\", \"isBuy\": false, \"isSelected\": false, \"borderColor\": \"black\"}, {\"x\": 2, \"y\": 20, \"seat\": true, \"color\": \"white\", \"isBuy\": false, \"isSelected\": false, \"borderColor\": \"black\"}], [{\"x\": 3, \"y\": 1, \"seat\": true, \"color\": \"white\", \"isBuy\": false, \"isSelected\": false, \"borderColor\": \"black\"}, {\"x\": 3, \"y\": 2, \"seat\": true, \"color\": \"white\", \"isBuy\": false, \"isSelected\": false, \"borderColor\": \"black\"}, {\"x\": 3, \"y\": 3, \"seat\": true, \"color\": \"white\", \"isBuy\": false, \"isSelected\": false, \"borderColor\": \"black\"}, {\"x\": 3, \"y\": 4, \"seat\": true, \"color\": \"white\", \"isBuy\": false, \"isSelected\": false, \"borderColor\": \"black\"}, {\"x\": 3, \"y\": 5, \"seat\": true, \"color\": \"white\", \"isBuy\": false, \"isSelected\": false, \"borderColor\": \"black\"}, {\"x\": 3, \"y\": 6, \"seat\": true, \"color\": \"white\", \"isBuy\": false, \"isSelected\": false, \"borderColor\": \"black\"}, {\"x\": 3, \"y\": 7, \"seat\": true, \"color\": \"white\", \"isBuy\": false, \"isSelected\": false, \"borderColor\": \"black\"}, {\"x\": 3, \"y\": 8, \"seat\": true, \"color\": \"white\", \"isBuy\": false, \"isSelected\": false, \"borderColor\": \"black\"}, {\"x\": 3, \"y\": 9, \"seat\": true, \"color\": \"white\", \"isBuy\": false, \"isSelected\": false, \"borderColor\": \"black\"}, {\"x\": 3, \"y\": 10, \"seat\": true, \"color\": \"white\", \"isBuy\": false, \"isSelected\": false, \"borderColor\": \"black\"}, {\"x\": 3, \"y\": 11, \"seat\": true, \"color\": \"white\", \"isBuy\": false, \"isSelected\": false, \"borderColor\": \"black\"}, {\"x\": 3, \"y\": 12, \"seat\": true, \"color\": \"white\", \"isBuy\": false, \"isSelected\": false, \"borderColor\": \"black\"}, {\"x\": 3, \"y\": 13, \"seat\": true, \"color\": \"white\", \"isBuy\": false, \"isSelected\": false, \"borderColor\": \"black\"}, {\"x\": 3, \"y\": 14, \"seat\": true, \"color\": \"white\", \"isBuy\": false, \"isSelected\": false, \"borderColor\": \"black\"}, {\"x\": 3, \"y\": 15, \"seat\": true, \"color\": \"white\", \"isBuy\": false, \"isSelected\": false, \"borderColor\": \"black\"}, {\"x\": 3, \"y\": 16, \"seat\": true, \"color\": \"white\", \"isBuy\": false, \"isSelected\": false, \"borderColor\": \"black\"}, {\"x\": 3, \"y\": 17, \"seat\": true, \"color\": \"white\", \"isBuy\": false, \"isSelected\": false, \"borderColor\": \"black\"}, {\"x\": 3, \"y\": 18, \"seat\": true, \"color\": \"white\", \"isBuy\": false, \"isSelected\": false, \"borderColor\": \"black\"}, {\"x\": 3, \"y\": 19, \"seat\": true, \"color\": \"white\", \"isBuy\": false, \"isSelected\": false, \"borderColor\": \"black\"}, {\"x\": 3, \"y\": 20, \"seat\": true, \"color\": \"white\", \"isBuy\": false, \"isSelected\": false, \"borderColor\": \"black\"}], [{\"x\": 4, \"y\": 1, \"seat\": true, \"color\": \"white\", \"isBuy\": false, \"isSelected\": false, \"borderColor\": \"black\"}, {\"x\": 4, \"y\": 2, \"seat\": true, \"color\": \"white\", \"isBuy\": false, \"isSelected\": false, \"borderColor\": \"black\"}, {\"x\": 4, \"y\": 3, \"seat\": true, \"color\": \"white\", \"isBuy\": false, \"isSelected\": false, \"borderColor\": \"black\"}, {\"x\": 4, \"y\": 4, \"seat\": true, \"color\": \"white\", \"isBuy\": false, \"isSelected\": false, \"borderColor\": \"black\"}, {\"x\": 4, \"y\": 5, \"seat\": true, \"color\": \"white\", \"isBuy\": false, \"isSelected\": false, \"borderColor\": \"black\"}, {\"x\": 4, \"y\": 6, \"seat\": true, \"color\": \"white\", \"isBuy\": false, \"isSelected\": false, \"borderColor\": \"black\"}, {\"x\": 4, \"y\": 7, \"seat\": true, \"color\": \"white\", \"isBuy\": false, \"isSelected\": false, \"borderColor\": \"black\"}, {\"x\": 4, \"y\": 8, \"seat\": true, \"color\": \"white\", \"isBuy\": false, \"isSelected\": false, \"borderColor\": \"black\"}, {\"x\": 4, \"y\": 9, \"seat\": true, \"color\": \"white\", \"isBuy\": false, \"isSelected\": false, \"borderColor\": \"black\"}, {\"x\": 4, \"y\": 10, \"seat\": true, \"color\": \"white\", \"isBuy\": false, \"isSelected\": false, \"borderColor\": \"black\"}, {\"x\": 4, \"y\": 11, \"seat\": true, \"color\": \"white\", \"isBuy\": false, \"isSelected\": false, \"borderColor\": \"black\"}, {\"x\": 4, \"y\": 12, \"seat\": true, \"color\": \"white\", \"isBuy\": false, \"isSelected\": false, \"borderColor\": \"black\"}, {\"x\": 4, \"y\": 13, \"seat\": true, \"color\": \"white\", \"isBuy\": false, \"isSelected\": false, \"borderColor\": \"black\"}, {\"x\": 4, \"y\": 14, \"seat\": true, \"color\": \"white\", \"isBuy\": false, \"isSelected\": false, \"borderColor\": \"black\"}, {\"x\": 4, \"y\": 15, \"seat\": true, \"color\": \"white\", \"isBuy\": false, \"isSelected\": false, \"borderColor\": \"black\"}, {\"x\": 4, \"y\": 16, \"seat\": true, \"color\": \"white\", \"isBuy\": false, \"isSelected\": false, \"borderColor\": \"black\"}, {\"x\": 4, \"y\": 17, \"seat\": true, \"color\": \"white\", \"isBuy\": false, \"isSelected\": false, \"borderColor\": \"black\"}, {\"x\": 4, \"y\": 18, \"seat\": true, \"color\": \"white\", \"isBuy\": false, \"isSelected\": false, \"borderColor\": \"black\"}, {\"x\": 4, \"y\": 19, \"seat\": true, \"color\": \"white\", \"isBuy\": false, \"isSelected\": false, \"borderColor\": \"black\"}, {\"x\": 4, \"y\": 20, \"seat\": true, \"color\": \"white\", \"isBuy\": false, \"isSelected\": false, \"borderColor\": \"black\"}], [{\"x\": 5, \"y\": 1, \"seat\": false, \"color\": \"white\", \"borderColor\": \"white\"}, {\"x\": 5, \"y\": 2, \"seat\": false, \"color\": \"white\", \"borderColor\": \"white\"}, {\"x\": 5, \"y\": 3, \"seat\": false, \"color\": \"white\", \"borderColor\": \"white\"}, {\"x\": 5, \"y\": 4, \"seat\": false, \"color\": \"white\", \"borderColor\": \"white\"}, {\"x\": 5, \"y\": 5, \"seat\": false, \"color\": \"white\", \"borderColor\": \"white\"}, {\"x\": 5, \"y\": 6, \"seat\": false, \"color\": \"white\", \"borderColor\": \"white\"}, {\"x\": 5, \"y\": 7, \"seat\": false, \"color\": \"white\", \"borderColor\": \"white\"}, {\"x\": 5, \"y\": 8, \"seat\": false, \"color\": \"white\", \"borderColor\": \"white\"}, {\"x\": 5, \"y\": 9, \"seat\": false, \"color\": \"white\", \"borderColor\": \"white\"}, {\"x\": 5, \"y\": 10, \"seat\": false, \"color\": \"white\", \"borderColor\": \"white\"}, {\"x\": 5, \"y\": 11, \"seat\": false, \"color\": \"white\", \"borderColor\": \"white\"}, {\"x\": 5, \"y\": 12, \"seat\": false, \"color\": \"white\", \"borderColor\": \"white\"}, {\"x\": 5, \"y\": 13, \"seat\": false, \"color\": \"white\", \"borderColor\": \"white\"}, {\"x\": 5, \"y\": 14, \"seat\": false, \"color\": \"white\", \"borderColor\": \"white\"}, {\"x\": 5, \"y\": 15, \"seat\": false, \"color\": \"white\", \"borderColor\": \"white\"}, {\"x\": 5, \"y\": 16, \"seat\": false, \"color\": \"white\", \"borderColor\": \"white\"}, {\"x\": 5, \"y\": 17, \"seat\": false, \"color\": \"white\", \"borderColor\": \"white\"}, {\"x\": 5, \"y\": 18, \"seat\": false, \"color\": \"white\", \"borderColor\": \"white\"}, {\"x\": 5, \"y\": 19, \"seat\": false, \"color\": \"white\", \"borderColor\": \"white\"}, {\"x\": 5, \"y\": 20, \"seat\": false, \"color\": \"white\", \"borderColor\": \"white\"}], [{\"x\": 6, \"y\": 1, \"seat\": false, \"color\": \"white\", \"borderColor\": \"white\"}, {\"x\": 6, \"y\": 2, \"seat\": true, \"color\": \"white\", \"isBuy\": false, \"isSelected\": false, \"borderColor\": \"black\"}, {\"x\": 6, \"y\": 3, \"seat\": true, \"color\": \"white\", \"isBuy\": false, \"isSelected\": false, \"borderColor\": \"black\"}, {\"x\": 6, \"y\": 4, \"seat\": true, \"color\": \"white\", \"isBuy\": false, \"isSelected\": false, \"borderColor\": \"black\"}, {\"x\": 6, \"y\": 5, \"seat\": true, \"color\": \"white\", \"isBuy\": false, \"isSelected\": false, \"borderColor\": \"black\"}, {\"x\": 6, \"y\": 6, \"seat\": true, \"color\": \"white\", \"isBuy\": false, \"isSelected\": false, \"borderColor\": \"black\"}, {\"x\": 6, \"y\": 7, \"seat\": true, \"color\": \"white\", \"isBuy\": false, \"isSelected\": false, \"borderColor\": \"black\"}, {\"x\": 6, \"y\": 8, \"seat\": true, \"color\": \"white\", \"isBuy\": false, \"isSelected\": false, \"borderColor\": \"black\"}, {\"x\": 6, \"y\": 9, \"seat\": true, \"color\": \"white\", \"isBuy\": false, \"isSelected\": false, \"borderColor\": \"black\"}, {\"x\": 6, \"y\": 10, \"seat\": false, \"color\": \"white\", \"borderColor\": \"white\"}, {\"x\": 6, \"y\": 11, \"seat\": false, \"color\": \"white\", \"borderColor\": \"white\"}, {\"x\": 6, \"y\": 12, \"seat\": true, \"color\": \"white\", \"isBuy\": false, \"isSelected\": false, \"borderColor\": \"black\"}, {\"x\": 6, \"y\": 13, \"seat\": true, \"color\": \"white\", \"isBuy\": false, \"isSelected\": false, \"borderColor\": \"black\"}, {\"x\": 6, \"y\": 14, \"seat\": true, \"color\": \"white\", \"isBuy\": false, \"isSelected\": false, \"borderColor\": \"black\"}, {\"x\": 6, \"y\": 15, \"seat\": true, \"color\": \"white\", \"isBuy\": false, \"isSelected\": false, \"borderColor\": \"black\"}, {\"x\": 6, \"y\": 16, \"seat\": true, \"color\": \"white\", \"isBuy\": false, \"isSelected\": false, \"borderColor\": \"black\"}, {\"x\": 6, \"y\": 17, \"seat\": true, \"color\": \"white\", \"isBuy\": false, \"isSelected\": false, \"borderColor\": \"black\"}, {\"x\": 6, \"y\": 18, \"seat\": true, \"color\": \"white\", \"isBuy\": false, \"isSelected\": false, \"borderColor\": \"black\"}, {\"x\": 6, \"y\": 19, \"seat\": true, \"color\": \"white\", \"isBuy\": false, \"isSelected\": false, \"borderColor\": \"black\"}, {\"x\": 6, \"y\": 20, \"seat\": false, \"color\": \"white\", \"borderColor\": \"white\"}], [{\"x\": 7, \"y\": 1, \"seat\": false, \"color\": \"white\", \"borderColor\": \"white\"}, {\"x\": 7, \"y\": 2, \"seat\": true, \"color\": \"white\", \"isBuy\": false, \"isSelected\": false, \"borderColor\": \"black\"}, {\"x\": 7, \"y\": 3, \"seat\": true, \"color\": \"white\", \"isBuy\": false, \"isSelected\": false, \"borderColor\": \"black\"}, {\"x\": 7, \"y\": 4, \"seat\": true, \"color\": \"white\", \"isBuy\": false, \"isSelected\": false, \"borderColor\": \"black\"}, {\"x\": 7, \"y\": 5, \"seat\": true, \"color\": \"white\", \"isBuy\": false, \"isSelected\": false, \"borderColor\": \"black\"}, {\"x\": 7, \"y\": 6, \"seat\": true, \"color\": \"white\", \"isBuy\": false, \"isSelected\": false, \"borderColor\": \"black\"}, {\"x\": 7, \"y\": 7, \"seat\": true, \"color\": \"white\", \"isBuy\": false, \"isSelected\": false, \"borderColor\": \"black\"}, {\"x\": 7, \"y\": 8, \"seat\": true, \"color\": \"white\", \"isBuy\": false, \"isSelected\": false, \"borderColor\": \"black\"}, {\"x\": 7, \"y\": 9, \"seat\": true, \"color\": \"white\", \"isBuy\": false, \"isSelected\": false, \"borderColor\": \"black\"}, {\"x\": 7, \"y\": 10, \"seat\": false, \"color\": \"white\", \"borderColor\": \"white\"}, {\"x\": 7, \"y\": 11, \"seat\": false, \"color\": \"white\", \"borderColor\": \"white\"}, {\"x\": 7, \"y\": 12, \"seat\": true, \"color\": \"white\", \"isBuy\": false, \"isSelected\": false, \"borderColor\": \"black\"}, {\"x\": 7, \"y\": 13, \"seat\": true, \"color\": \"white\", \"isBuy\": false, \"isSelected\": false, \"borderColor\": \"black\"}, {\"x\": 7, \"y\": 14, \"seat\": true, \"color\": \"white\", \"isBuy\": false, \"isSelected\": false, \"borderColor\": \"black\"}, {\"x\": 7, \"y\": 15, \"seat\": true, \"color\": \"white\", \"isBuy\": false, \"isSelected\": false, \"borderColor\": \"black\"}, {\"x\": 7, \"y\": 16, \"seat\": true, \"color\": \"white\", \"isBuy\": false, \"isSelected\": false, \"borderColor\": \"black\"}, {\"x\": 7, \"y\": 17, \"seat\": true, \"color\": \"white\", \"isBuy\": false, \"isSelected\": false, \"borderColor\": \"black\"}, {\"x\": 7, \"y\": 18, \"seat\": true, \"color\": \"white\", \"isBuy\": false, \"isSelected\": false, \"borderColor\": \"black\"}, {\"x\": 7, \"y\": 19, \"seat\": true, \"color\": \"white\", \"isBuy\": false, \"isSelected\": false, \"borderColor\": \"black\"}, {\"x\": 7, \"y\": 20, \"seat\": false, \"color\": \"white\", \"borderColor\": \"white\"}], [{\"x\": 8, \"y\": 1, \"seat\": false, \"color\": \"white\", \"borderColor\": \"white\"}, {\"x\": 8, \"y\": 2, \"seat\": true, \"color\": \"white\", \"isBuy\": false, \"isSelected\": false, \"borderColor\": \"black\"}, {\"x\": 8, \"y\": 3, \"seat\": true, \"color\": \"white\", \"isBuy\": false, \"isSelected\": false, \"borderColor\": \"black\"}, {\"x\": 8, \"y\": 4, \"seat\": true, \"color\": \"white\", \"isBuy\": false, \"isSelected\": false, \"borderColor\": \"black\"}, {\"x\": 8, \"y\": 5, \"seat\": true, \"color\": \"white\", \"isBuy\": false, \"isSelected\": false, \"borderColor\": \"black\"}, {\"x\": 8, \"y\": 6, \"seat\": true, \"color\": \"white\", \"isBuy\": false, \"isSelected\": false, \"borderColor\": \"black\"}, {\"x\": 8, \"y\": 7, \"seat\": true, \"color\": \"white\", \"isBuy\": false, \"isSelected\": false, \"borderColor\": \"black\"}, {\"x\": 8, \"y\": 8, \"seat\": true, \"color\": \"white\", \"isBuy\": false, \"isSelected\": false, \"borderColor\": \"black\"}, {\"x\": 8, \"y\": 9, \"seat\": true, \"color\": \"white\", \"isBuy\": false, \"isSelected\": false, \"borderColor\": \"black\"}, {\"x\": 8, \"y\": 10, \"seat\": false, \"color\": \"white\", \"borderColor\": \"white\"}, {\"x\": 8, \"y\": 11, \"seat\": false, \"color\": \"white\", \"borderColor\": \"white\"}, {\"x\": 8, \"y\": 12, \"seat\": true, \"color\": \"white\", \"isBuy\": false, \"isSelected\": false, \"borderColor\": \"black\"}, {\"x\": 8, \"y\": 13, \"seat\": true, \"color\": \"white\", \"isBuy\": false, \"isSelected\": false, \"borderColor\": \"black\"}, {\"x\": 8, \"y\": 14, \"seat\": true, \"color\": \"white\", \"isBuy\": false, \"isSelected\": false, \"borderColor\": \"black\"}, {\"x\": 8, \"y\": 15, \"seat\": true, \"color\": \"white\", \"isBuy\": false, \"isSelected\": false, \"borderColor\": \"black\"}, {\"x\": 8, \"y\": 16, \"seat\": true, \"color\": \"white\", \"isBuy\": false, \"isSelected\": false, \"borderColor\": \"black\"}, {\"x\": 8, \"y\": 17, \"seat\": true, \"color\": \"white\", \"isBuy\": false, \"isSelected\": false, \"borderColor\": \"black\"}, {\"x\": 8, \"y\": 18, \"seat\": true, \"color\": \"white\", \"isBuy\": false, \"isSelected\": false, \"borderColor\": \"black\"}, {\"x\": 8, \"y\": 19, \"seat\": true, \"color\": \"white\", \"isBuy\": false, \"isSelected\": false, \"borderColor\": \"black\"}, {\"x\": 8, \"y\": 20, \"seat\": false, \"color\": \"white\", \"borderColor\": \"white\"}], [{\"x\": 9, \"y\": 1, \"seat\": false, \"color\": \"white\", \"borderColor\": \"white\"}, {\"x\": 9, \"y\": 2, \"seat\": true, \"color\": \"white\", \"isBuy\": false, \"isSelected\": false, \"borderColor\": \"black\"}, {\"x\": 9, \"y\": 3, \"seat\": true, \"color\": \"white\", \"isBuy\": false, \"isSelected\": false, \"borderColor\": \"black\"}, {\"x\": 9, \"y\": 4, \"seat\": true, \"color\": \"white\", \"isBuy\": false, \"isSelected\": false, \"borderColor\": \"black\"}, {\"x\": 9, \"y\": 5, \"seat\": true, \"color\": \"white\", \"isBuy\": false, \"isSelected\": false, \"borderColor\": \"black\"}, {\"x\": 9, \"y\": 6, \"seat\": true, \"color\": \"white\", \"isBuy\": false, \"isSelected\": false, \"borderColor\": \"black\"}, {\"x\": 9, \"y\": 7, \"seat\": true, \"color\": \"white\", \"isBuy\": false, \"isSelected\": false, \"borderColor\": \"black\"}, {\"x\": 9, \"y\": 8, \"seat\": true, \"color\": \"white\", \"isBuy\": false, \"isSelected\": false, \"borderColor\": \"black\"}, {\"x\": 9, \"y\": 9, \"seat\": true, \"color\": \"white\", \"isBuy\": false, \"isSelected\": false, \"borderColor\": \"black\"}, {\"x\": 9, \"y\": 10, \"seat\": false, \"color\": \"white\", \"borderColor\": \"white\"}, {\"x\": 9, \"y\": 11, \"seat\": false, \"color\": \"white\", \"borderColor\": \"white\"}, {\"x\": 9, \"y\": 12, \"seat\": true, \"color\": \"white\", \"isBuy\": false, \"isSelected\": false, \"borderColor\": \"black\"}, {\"x\": 9, \"y\": 13, \"seat\": true, \"color\": \"white\", \"isBuy\": false, \"isSelected\": false, \"borderColor\": \"black\"}, {\"x\": 9, \"y\": 14, \"seat\": true, \"color\": \"white\", \"isBuy\": false, \"isSelected\": false, \"borderColor\": \"black\"}, {\"x\": 9, \"y\": 15, \"seat\": true, \"color\": \"white\", \"isBuy\": false, \"isSelected\": false, \"borderColor\": \"black\"}, {\"x\": 9, \"y\": 16, \"seat\": true, \"color\": \"white\", \"isBuy\": false, \"isSelected\": false, \"borderColor\": \"black\"}, {\"x\": 9, \"y\": 17, \"seat\": true, \"color\": \"white\", \"isBuy\": false, \"isSelected\": false, \"borderColor\": \"black\"}, {\"x\": 9, \"y\": 18, \"seat\": true, \"color\": \"white\", \"isBuy\": false, \"isSelected\": false, \"borderColor\": \"black\"}, {\"x\": 9, \"y\": 19, \"seat\": true, \"color\": \"white\", \"isBuy\": false, \"isSelected\": false, \"borderColor\": \"black\"}, {\"x\": 9, \"y\": 20, \"seat\": false, \"color\": \"white\", \"borderColor\": \"white\"}], [{\"x\": 10, \"y\": 1, \"seat\": false, \"color\": \"white\", \"borderColor\": \"white\"}, {\"x\": 10, \"y\": 2, \"seat\": true, \"color\": \"white\", \"isBuy\": false, \"isSelected\": false, \"borderColor\": \"black\"}, {\"x\": 10, \"y\": 3, \"seat\": true, \"color\": \"white\", \"isBuy\": false, \"isSelected\": false, \"borderColor\": \"black\"}, {\"x\": 10, \"y\": 4, \"seat\": true, \"color\": \"white\", \"isBuy\": false, \"isSelected\": false, \"borderColor\": \"black\"}, {\"x\": 10, \"y\": 5, \"seat\": true, \"color\": \"white\", \"isBuy\": false, \"isSelected\": false, \"borderColor\": \"black\"}, {\"x\": 10, \"y\": 6, \"seat\": true, \"color\": \"white\", \"isBuy\": false, \"isSelected\": false, \"borderColor\": \"black\"}, {\"x\": 10, \"y\": 7, \"seat\": true, \"color\": \"white\", \"isBuy\": false, \"isSelected\": false, \"borderColor\": \"black\"}, {\"x\": 10, \"y\": 8, \"seat\": true, \"color\": \"white\", \"isBuy\": false, \"isSelected\": false, \"borderColor\": \"black\"}, {\"x\": 10, \"y\": 9, \"seat\": true, \"color\": \"white\", \"isBuy\": false, \"isSelected\": false, \"borderColor\": \"black\"}, {\"x\": 10, \"y\": 10, \"seat\": false, \"color\": \"white\", \"borderColor\": \"white\"}, {\"x\": 10, \"y\": 11, \"seat\": false, \"color\": \"white\", \"borderColor\": \"white\"}, {\"x\": 10, \"y\": 12, \"seat\": true, \"color\": \"white\", \"isBuy\": false, \"isSelected\": false, \"borderColor\": \"black\"}, {\"x\": 10, \"y\": 13, \"seat\": true, \"color\": \"white\", \"isBuy\": false, \"isSelected\": false, \"borderColor\": \"black\"}, {\"x\": 10, \"y\": 14, \"seat\": true, \"color\": \"white\", \"isBuy\": false, \"isSelected\": false, \"borderColor\": \"black\"}, {\"x\": 10, \"y\": 15, \"seat\": true, \"color\": \"white\", \"isBuy\": false, \"isSelected\": false, \"borderColor\": \"black\"}, {\"x\": 10, \"y\": 16, \"seat\": true, \"color\": \"white\", \"isBuy\": false, \"isSelected\": false, \"borderColor\": \"black\"}, {\"x\": 10, \"y\": 17, \"seat\": true, \"color\": \"white\", \"isBuy\": false, \"isSelected\": false, \"borderColor\": \"black\"}, {\"x\": 10, \"y\": 18, \"seat\": true, \"color\": \"white\", \"isBuy\": false, \"isSelected\": false, \"borderColor\": \"black\"}, {\"x\": 10, \"y\": 19, \"seat\": true, \"color\": \"white\", \"isBuy\": false, \"isSelected\": false, \"borderColor\": \"black\"}, {\"x\": 10, \"y\": 20, \"seat\": false, \"color\": \"white\", \"borderColor\": \"white\"}]]','2025-04-30 22:00:00'),('22ba22469058423f98fd1f027a0d0944','cac9ffeb481d439992dfc610d0d106ed','002b489eb2794b94a9e41b8c3d606cad','077158e9eecc4532b0e5b24b53ccf4db','2025-05-15 14:00:00',69.30,'[[{\"x\": 1, \"y\": 1, \"seat\": true, \"color\": \"white\", \"isBuy\": false, \"isSelected\": false, \"borderColor\": \"black\"}, {\"x\": 1, \"y\": 2, \"seat\": true, \"color\": \"white\", \"isBuy\": false, \"isSelected\": false, \"borderColor\": \"black\"}, {\"x\": 1, \"y\": 3, \"seat\": true, \"color\": \"white\", \"isBuy\": false, \"isSelected\": false, \"borderColor\": \"black\"}, {\"x\": 1, \"y\": 4, \"seat\": true, \"color\": \"white\", \"isBuy\": false, \"isSelected\": false, \"borderColor\": \"black\"}, {\"x\": 1, \"y\": 5, \"seat\": true, \"color\": \"white\", \"isBuy\": false, \"isSelected\": false, \"borderColor\": \"black\"}, {\"x\": 1, \"y\": 6, \"seat\": true, \"color\": \"white\", \"isBuy\": false, \"isSelected\": false, \"borderColor\": \"black\"}, {\"x\": 1, \"y\": 7, \"seat\": true, \"color\": \"white\", \"isBuy\": false, \"isSelected\": false, \"borderColor\": \"black\"}, {\"x\": 1, \"y\": 8, \"seat\": true, \"color\": \"white\", \"isBuy\": false, \"isSelected\": false, \"borderColor\": \"black\"}, {\"x\": 1, \"y\": 9, \"seat\": true, \"color\": \"white\", \"isBuy\": false, \"isSelected\": false, \"borderColor\": \"black\"}, {\"x\": 1, \"y\": 10, \"seat\": true, \"color\": \"white\", \"isBuy\": false, \"isSelected\": false, \"borderColor\": \"black\"}, {\"x\": 1, \"y\": 11, \"seat\": true, \"color\": \"white\", \"isBuy\": false, \"isSelected\": false, \"borderColor\": \"black\"}, {\"x\": 1, \"y\": 12, \"seat\": true, \"color\": \"white\", \"isBuy\": false, \"isSelected\": false, \"borderColor\": \"black\"}, {\"x\": 1, \"y\": 13, \"seat\": true, \"color\": \"white\", \"isBuy\": false, \"isSelected\": false, \"borderColor\": \"black\"}, {\"x\": 1, \"y\": 14, \"seat\": true, \"color\": \"white\", \"isBuy\": false, \"isSelected\": false, \"borderColor\": \"black\"}, {\"x\": 1, \"y\": 15, \"seat\": true, \"color\": \"white\", \"isBuy\": false, \"isSelected\": false, \"borderColor\": \"black\"}, {\"x\": 1, \"y\": 16, \"seat\": true, \"color\": \"white\", \"isBuy\": false, \"isSelected\": false, \"borderColor\": \"black\"}, {\"x\": 1, \"y\": 17, \"seat\": true, \"color\": \"white\", \"isBuy\": false, \"isSelected\": false, \"borderColor\": \"black\"}, {\"x\": 1, \"y\": 18, \"seat\": true, \"color\": \"white\", \"isBuy\": false, \"isSelected\": false, \"borderColor\": \"black\"}, {\"x\": 1, \"y\": 19, \"seat\": true, \"color\": \"white\", \"isBuy\": false, \"isSelected\": false, \"borderColor\": \"black\"}, {\"x\": 1, \"y\": 20, \"seat\": true, \"color\": \"white\", \"isBuy\": false, \"isSelected\": false, \"borderColor\": \"black\"}], [{\"x\": 2, \"y\": 1, \"seat\": true, \"color\": \"white\", \"isBuy\": false, \"isSelected\": false, \"borderColor\": \"black\"}, {\"x\": 2, \"y\": 2, \"seat\": true, \"color\": \"white\", \"isBuy\": false, \"isSelected\": false, \"borderColor\": \"black\"}, {\"x\": 2, \"y\": 3, \"seat\": true, \"color\": \"white\", \"isBuy\": false, \"isSelected\": false, \"borderColor\": \"black\"}, {\"x\": 2, \"y\": 4, \"seat\": true, \"color\": \"white\", \"isBuy\": false, \"isSelected\": false, \"borderColor\": \"black\"}, {\"x\": 2, \"y\": 5, \"seat\": true, \"color\": \"white\", \"isBuy\": false, \"isSelected\": false, \"borderColor\": \"black\"}, {\"x\": 2, \"y\": 6, \"seat\": true, \"color\": \"white\", \"isBuy\": false, \"isSelected\": false, \"borderColor\": \"black\"}, {\"x\": 2, \"y\": 7, \"seat\": true, \"color\": \"white\", \"isBuy\": false, \"isSelected\": false, \"borderColor\": \"black\"}, {\"x\": 2, \"y\": 8, \"seat\": true, \"color\": \"white\", \"isBuy\": false, \"isSelected\": false, \"borderColor\": \"black\"}, {\"x\": 2, \"y\": 9, \"seat\": true, \"color\": \"white\", \"isBuy\": false, \"isSelected\": false, \"borderColor\": \"black\"}, {\"x\": 2, \"y\": 10, \"seat\": true, \"color\": \"white\", \"isBuy\": false, \"isSelected\": false, \"borderColor\": \"black\"}, {\"x\": 2, \"y\": 11, \"seat\": true, \"color\": \"white\", \"isBuy\": false, \"isSelected\": false, \"borderColor\": \"black\"}, {\"x\": 2, \"y\": 12, \"seat\": true, \"color\": \"red\", \"isBuy\": true, \"isSelected\": false, \"borderColor\": \"black\"}, {\"x\": 2, \"y\": 13, \"seat\": true, \"color\": \"white\", \"isBuy\": false, \"isSelected\": false, \"borderColor\": \"black\"}, {\"x\": 2, \"y\": 14, \"seat\": true, \"color\": \"white\", \"isBuy\": false, \"isSelected\": false, \"borderColor\": \"black\"}, {\"x\": 2, \"y\": 15, \"seat\": true, \"color\": \"white\", \"isBuy\": false, \"isSelected\": false, \"borderColor\": \"black\"}, {\"x\": 2, \"y\": 16, \"seat\": true, \"color\": \"white\", \"isBuy\": false, \"isSelected\": false, \"borderColor\": \"black\"}, {\"x\": 2, \"y\": 17, \"seat\": true, \"color\": \"white\", \"isBuy\": false, \"isSelected\": false, \"borderColor\": \"black\"}, {\"x\": 2, \"y\": 18, \"seat\": true, \"color\": \"white\", \"isBuy\": false, \"isSelected\": false, \"borderColor\": \"black\"}, {\"x\": 2, \"y\": 19, \"seat\": true, \"color\": \"white\", \"isBuy\": false, \"isSelected\": false, \"borderColor\": \"black\"}, {\"x\": 2, \"y\": 20, \"seat\": true, \"color\": \"white\", \"isBuy\": false, \"isSelected\": false, \"borderColor\": \"black\"}], [{\"x\": 3, \"y\": 1, \"seat\": true, \"color\": \"white\", \"isBuy\": false, \"isSelected\": false, \"borderColor\": \"black\"}, {\"x\": 3, \"y\": 2, \"seat\": true, \"color\": \"white\", \"isBuy\": false, \"isSelected\": false, \"borderColor\": \"black\"}, {\"x\": 3, \"y\": 3, \"seat\": true, \"color\": \"white\", \"isBuy\": false, \"isSelected\": false, \"borderColor\": \"black\"}, {\"x\": 3, \"y\": 4, \"seat\": true, \"color\": \"white\", \"isBuy\": false, \"isSelected\": false, \"borderColor\": \"black\"}, {\"x\": 3, \"y\": 5, \"seat\": true, \"color\": \"white\", \"isBuy\": false, \"isSelected\": false, \"borderColor\": \"black\"}, {\"x\": 3, \"y\": 6, \"seat\": true, \"color\": \"white\", \"isBuy\": false, \"isSelected\": false, \"borderColor\": \"black\"}, {\"x\": 3, \"y\": 7, \"seat\": true, \"color\": \"white\", \"isBuy\": false, \"isSelected\": false, \"borderColor\": \"black\"}, {\"x\": 3, \"y\": 8, \"seat\": true, \"color\": \"white\", \"isBuy\": false, \"isSelected\": false, \"borderColor\": \"black\"}, {\"x\": 3, \"y\": 9, \"seat\": true, \"color\": \"white\", \"isBuy\": false, \"isSelected\": false, \"borderColor\": \"black\"}, {\"x\": 3, \"y\": 10, \"seat\": true, \"color\": \"white\", \"isBuy\": false, \"isSelected\": false, \"borderColor\": \"black\"}, {\"x\": 3, \"y\": 11, \"seat\": true, \"color\": \"white\", \"isBuy\": false, \"isSelected\": false, \"borderColor\": \"black\"}, {\"x\": 3, \"y\": 12, \"seat\": true, \"color\": \"white\", \"isBuy\": false, \"isSelected\": false, \"borderColor\": \"black\"}, {\"x\": 3, \"y\": 13, \"seat\": true, \"color\": \"white\", \"isBuy\": false, \"isSelected\": false, \"borderColor\": \"black\"}, {\"x\": 3, \"y\": 14, \"seat\": true, \"color\": \"white\", \"isBuy\": false, \"isSelected\": false, \"borderColor\": \"black\"}, {\"x\": 3, \"y\": 15, \"seat\": true, \"color\": \"red\", \"isBuy\": true, \"isSelected\": false, \"borderColor\": \"black\"}, {\"x\": 3, \"y\": 16, \"seat\": true, \"color\": \"red\", \"isBuy\": true, \"isSelected\": false, \"borderColor\": \"black\"}, {\"x\": 3, \"y\": 17, \"seat\": true, \"color\": \"white\", \"isBuy\": false, \"isSelected\": false, \"borderColor\": \"black\"}, {\"x\": 3, \"y\": 18, \"seat\": true, \"color\": \"white\", \"isBuy\": false, \"isSelected\": false, \"borderColor\": \"black\"}, {\"x\": 3, \"y\": 19, \"seat\": true, \"color\": \"white\", \"isBuy\": false, \"isSelected\": false, \"borderColor\": \"black\"}, {\"x\": 3, \"y\": 20, \"seat\": true, \"color\": \"white\", \"isBuy\": false, \"isSelected\": false, \"borderColor\": \"black\"}], [{\"x\": 4, \"y\": 1, \"seat\": true, \"color\": \"white\", \"isBuy\": false, \"isSelected\": false, \"borderColor\": \"black\"}, {\"x\": 4, \"y\": 2, \"seat\": true, \"color\": \"white\", \"isBuy\": false, \"isSelected\": false, \"borderColor\": \"black\"}, {\"x\": 4, \"y\": 3, \"seat\": true, \"color\": \"white\", \"isBuy\": false, \"isSelected\": false, \"borderColor\": \"black\"}, {\"x\": 4, \"y\": 4, \"seat\": true, \"color\": \"white\", \"isBuy\": false, \"isSelected\": false, \"borderColor\": \"black\"}, {\"x\": 4, \"y\": 5, \"seat\": true, \"color\": \"red\", \"isBuy\": true, \"isSelected\": false, \"borderColor\": \"black\"}, {\"x\": 4, \"y\": 6, \"seat\": true, \"color\": \"white\", \"isBuy\": false, \"isSelected\": false, \"borderColor\": \"black\"}, {\"x\": 4, \"y\": 7, \"seat\": true, \"color\": \"white\", \"isBuy\": false, \"isSelected\": false, \"borderColor\": \"black\"}, {\"x\": 4, \"y\": 8, \"seat\": true, \"color\": \"white\", \"isBuy\": false, \"isSelected\": false, \"borderColor\": \"black\"}, {\"x\": 4, \"y\": 9, \"seat\": true, \"color\": \"white\", \"isBuy\": false, \"isSelected\": false, \"borderColor\": \"black\"}, {\"x\": 4, \"y\": 10, \"seat\": true, \"color\": \"white\", \"isBuy\": false, \"isSelected\": false, \"borderColor\": \"black\"}, {\"x\": 4, \"y\": 11, \"seat\": true, \"color\": \"white\", \"isBuy\": false, \"isSelected\": false, \"borderColor\": \"black\"}, {\"x\": 4, \"y\": 12, \"seat\": true, \"color\": \"white\", \"isBuy\": false, \"isSelected\": false, \"borderColor\": \"black\"}, {\"x\": 4, \"y\": 13, \"seat\": true, \"color\": \"white\", \"isBuy\": false, \"isSelected\": false, \"borderColor\": \"black\"}, {\"x\": 4, \"y\": 14, \"seat\": true, \"color\": \"white\", \"isBuy\": false, \"isSelected\": false, \"borderColor\": \"black\"}, {\"x\": 4, \"y\": 15, \"seat\": true, \"color\": \"white\", \"isBuy\": false, \"isSelected\": false, \"borderColor\": \"black\"}, {\"x\": 4, \"y\": 16, \"seat\": true, \"color\": \"white\", \"isBuy\": false, \"isSelected\": false, \"borderColor\": \"black\"}, {\"x\": 4, \"y\": 17, \"seat\": true, \"color\": \"white\", \"isBuy\": false, \"isSelected\": false, \"borderColor\": \"black\"}, {\"x\": 4, \"y\": 18, \"seat\": true, \"color\": \"white\", \"isBuy\": false, \"isSelected\": false, \"borderColor\": \"black\"}, {\"x\": 4, \"y\": 19, \"seat\": true, \"color\": \"white\", \"isBuy\": false, \"isSelected\": false, \"borderColor\": \"black\"}, {\"x\": 4, \"y\": 20, \"seat\": true, \"color\": \"white\", \"isBuy\": false, \"isSelected\": false, \"borderColor\": \"black\"}], [{\"x\": 5, \"y\": 1, \"seat\": false, \"color\": \"white\", \"borderColor\": \"white\"}, {\"x\": 5, \"y\": 2, \"seat\": false, \"color\": \"white\", \"borderColor\": \"white\"}, {\"x\": 5, \"y\": 3, \"seat\": false, \"color\": \"white\", \"borderColor\": \"white\"}, {\"x\": 5, \"y\": 4, \"seat\": false, \"color\": \"white\", \"borderColor\": \"white\"}, {\"x\": 5, \"y\": 5, \"seat\": false, \"color\": \"white\", \"borderColor\": \"white\"}, {\"x\": 5, \"y\": 6, \"seat\": false, \"color\": \"white\", \"borderColor\": \"white\"}, {\"x\": 5, \"y\": 7, \"seat\": false, \"color\": \"white\", \"borderColor\": \"white\"}, {\"x\": 5, \"y\": 8, \"seat\": false, \"color\": \"white\", \"borderColor\": \"white\"}, {\"x\": 5, \"y\": 9, \"seat\": false, \"color\": \"white\", \"borderColor\": \"white\"}, {\"x\": 5, \"y\": 10, \"seat\": false, \"color\": \"white\", \"borderColor\": \"white\"}, {\"x\": 5, \"y\": 11, \"seat\": false, \"color\": \"white\", \"borderColor\": \"white\"}, {\"x\": 5, \"y\": 12, \"seat\": false, \"color\": \"white\", \"borderColor\": \"white\"}, {\"x\": 5, \"y\": 13, \"seat\": false, \"color\": \"white\", \"borderColor\": \"white\"}, {\"x\": 5, \"y\": 14, \"seat\": false, \"color\": \"white\", \"borderColor\": \"white\"}, {\"x\": 5, \"y\": 15, \"seat\": false, \"color\": \"white\", \"borderColor\": \"white\"}, {\"x\": 5, \"y\": 16, \"seat\": false, \"color\": \"white\", \"borderColor\": \"white\"}, {\"x\": 5, \"y\": 17, \"seat\": false, \"color\": \"white\", \"borderColor\": \"white\"}, {\"x\": 5, \"y\": 18, \"seat\": false, \"color\": \"white\", \"borderColor\": \"white\"}, {\"x\": 5, \"y\": 19, \"seat\": false, \"color\": \"white\", \"borderColor\": \"white\"}, {\"x\": 5, \"y\": 20, \"seat\": false, \"color\": \"white\", \"borderColor\": \"white\"}], [{\"x\": 6, \"y\": 1, \"seat\": false, \"color\": \"white\", \"borderColor\": \"white\"}, {\"x\": 6, \"y\": 2, \"seat\": true, \"color\": \"white\", \"isBuy\": false, \"isSelected\": false, \"borderColor\": \"black\"}, {\"x\": 6, \"y\": 3, \"seat\": true, \"color\": \"white\", \"isBuy\": false, \"isSelected\": false, \"borderColor\": \"black\"}, {\"x\": 6, \"y\": 4, \"seat\": true, \"color\": \"white\", \"isBuy\": false, \"isSelected\": false, \"borderColor\": \"black\"}, {\"x\": 6, \"y\": 5, \"seat\": true, \"color\": \"white\", \"isBuy\": false, \"isSelected\": false, \"borderColor\": \"black\"}, {\"x\": 6, \"y\": 6, \"seat\": true, \"color\": \"white\", \"isBuy\": false, \"isSelected\": false, \"borderColor\": \"black\"}, {\"x\": 6, \"y\": 7, \"seat\": true, \"color\": \"white\", \"isBuy\": false, \"isSelected\": false, \"borderColor\": \"black\"}, {\"x\": 6, \"y\": 8, \"seat\": true, \"color\": \"white\", \"isBuy\": false, \"isSelected\": false, \"borderColor\": \"black\"}, {\"x\": 6, \"y\": 9, \"seat\": true, \"color\": \"white\", \"isBuy\": false, \"isSelected\": false, \"borderColor\": \"black\"}, {\"x\": 6, \"y\": 10, \"seat\": false, \"color\": \"white\", \"borderColor\": \"white\"}, {\"x\": 6, \"y\": 11, \"seat\": false, \"color\": \"white\", \"borderColor\": \"white\"}, {\"x\": 6, \"y\": 12, \"seat\": true, \"color\": \"white\", \"isBuy\": false, \"isSelected\": false, \"borderColor\": \"black\"}, {\"x\": 6, \"y\": 13, \"seat\": true, \"color\": \"white\", \"isBuy\": false, \"isSelected\": false, \"borderColor\": \"black\"}, {\"x\": 6, \"y\": 14, \"seat\": true, \"color\": \"white\", \"isBuy\": false, \"isSelected\": false, \"borderColor\": \"black\"}, {\"x\": 6, \"y\": 15, \"seat\": true, \"color\": \"white\", \"isBuy\": false, \"isSelected\": false, \"borderColor\": \"black\"}, {\"x\": 6, \"y\": 16, \"seat\": true, \"color\": \"white\", \"isBuy\": false, \"isSelected\": false, \"borderColor\": \"black\"}, {\"x\": 6, \"y\": 17, \"seat\": true, \"color\": \"white\", \"isBuy\": false, \"isSelected\": false, \"borderColor\": \"black\"}, {\"x\": 6, \"y\": 18, \"seat\": true, \"color\": \"white\", \"isBuy\": false, \"isSelected\": false, \"borderColor\": \"black\"}, {\"x\": 6, \"y\": 19, \"seat\": true, \"color\": \"white\", \"isBuy\": false, \"isSelected\": false, \"borderColor\": \"black\"}, {\"x\": 6, \"y\": 20, \"seat\": false, \"color\": \"white\", \"borderColor\": \"white\"}], [{\"x\": 7, \"y\": 1, \"seat\": false, \"color\": \"white\", \"borderColor\": \"white\"}, {\"x\": 7, \"y\": 2, \"seat\": true, \"color\": \"white\", \"isBuy\": false, \"isSelected\": false, \"borderColor\": \"black\"}, {\"x\": 7, \"y\": 3, \"seat\": true, \"color\": \"white\", \"isBuy\": false, \"isSelected\": false, \"borderColor\": \"black\"}, {\"x\": 7, \"y\": 4, \"seat\": true, \"color\": \"white\", \"isBuy\": false, \"isSelected\": false, \"borderColor\": \"black\"}, {\"x\": 7, \"y\": 5, \"seat\": true, \"color\": \"white\", \"isBuy\": false, \"isSelected\": false, \"borderColor\": \"black\"}, {\"x\": 7, \"y\": 6, \"seat\": true, \"color\": \"white\", \"isBuy\": false, \"isSelected\": false, \"borderColor\": \"black\"}, {\"x\": 7, \"y\": 7, \"seat\": true, \"color\": \"white\", \"isBuy\": false, \"isSelected\": false, \"borderColor\": \"black\"}, {\"x\": 7, \"y\": 8, \"seat\": true, \"color\": \"white\", \"isBuy\": false, \"isSelected\": false, \"borderColor\": \"black\"}, {\"x\": 7, \"y\": 9, \"seat\": true, \"color\": \"red\", \"isBuy\": true, \"isSelected\": false, \"borderColor\": \"black\"}, {\"x\": 7, \"y\": 10, \"seat\": false, \"color\": \"white\", \"borderColor\": \"white\"}, {\"x\": 7, \"y\": 11, \"seat\": false, \"color\": \"white\", \"borderColor\": \"white\"}, {\"x\": 7, \"y\": 12, \"seat\": true, \"color\": \"white\", \"isBuy\": false, \"isSelected\": false, \"borderColor\": \"black\"}, {\"x\": 7, \"y\": 13, \"seat\": true, \"color\": \"white\", \"isBuy\": false, \"isSelected\": false, \"borderColor\": \"black\"}, {\"x\": 7, \"y\": 14, \"seat\": true, \"color\": \"white\", \"isBuy\": false, \"isSelected\": false, \"borderColor\": \"black\"}, {\"x\": 7, \"y\": 15, \"seat\": true, \"color\": \"white\", \"isBuy\": false, \"isSelected\": false, \"borderColor\": \"black\"}, {\"x\": 7, \"y\": 16, \"seat\": true, \"color\": \"white\", \"isBuy\": false, \"isSelected\": false, \"borderColor\": \"black\"}, {\"x\": 7, \"y\": 17, \"seat\": true, \"color\": \"white\", \"isBuy\": false, \"isSelected\": false, \"borderColor\": \"black\"}, {\"x\": 7, \"y\": 18, \"seat\": true, \"color\": \"white\", \"isBuy\": false, \"isSelected\": false, \"borderColor\": \"black\"}, {\"x\": 7, \"y\": 19, \"seat\": true, \"color\": \"white\", \"isBuy\": false, \"isSelected\": false, \"borderColor\": \"black\"}, {\"x\": 7, \"y\": 20, \"seat\": false, \"color\": \"white\", \"borderColor\": \"white\"}], [{\"x\": 8, \"y\": 1, \"seat\": false, \"color\": \"white\", \"borderColor\": \"white\"}, {\"x\": 8, \"y\": 2, \"seat\": true, \"color\": \"white\", \"isBuy\": false, \"isSelected\": false, \"borderColor\": \"black\"}, {\"x\": 8, \"y\": 3, \"seat\": true, \"color\": \"white\", \"isBuy\": false, \"isSelected\": false, \"borderColor\": \"black\"}, {\"x\": 8, \"y\": 4, \"seat\": true, \"color\": \"white\", \"isBuy\": false, \"isSelected\": false, \"borderColor\": \"black\"}, {\"x\": 8, \"y\": 5, \"seat\": true, \"color\": \"red\", \"isBuy\": true, \"isSelected\": false, \"borderColor\": \"black\"}, {\"x\": 8, \"y\": 6, \"seat\": true, \"color\": \"white\", \"isBuy\": false, \"isSelected\": false, \"borderColor\": \"black\"}, {\"x\": 8, \"y\": 7, \"seat\": true, \"color\": \"white\", \"isBuy\": false, \"isSelected\": false, \"borderColor\": \"black\"}, {\"x\": 8, \"y\": 8, \"seat\": true, \"color\": \"white\", \"isBuy\": false, \"isSelected\": false, \"borderColor\": \"black\"}, {\"x\": 8, \"y\": 9, \"seat\": true, \"color\": \"white\", \"isBuy\": false, \"isSelected\": false, \"borderColor\": \"black\"}, {\"x\": 8, \"y\": 10, \"seat\": false, \"color\": \"white\", \"borderColor\": \"white\"}, {\"x\": 8, \"y\": 11, \"seat\": false, \"color\": \"white\", \"borderColor\": \"white\"}, {\"x\": 8, \"y\": 12, \"seat\": true, \"color\": \"white\", \"isBuy\": false, \"isSelected\": false, \"borderColor\": \"black\"}, {\"x\": 8, \"y\": 13, \"seat\": true, \"color\": \"white\", \"isBuy\": false, \"isSelected\": false, \"borderColor\": \"black\"}, {\"x\": 8, \"y\": 14, \"seat\": true, \"color\": \"white\", \"isBuy\": false, \"isSelected\": false, \"borderColor\": \"black\"}, {\"x\": 8, \"y\": 15, \"seat\": true, \"color\": \"white\", \"isBuy\": false, \"isSelected\": false, \"borderColor\": \"black\"}, {\"x\": 8, \"y\": 16, \"seat\": true, \"color\": \"white\", \"isBuy\": false, \"isSelected\": false, \"borderColor\": \"black\"}, {\"x\": 8, \"y\": 17, \"seat\": true, \"color\": \"white\", \"isBuy\": false, \"isSelected\": false, \"borderColor\": \"black\"}, {\"x\": 8, \"y\": 18, \"seat\": true, \"color\": \"white\", \"isBuy\": false, \"isSelected\": false, \"borderColor\": \"black\"}, {\"x\": 8, \"y\": 19, \"seat\": true, \"color\": \"white\", \"isBuy\": false, \"isSelected\": false, \"borderColor\": \"black\"}, {\"x\": 8, \"y\": 20, \"seat\": false, \"color\": \"white\", \"borderColor\": \"white\"}], [{\"x\": 9, \"y\": 1, \"seat\": false, \"color\": \"white\", \"borderColor\": \"white\"}, {\"x\": 9, \"y\": 2, \"seat\": true, \"color\": \"white\", \"isBuy\": false, \"isSelected\": false, \"borderColor\": \"black\"}, {\"x\": 9, \"y\": 3, \"seat\": true, \"color\": \"white\", \"isBuy\": false, \"isSelected\": false, \"borderColor\": \"black\"}, {\"x\": 9, \"y\": 4, \"seat\": true, \"color\": \"white\", \"isBuy\": false, \"isSelected\": false, \"borderColor\": \"black\"}, {\"x\": 9, \"y\": 5, \"seat\": true, \"color\": \"white\", \"isBuy\": false, \"isSelected\": false, \"borderColor\": \"black\"}, {\"x\": 9, \"y\": 6, \"seat\": true, \"color\": \"white\", \"isBuy\": false, \"isSelected\": false, \"borderColor\": \"black\"}, {\"x\": 9, \"y\": 7, \"seat\": true, \"color\": \"white\", \"isBuy\": false, \"isSelected\": false, \"borderColor\": \"black\"}, {\"x\": 9, \"y\": 8, \"seat\": true, \"color\": \"white\", \"isBuy\": false, \"isSelected\": false, \"borderColor\": \"black\"}, {\"x\": 9, \"y\": 9, \"seat\": true, \"color\": \"white\", \"isBuy\": false, \"isSelected\": false, \"borderColor\": \"black\"}, {\"x\": 9, \"y\": 10, \"seat\": false, \"color\": \"white\", \"borderColor\": \"white\"}, {\"x\": 9, \"y\": 11, \"seat\": false, \"color\": \"white\", \"borderColor\": \"white\"}, {\"x\": 9, \"y\": 12, \"seat\": true, \"color\": \"white\", \"isBuy\": false, \"isSelected\": false, \"borderColor\": \"black\"}, {\"x\": 9, \"y\": 13, \"seat\": true, \"color\": \"white\", \"isBuy\": false, \"isSelected\": false, \"borderColor\": \"black\"}, {\"x\": 9, \"y\": 14, \"seat\": true, \"color\": \"white\", \"isBuy\": false, \"isSelected\": false, \"borderColor\": \"black\"}, {\"x\": 9, \"y\": 15, \"seat\": true, \"color\": \"white\", \"isBuy\": false, \"isSelected\": false, \"borderColor\": \"black\"}, {\"x\": 9, \"y\": 16, \"seat\": true, \"color\": \"white\", \"isBuy\": false, \"isSelected\": false, \"borderColor\": \"black\"}, {\"x\": 9, \"y\": 17, \"seat\": true, \"color\": \"white\", \"isBuy\": false, \"isSelected\": false, \"borderColor\": \"black\"}, {\"x\": 9, \"y\": 18, \"seat\": true, \"color\": \"red\", \"isBuy\": true, \"isSelected\": false, \"borderColor\": \"black\"}, {\"x\": 9, \"y\": 19, \"seat\": true, \"color\": \"red\", \"isBuy\": true, \"isSelected\": false, \"borderColor\": \"black\"}, {\"x\": 9, \"y\": 20, \"seat\": false, \"color\": \"white\", \"borderColor\": \"white\"}], [{\"x\": 10, \"y\": 1, \"seat\": false, \"color\": \"white\", \"borderColor\": \"white\"}, {\"x\": 10, \"y\": 2, \"seat\": true, \"color\": \"white\", \"isBuy\": false, \"isSelected\": false, \"borderColor\": \"black\"}, {\"x\": 10, \"y\": 3, \"seat\": true, \"color\": \"white\", \"isBuy\": false, \"isSelected\": false, \"borderColor\": \"black\"}, {\"x\": 10, \"y\": 4, \"seat\": true, \"color\": \"white\", \"isBuy\": false, \"isSelected\": false, \"borderColor\": \"black\"}, {\"x\": 10, \"y\": 5, \"seat\": true, \"color\": \"white\", \"isBuy\": false, \"isSelected\": false, \"borderColor\": \"black\"}, {\"x\": 10, \"y\": 6, \"seat\": true, \"color\": \"white\", \"isBuy\": false, \"isSelected\": false, \"borderColor\": \"black\"}, {\"x\": 10, \"y\": 7, \"seat\": true, \"color\": \"white\", \"isBuy\": false, \"isSelected\": false, \"borderColor\": \"black\"}, {\"x\": 10, \"y\": 8, \"seat\": true, \"color\": \"white\", \"isBuy\": false, \"isSelected\": false, \"borderColor\": \"black\"}, {\"x\": 10, \"y\": 9, \"seat\": true, \"color\": \"white\", \"isBuy\": false, \"isSelected\": false, \"borderColor\": \"black\"}, {\"x\": 10, \"y\": 10, \"seat\": false, \"color\": \"white\", \"borderColor\": \"white\"}, {\"x\": 10, \"y\": 11, \"seat\": false, \"color\": \"white\", \"borderColor\": \"white\"}, {\"x\": 10, \"y\": 12, \"seat\": true, \"color\": \"white\", \"isBuy\": false, \"isSelected\": false, \"borderColor\": \"black\"}, {\"x\": 10, \"y\": 13, \"seat\": true, \"color\": \"white\", \"isBuy\": false, \"isSelected\": false, \"borderColor\": \"black\"}, {\"x\": 10, \"y\": 14, \"seat\": true, \"color\": \"white\", \"isBuy\": false, \"isSelected\": false, \"borderColor\": \"black\"}, {\"x\": 10, \"y\": 15, \"seat\": true, \"color\": \"white\", \"isBuy\": false, \"isSelected\": false, \"borderColor\": \"black\"}, {\"x\": 10, \"y\": 16, \"seat\": true, \"color\": \"white\", \"isBuy\": false, \"isSelected\": false, \"borderColor\": \"black\"}, {\"x\": 10, \"y\": 17, \"seat\": true, \"color\": \"white\", \"isBuy\": false, \"isSelected\": false, \"borderColor\": \"black\"}, {\"x\": 10, \"y\": 18, \"seat\": true, \"color\": \"red\", \"isBuy\": true, \"isSelected\": false, \"borderColor\": \"black\"}, {\"x\": 10, \"y\": 19, \"seat\": true, \"color\": \"red\", \"isBuy\": true, \"isSelected\": false, \"borderColor\": \"black\"}, {\"x\": 10, \"y\": 20, \"seat\": false, \"color\": \"white\", \"borderColor\": \"white\"}]]','2025-05-15 16:00:00'),('2a1d1c219905402989a30460f344787e','cac9ffeb481d439992dfc610d0d106ed','002b489eb2794b94a9e41b8c3d606cad','077158e9eecc4532b0e5b24b53ccf4db','2025-05-15 10:00:00',36.20,'[[{\"x\": 1, \"y\": 1, \"seat\": true, \"color\": \"white\", \"isBuy\": false, \"isSelected\": false, \"borderColor\": \"black\"}, {\"x\": 1, \"y\": 2, \"seat\": true, \"color\": \"white\", \"isBuy\": false, \"isSelected\": false, \"borderColor\": \"black\"}, {\"x\": 1, \"y\": 3, \"seat\": true, \"color\": \"white\", \"isBuy\": false, \"isSelected\": false, \"borderColor\": \"black\"}, {\"x\": 1, \"y\": 4, \"seat\": true, \"color\": \"white\", \"isBuy\": false, \"isSelected\": false, \"borderColor\": \"black\"}, {\"x\": 1, \"y\": 5, \"seat\": true, \"color\": \"white\", \"isBuy\": false, \"isSelected\": false, \"borderColor\": \"black\"}, {\"x\": 1, \"y\": 6, \"seat\": true, \"color\": \"white\", \"isBuy\": false, \"isSelected\": false, \"borderColor\": \"black\"}, {\"x\": 1, \"y\": 7, \"seat\": true, \"color\": \"white\", \"isBuy\": false, \"isSelected\": false, \"borderColor\": \"black\"}, {\"x\": 1, \"y\": 8, \"seat\": true, \"color\": \"white\", \"isBuy\": false, \"isSelected\": false, \"borderColor\": \"black\"}, {\"x\": 1, \"y\": 9, \"seat\": true, \"color\": \"white\", \"isBuy\": false, \"isSelected\": false, \"borderColor\": \"black\"}, {\"x\": 1, \"y\": 10, \"seat\": true, \"color\": \"white\", \"isBuy\": false, \"isSelected\": false, \"borderColor\": \"black\"}, {\"x\": 1, \"y\": 11, \"seat\": true, \"color\": \"white\", \"isBuy\": false, \"isSelected\": false, \"borderColor\": \"black\"}, {\"x\": 1, \"y\": 12, \"seat\": true, \"color\": \"white\", \"isBuy\": false, \"isSelected\": false, \"borderColor\": \"black\"}, {\"x\": 1, \"y\": 13, \"seat\": true, \"color\": \"white\", \"isBuy\": false, \"isSelected\": false, \"borderColor\": \"black\"}, {\"x\": 1, \"y\": 14, \"seat\": true, \"color\": \"white\", \"isBuy\": false, \"isSelected\": false, \"borderColor\": \"black\"}, {\"x\": 1, \"y\": 15, \"seat\": true, \"color\": \"white\", \"isBuy\": false, \"isSelected\": false, \"borderColor\": \"black\"}, {\"x\": 1, \"y\": 16, \"seat\": true, \"color\": \"white\", \"isBuy\": false, \"isSelected\": false, \"borderColor\": \"black\"}, {\"x\": 1, \"y\": 17, \"seat\": true, \"color\": \"white\", \"isBuy\": false, \"isSelected\": false, \"borderColor\": \"black\"}, {\"x\": 1, \"y\": 18, \"seat\": true, \"color\": \"white\", \"isBuy\": false, \"isSelected\": false, \"borderColor\": \"black\"}, {\"x\": 1, \"y\": 19, \"seat\": true, \"color\": \"white\", \"isBuy\": false, \"isSelected\": false, \"borderColor\": \"black\"}, {\"x\": 1, \"y\": 20, \"seat\": true, \"color\": \"white\", \"isBuy\": false, \"isSelected\": false, \"borderColor\": \"black\"}], [{\"x\": 2, \"y\": 1, \"seat\": true, \"color\": \"white\", \"isBuy\": false, \"isSelected\": false, \"borderColor\": \"black\"}, {\"x\": 2, \"y\": 2, \"seat\": true, \"color\": \"white\", \"isBuy\": false, \"isSelected\": false, \"borderColor\": \"black\"}, {\"x\": 2, \"y\": 3, \"seat\": true, \"color\": \"white\", \"isBuy\": false, \"isSelected\": false, \"borderColor\": \"black\"}, {\"x\": 2, \"y\": 4, \"seat\": true, \"color\": \"white\", \"isBuy\": false, \"isSelected\": false, \"borderColor\": \"black\"}, {\"x\": 2, \"y\": 5, \"seat\": true, \"color\": \"white\", \"isBuy\": false, \"isSelected\": false, \"borderColor\": \"black\"}, {\"x\": 2, \"y\": 6, \"seat\": true, \"color\": \"white\", \"isBuy\": false, \"isSelected\": false, \"borderColor\": \"black\"}, {\"x\": 2, \"y\": 7, \"seat\": true, \"color\": \"white\", \"isBuy\": false, \"isSelected\": false, \"borderColor\": \"black\"}, {\"x\": 2, \"y\": 8, \"seat\": true, \"color\": \"white\", \"isBuy\": false, \"isSelected\": false, \"borderColor\": \"black\"}, {\"x\": 2, \"y\": 9, \"seat\": true, \"color\": \"white\", \"isBuy\": false, \"isSelected\": false, \"borderColor\": \"black\"}, {\"x\": 2, \"y\": 10, \"seat\": true, \"color\": \"white\", \"isBuy\": false, \"isSelected\": false, \"borderColor\": \"black\"}, {\"x\": 2, \"y\": 11, \"seat\": true, \"color\": \"white\", \"isBuy\": false, \"isSelected\": false, \"borderColor\": \"black\"}, {\"x\": 2, \"y\": 12, \"seat\": true, \"color\": \"white\", \"isBuy\": false, \"isSelected\": false, \"borderColor\": \"black\"}, {\"x\": 2, \"y\": 13, \"seat\": true, \"color\": \"white\", \"isBuy\": false, \"isSelected\": false, \"borderColor\": \"black\"}, {\"x\": 2, \"y\": 14, \"seat\": true, \"color\": \"white\", \"isBuy\": false, \"isSelected\": false, \"borderColor\": \"black\"}, {\"x\": 2, \"y\": 15, \"seat\": true, \"color\": \"white\", \"isBuy\": false, \"isSelected\": false, \"borderColor\": \"black\"}, {\"x\": 2, \"y\": 16, \"seat\": true, \"color\": \"white\", \"isBuy\": false, \"isSelected\": false, \"borderColor\": \"black\"}, {\"x\": 2, \"y\": 17, \"seat\": true, \"color\": \"white\", \"isBuy\": false, \"isSelected\": false, \"borderColor\": \"black\"}, {\"x\": 2, \"y\": 18, \"seat\": true, \"color\": \"white\", \"isBuy\": false, \"isSelected\": false, \"borderColor\": \"black\"}, {\"x\": 2, \"y\": 19, \"seat\": true, \"color\": \"white\", \"isBuy\": false, \"isSelected\": false, \"borderColor\": \"black\"}, {\"x\": 2, \"y\": 20, \"seat\": true, \"color\": \"white\", \"isBuy\": false, \"isSelected\": false, \"borderColor\": \"black\"}], [{\"x\": 3, \"y\": 1, \"seat\": true, \"color\": \"white\", \"isBuy\": false, \"isSelected\": false, \"borderColor\": \"black\"}, {\"x\": 3, \"y\": 2, \"seat\": true, \"color\": \"white\", \"isBuy\": false, \"isSelected\": false, \"borderColor\": \"black\"}, {\"x\": 3, \"y\": 3, \"seat\": true, \"color\": \"white\", \"isBuy\": false, \"isSelected\": false, \"borderColor\": \"black\"}, {\"x\": 3, \"y\": 4, \"seat\": true, \"color\": \"white\", \"isBuy\": false, \"isSelected\": false, \"borderColor\": \"black\"}, {\"x\": 3, \"y\": 5, \"seat\": true, \"color\": \"white\", \"isBuy\": false, \"isSelected\": false, \"borderColor\": \"black\"}, {\"x\": 3, \"y\": 6, \"seat\": true, \"color\": \"white\", \"isBuy\": false, \"isSelected\": false, \"borderColor\": \"black\"}, {\"x\": 3, \"y\": 7, \"seat\": true, \"color\": \"white\", \"isBuy\": false, \"isSelected\": false, \"borderColor\": \"black\"}, {\"x\": 3, \"y\": 8, \"seat\": true, \"color\": \"white\", \"isBuy\": false, \"isSelected\": false, \"borderColor\": \"black\"}, {\"x\": 3, \"y\": 9, \"seat\": true, \"color\": \"white\", \"isBuy\": false, \"isSelected\": false, \"borderColor\": \"black\"}, {\"x\": 3, \"y\": 10, \"seat\": true, \"color\": \"white\", \"isBuy\": false, \"isSelected\": false, \"borderColor\": \"black\"}, {\"x\": 3, \"y\": 11, \"seat\": true, \"color\": \"white\", \"isBuy\": false, \"isSelected\": false, \"borderColor\": \"black\"}, {\"x\": 3, \"y\": 12, \"seat\": true, \"color\": \"white\", \"isBuy\": false, \"isSelected\": false, \"borderColor\": \"black\"}, {\"x\": 3, \"y\": 13, \"seat\": true, \"color\": \"white\", \"isBuy\": false, \"isSelected\": false, \"borderColor\": \"black\"}, {\"x\": 3, \"y\": 14, \"seat\": true, \"color\": \"white\", \"isBuy\": false, \"isSelected\": false, \"borderColor\": \"black\"}, {\"x\": 3, \"y\": 15, \"seat\": true, \"color\": \"white\", \"isBuy\": false, \"isSelected\": false, \"borderColor\": \"black\"}, {\"x\": 3, \"y\": 16, \"seat\": true, \"color\": \"white\", \"isBuy\": false, \"isSelected\": false, \"borderColor\": \"black\"}, {\"x\": 3, \"y\": 17, \"seat\": true, \"color\": \"white\", \"isBuy\": false, \"isSelected\": false, \"borderColor\": \"black\"}, {\"x\": 3, \"y\": 18, \"seat\": true, \"color\": \"white\", \"isBuy\": false, \"isSelected\": false, \"borderColor\": \"black\"}, {\"x\": 3, \"y\": 19, \"seat\": true, \"color\": \"white\", \"isBuy\": false, \"isSelected\": false, \"borderColor\": \"black\"}, {\"x\": 3, \"y\": 20, \"seat\": true, \"color\": \"white\", \"isBuy\": false, \"isSelected\": false, \"borderColor\": \"black\"}], [{\"x\": 4, \"y\": 1, \"seat\": true, \"color\": \"white\", \"isBuy\": false, \"isSelected\": false, \"borderColor\": \"black\"}, {\"x\": 4, \"y\": 2, \"seat\": true, \"color\": \"white\", \"isBuy\": false, \"isSelected\": false, \"borderColor\": \"black\"}, {\"x\": 4, \"y\": 3, \"seat\": true, \"color\": \"white\", \"isBuy\": false, \"isSelected\": false, \"borderColor\": \"black\"}, {\"x\": 4, \"y\": 4, \"seat\": true, \"color\": \"white\", \"isBuy\": false, \"isSelected\": false, \"borderColor\": \"black\"}, {\"x\": 4, \"y\": 5, \"seat\": true, \"color\": \"white\", \"isBuy\": false, \"isSelected\": false, \"borderColor\": \"black\"}, {\"x\": 4, \"y\": 6, \"seat\": true, \"color\": \"white\", \"isBuy\": false, \"isSelected\": false, \"borderColor\": \"black\"}, {\"x\": 4, \"y\": 7, \"seat\": true, \"color\": \"white\", \"isBuy\": false, \"isSelected\": false, \"borderColor\": \"black\"}, {\"x\": 4, \"y\": 8, \"seat\": true, \"color\": \"white\", \"isBuy\": false, \"isSelected\": false, \"borderColor\": \"black\"}, {\"x\": 4, \"y\": 9, \"seat\": true, \"color\": \"white\", \"isBuy\": false, \"isSelected\": false, \"borderColor\": \"black\"}, {\"x\": 4, \"y\": 10, \"seat\": true, \"color\": \"red\", \"isBuy\": true, \"isSelected\": false, \"borderColor\": \"black\"}, {\"x\": 4, \"y\": 11, \"seat\": true, \"color\": \"red\", \"isBuy\": true, \"isSelected\": false, \"borderColor\": \"black\"}, {\"x\": 4, \"y\": 12, \"seat\": true, \"color\": \"red\", \"isBuy\": true, \"isSelected\": false, \"borderColor\": \"black\"}, {\"x\": 4, \"y\": 13, \"seat\": true, \"color\": \"red\", \"isBuy\": true, \"isSelected\": false, \"borderColor\": \"black\"}, {\"x\": 4, \"y\": 14, \"seat\": true, \"color\": \"white\", \"isBuy\": false, \"isSelected\": false, \"borderColor\": \"black\"}, {\"x\": 4, \"y\": 15, \"seat\": true, \"color\": \"white\", \"isBuy\": false, \"isSelected\": false, \"borderColor\": \"black\"}, {\"x\": 4, \"y\": 16, \"seat\": true, \"color\": \"white\", \"isBuy\": false, \"isSelected\": false, \"borderColor\": \"black\"}, {\"x\": 4, \"y\": 17, \"seat\": true, \"color\": \"white\", \"isBuy\": false, \"isSelected\": false, \"borderColor\": \"black\"}, {\"x\": 4, \"y\": 18, \"seat\": true, \"color\": \"white\", \"isBuy\": false, \"isSelected\": false, \"borderColor\": \"black\"}, {\"x\": 4, \"y\": 19, \"seat\": true, \"color\": \"white\", \"isBuy\": false, \"isSelected\": false, \"borderColor\": \"black\"}, {\"x\": 4, \"y\": 20, \"seat\": true, \"color\": \"white\", \"isBuy\": false, \"isSelected\": false, \"borderColor\": \"black\"}], [{\"x\": 5, \"y\": 1, \"seat\": false, \"color\": \"white\", \"borderColor\": \"white\"}, {\"x\": 5, \"y\": 2, \"seat\": false, \"color\": \"white\", \"borderColor\": \"white\"}, {\"x\": 5, \"y\": 3, \"seat\": false, \"color\": \"white\", \"borderColor\": \"white\"}, {\"x\": 5, \"y\": 4, \"seat\": false, \"color\": \"white\", \"borderColor\": \"white\"}, {\"x\": 5, \"y\": 5, \"seat\": false, \"color\": \"white\", \"borderColor\": \"white\"}, {\"x\": 5, \"y\": 6, \"seat\": false, \"color\": \"white\", \"borderColor\": \"white\"}, {\"x\": 5, \"y\": 7, \"seat\": false, \"color\": \"white\", \"borderColor\": \"white\"}, {\"x\": 5, \"y\": 8, \"seat\": false, \"color\": \"white\", \"borderColor\": \"white\"}, {\"x\": 5, \"y\": 9, \"seat\": false, \"color\": \"white\", \"borderColor\": \"white\"}, {\"x\": 5, \"y\": 10, \"seat\": false, \"color\": \"white\", \"borderColor\": \"white\"}, {\"x\": 5, \"y\": 11, \"seat\": false, \"color\": \"white\", \"borderColor\": \"white\"}, {\"x\": 5, \"y\": 12, \"seat\": false, \"color\": \"white\", \"borderColor\": \"white\"}, {\"x\": 5, \"y\": 13, \"seat\": false, \"color\": \"white\", \"borderColor\": \"white\"}, {\"x\": 5, \"y\": 14, \"seat\": false, \"color\": \"white\", \"borderColor\": \"white\"}, {\"x\": 5, \"y\": 15, \"seat\": false, \"color\": \"white\", \"borderColor\": \"white\"}, {\"x\": 5, \"y\": 16, \"seat\": false, \"color\": \"white\", \"borderColor\": \"white\"}, {\"x\": 5, \"y\": 17, \"seat\": false, \"color\": \"white\", \"borderColor\": \"white\"}, {\"x\": 5, \"y\": 18, \"seat\": false, \"color\": \"white\", \"borderColor\": \"white\"}, {\"x\": 5, \"y\": 19, \"seat\": false, \"color\": \"white\", \"borderColor\": \"white\"}, {\"x\": 5, \"y\": 20, \"seat\": false, \"color\": \"white\", \"borderColor\": \"white\"}], [{\"x\": 6, \"y\": 1, \"seat\": false, \"color\": \"white\", \"borderColor\": \"white\"}, {\"x\": 6, \"y\": 2, \"seat\": true, \"color\": \"white\", \"isBuy\": false, \"isSelected\": false, \"borderColor\": \"black\"}, {\"x\": 6, \"y\": 3, \"seat\": true, \"color\": \"white\", \"isBuy\": false, \"isSelected\": false, \"borderColor\": \"black\"}, {\"x\": 6, \"y\": 4, \"seat\": true, \"color\": \"white\", \"isBuy\": false, \"isSelected\": false, \"borderColor\": \"black\"}, {\"x\": 6, \"y\": 5, \"seat\": true, \"color\": \"white\", \"isBuy\": false, \"isSelected\": false, \"borderColor\": \"black\"}, {\"x\": 6, \"y\": 6, \"seat\": true, \"color\": \"white\", \"isBuy\": false, \"isSelected\": false, \"borderColor\": \"black\"}, {\"x\": 6, \"y\": 7, \"seat\": true, \"color\": \"white\", \"isBuy\": false, \"isSelected\": false, \"borderColor\": \"black\"}, {\"x\": 6, \"y\": 8, \"seat\": true, \"color\": \"white\", \"isBuy\": false, \"isSelected\": false, \"borderColor\": \"black\"}, {\"x\": 6, \"y\": 9, \"seat\": true, \"color\": \"white\", \"isBuy\": false, \"isSelected\": false, \"borderColor\": \"black\"}, {\"x\": 6, \"y\": 10, \"seat\": false, \"color\": \"white\", \"borderColor\": \"white\"}, {\"x\": 6, \"y\": 11, \"seat\": false, \"color\": \"white\", \"borderColor\": \"white\"}, {\"x\": 6, \"y\": 12, \"seat\": true, \"color\": \"white\", \"isBuy\": false, \"isSelected\": false, \"borderColor\": \"black\"}, {\"x\": 6, \"y\": 13, \"seat\": true, \"color\": \"white\", \"isBuy\": false, \"isSelected\": false, \"borderColor\": \"black\"}, {\"x\": 6, \"y\": 14, \"seat\": true, \"color\": \"white\", \"isBuy\": false, \"isSelected\": false, \"borderColor\": \"black\"}, {\"x\": 6, \"y\": 15, \"seat\": true, \"color\": \"white\", \"isBuy\": false, \"isSelected\": false, \"borderColor\": \"black\"}, {\"x\": 6, \"y\": 16, \"seat\": true, \"color\": \"white\", \"isBuy\": false, \"isSelected\": false, \"borderColor\": \"black\"}, {\"x\": 6, \"y\": 17, \"seat\": true, \"color\": \"white\", \"isBuy\": false, \"isSelected\": false, \"borderColor\": \"black\"}, {\"x\": 6, \"y\": 18, \"seat\": true, \"color\": \"white\", \"isBuy\": false, \"isSelected\": false, \"borderColor\": \"black\"}, {\"x\": 6, \"y\": 19, \"seat\": true, \"color\": \"white\", \"isBuy\": false, \"isSelected\": false, \"borderColor\": \"black\"}, {\"x\": 6, \"y\": 20, \"seat\": false, \"color\": \"white\", \"borderColor\": \"white\"}], [{\"x\": 7, \"y\": 1, \"seat\": false, \"color\": \"white\", \"borderColor\": \"white\"}, {\"x\": 7, \"y\": 2, \"seat\": true, \"color\": \"white\", \"isBuy\": false, \"isSelected\": false, \"borderColor\": \"black\"}, {\"x\": 7, \"y\": 3, \"seat\": true, \"color\": \"white\", \"isBuy\": false, \"isSelected\": false, \"borderColor\": \"black\"}, {\"x\": 7, \"y\": 4, \"seat\": true, \"color\": \"white\", \"isBuy\": false, \"isSelected\": false, \"borderColor\": \"black\"}, {\"x\": 7, \"y\": 5, \"seat\": true, \"color\": \"white\", \"isBuy\": false, \"isSelected\": false, \"borderColor\": \"black\"}, {\"x\": 7, \"y\": 6, \"seat\": true, \"color\": \"white\", \"isBuy\": false, \"isSelected\": false, \"borderColor\": \"black\"}, {\"x\": 7, \"y\": 7, \"seat\": true, \"color\": \"white\", \"isBuy\": false, \"isSelected\": false, \"borderColor\": \"black\"}, {\"x\": 7, \"y\": 8, \"seat\": true, \"color\": \"white\", \"isBuy\": false, \"isSelected\": false, \"borderColor\": \"black\"}, {\"x\": 7, \"y\": 9, \"seat\": true, \"color\": \"white\", \"isBuy\": false, \"isSelected\": false, \"borderColor\": \"black\"}, {\"x\": 7, \"y\": 10, \"seat\": false, \"color\": \"white\", \"borderColor\": \"white\"}, {\"x\": 7, \"y\": 11, \"seat\": false, \"color\": \"white\", \"borderColor\": \"white\"}, {\"x\": 7, \"y\": 12, \"seat\": true, \"color\": \"white\", \"isBuy\": false, \"isSelected\": false, \"borderColor\": \"black\"}, {\"x\": 7, \"y\": 13, \"seat\": true, \"color\": \"white\", \"isBuy\": false, \"isSelected\": false, \"borderColor\": \"black\"}, {\"x\": 7, \"y\": 14, \"seat\": true, \"color\": \"white\", \"isBuy\": false, \"isSelected\": false, \"borderColor\": \"black\"}, {\"x\": 7, \"y\": 15, \"seat\": true, \"color\": \"white\", \"isBuy\": false, \"isSelected\": false, \"borderColor\": \"black\"}, {\"x\": 7, \"y\": 16, \"seat\": true, \"color\": \"white\", \"isBuy\": false, \"isSelected\": false, \"borderColor\": \"black\"}, {\"x\": 7, \"y\": 17, \"seat\": true, \"color\": \"white\", \"isBuy\": false, \"isSelected\": false, \"borderColor\": \"black\"}, {\"x\": 7, \"y\": 18, \"seat\": true, \"color\": \"white\", \"isBuy\": false, \"isSelected\": false, \"borderColor\": \"black\"}, {\"x\": 7, \"y\": 19, \"seat\": true, \"color\": \"white\", \"isBuy\": false, \"isSelected\": false, \"borderColor\": \"black\"}, {\"x\": 7, \"y\": 20, \"seat\": false, \"color\": \"white\", \"borderColor\": \"white\"}], [{\"x\": 8, \"y\": 1, \"seat\": false, \"color\": \"white\", \"borderColor\": \"white\"}, {\"x\": 8, \"y\": 2, \"seat\": true, \"color\": \"white\", \"isBuy\": false, \"isSelected\": false, \"borderColor\": \"black\"}, {\"x\": 8, \"y\": 3, \"seat\": true, \"color\": \"white\", \"isBuy\": false, \"isSelected\": false, \"borderColor\": \"black\"}, {\"x\": 8, \"y\": 4, \"seat\": true, \"color\": \"white\", \"isBuy\": false, \"isSelected\": false, \"borderColor\": \"black\"}, {\"x\": 8, \"y\": 5, \"seat\": true, \"color\": \"white\", \"isBuy\": false, \"isSelected\": false, \"borderColor\": \"black\"}, {\"x\": 8, \"y\": 6, \"seat\": true, \"color\": \"white\", \"isBuy\": false, \"isSelected\": false, \"borderColor\": \"black\"}, {\"x\": 8, \"y\": 7, \"seat\": true, \"color\": \"white\", \"isBuy\": false, \"isSelected\": false, \"borderColor\": \"black\"}, {\"x\": 8, \"y\": 8, \"seat\": true, \"color\": \"white\", \"isBuy\": false, \"isSelected\": false, \"borderColor\": \"black\"}, {\"x\": 8, \"y\": 9, \"seat\": true, \"color\": \"white\", \"isBuy\": false, \"isSelected\": false, \"borderColor\": \"black\"}, {\"x\": 8, \"y\": 10, \"seat\": false, \"color\": \"white\", \"borderColor\": \"white\"}, {\"x\": 8, \"y\": 11, \"seat\": false, \"color\": \"white\", \"borderColor\": \"white\"}, {\"x\": 8, \"y\": 12, \"seat\": true, \"color\": \"white\", \"isBuy\": false, \"isSelected\": false, \"borderColor\": \"black\"}, {\"x\": 8, \"y\": 13, \"seat\": true, \"color\": \"white\", \"isBuy\": false, \"isSelected\": false, \"borderColor\": \"black\"}, {\"x\": 8, \"y\": 14, \"seat\": true, \"color\": \"white\", \"isBuy\": false, \"isSelected\": false, \"borderColor\": \"black\"}, {\"x\": 8, \"y\": 15, \"seat\": true, \"color\": \"white\", \"isBuy\": false, \"isSelected\": false, \"borderColor\": \"black\"}, {\"x\": 8, \"y\": 16, \"seat\": true, \"color\": \"white\", \"isBuy\": false, \"isSelected\": false, \"borderColor\": \"black\"}, {\"x\": 8, \"y\": 17, \"seat\": true, \"color\": \"white\", \"isBuy\": false, \"isSelected\": false, \"borderColor\": \"black\"}, {\"x\": 8, \"y\": 18, \"seat\": true, \"color\": \"white\", \"isBuy\": false, \"isSelected\": false, \"borderColor\": \"black\"}, {\"x\": 8, \"y\": 19, \"seat\": true, \"color\": \"white\", \"isBuy\": false, \"isSelected\": false, \"borderColor\": \"black\"}, {\"x\": 8, \"y\": 20, \"seat\": false, \"color\": \"white\", \"borderColor\": \"white\"}], [{\"x\": 9, \"y\": 1, \"seat\": false, \"color\": \"white\", \"borderColor\": \"white\"}, {\"x\": 9, \"y\": 2, \"seat\": true, \"color\": \"white\", \"isBuy\": false, \"isSelected\": false, \"borderColor\": \"black\"}, {\"x\": 9, \"y\": 3, \"seat\": true, \"color\": \"white\", \"isBuy\": false, \"isSelected\": false, \"borderColor\": \"black\"}, {\"x\": 9, \"y\": 4, \"seat\": true, \"color\": \"white\", \"isBuy\": false, \"isSelected\": false, \"borderColor\": \"black\"}, {\"x\": 9, \"y\": 5, \"seat\": true, \"color\": \"white\", \"isBuy\": false, \"isSelected\": false, \"borderColor\": \"black\"}, {\"x\": 9, \"y\": 6, \"seat\": true, \"color\": \"white\", \"isBuy\": false, \"isSelected\": false, \"borderColor\": \"black\"}, {\"x\": 9, \"y\": 7, \"seat\": true, \"color\": \"white\", \"isBuy\": false, \"isSelected\": false, \"borderColor\": \"black\"}, {\"x\": 9, \"y\": 8, \"seat\": true, \"color\": \"white\", \"isBuy\": false, \"isSelected\": false, \"borderColor\": \"black\"}, {\"x\": 9, \"y\": 9, \"seat\": true, \"color\": \"white\", \"isBuy\": false, \"isSelected\": false, \"borderColor\": \"black\"}, {\"x\": 9, \"y\": 10, \"seat\": false, \"color\": \"white\", \"borderColor\": \"white\"}, {\"x\": 9, \"y\": 11, \"seat\": false, \"color\": \"white\", \"borderColor\": \"white\"}, {\"x\": 9, \"y\": 12, \"seat\": true, \"color\": \"white\", \"isBuy\": false, \"isSelected\": false, \"borderColor\": \"black\"}, {\"x\": 9, \"y\": 13, \"seat\": true, \"color\": \"white\", \"isBuy\": false, \"isSelected\": false, \"borderColor\": \"black\"}, {\"x\": 9, \"y\": 14, \"seat\": true, \"color\": \"white\", \"isBuy\": false, \"isSelected\": false, \"borderColor\": \"black\"}, {\"x\": 9, \"y\": 15, \"seat\": true, \"color\": \"white\", \"isBuy\": false, \"isSelected\": false, \"borderColor\": \"black\"}, {\"x\": 9, \"y\": 16, \"seat\": true, \"color\": \"white\", \"isBuy\": false, \"isSelected\": false, \"borderColor\": \"black\"}, {\"x\": 9, \"y\": 17, \"seat\": true, \"color\": \"white\", \"isBuy\": false, \"isSelected\": false, \"borderColor\": \"black\"}, {\"x\": 9, \"y\": 18, \"seat\": true, \"color\": \"white\", \"isBuy\": false, \"isSelected\": false, \"borderColor\": \"black\"}, {\"x\": 9, \"y\": 19, \"seat\": true, \"color\": \"white\", \"isBuy\": false, \"isSelected\": false, \"borderColor\": \"black\"}, {\"x\": 9, \"y\": 20, \"seat\": false, \"color\": \"white\", \"borderColor\": \"white\"}], [{\"x\": 10, \"y\": 1, \"seat\": false, \"color\": \"white\", \"borderColor\": \"white\"}, {\"x\": 10, \"y\": 2, \"seat\": true, \"color\": \"white\", \"isBuy\": false, \"isSelected\": false, \"borderColor\": \"black\"}, {\"x\": 10, \"y\": 3, \"seat\": true, \"color\": \"white\", \"isBuy\": false, \"isSelected\": false, \"borderColor\": \"black\"}, {\"x\": 10, \"y\": 4, \"seat\": true, \"color\": \"white\", \"isBuy\": false, \"isSelected\": false, \"borderColor\": \"black\"}, {\"x\": 10, \"y\": 5, \"seat\": true, \"color\": \"white\", \"isBuy\": false, \"isSelected\": false, \"borderColor\": \"black\"}, {\"x\": 10, \"y\": 6, \"seat\": true, \"color\": \"white\", \"isBuy\": false, \"isSelected\": false, \"borderColor\": \"black\"}, {\"x\": 10, \"y\": 7, \"seat\": true, \"color\": \"white\", \"isBuy\": false, \"isSelected\": false, \"borderColor\": \"black\"}, {\"x\": 10, \"y\": 8, \"seat\": true, \"color\": \"white\", \"isBuy\": false, \"isSelected\": false, \"borderColor\": \"black\"}, {\"x\": 10, \"y\": 9, \"seat\": true, \"color\": \"white\", \"isBuy\": false, \"isSelected\": false, \"borderColor\": \"black\"}, {\"x\": 10, \"y\": 10, \"seat\": false, \"color\": \"white\", \"borderColor\": \"white\"}, {\"x\": 10, \"y\": 11, \"seat\": false, \"color\": \"white\", \"borderColor\": \"white\"}, {\"x\": 10, \"y\": 12, \"seat\": true, \"color\": \"white\", \"isBuy\": false, \"isSelected\": false, \"borderColor\": \"black\"}, {\"x\": 10, \"y\": 13, \"seat\": true, \"color\": \"white\", \"isBuy\": false, \"isSelected\": false, \"borderColor\": \"black\"}, {\"x\": 10, \"y\": 14, \"seat\": true, \"color\": \"white\", \"isBuy\": false, \"isSelected\": false, \"borderColor\": \"black\"}, {\"x\": 10, \"y\": 15, \"seat\": true, \"color\": \"white\", \"isBuy\": false, \"isSelected\": false, \"borderColor\": \"black\"}, {\"x\": 10, \"y\": 16, \"seat\": true, \"color\": \"white\", \"isBuy\": false, \"isSelected\": false, \"borderColor\": \"black\"}, {\"x\": 10, \"y\": 17, \"seat\": true, \"color\": \"white\", \"isBuy\": false, \"isSelected\": false, \"borderColor\": \"black\"}, {\"x\": 10, \"y\": 18, \"seat\": true, \"color\": \"white\", \"isBuy\": false, \"isSelected\": false, \"borderColor\": \"black\"}, {\"x\": 10, \"y\": 19, \"seat\": true, \"color\": \"white\", \"isBuy\": false, \"isSelected\": false, \"borderColor\": \"black\"}, {\"x\": 10, \"y\": 20, \"seat\": false, \"color\": \"white\", \"borderColor\": \"white\"}]]','2025-05-15 12:00:00'),('60d04a489fe3481bb754a4f53e51ef8d','79a1f42bd03541e18a5e9a4ce2e61f2e','002b489eb2794b94a9e41b8c3d606cad','fc894d0bba73461884fd2647cac1f4ee','2025-05-21 14:00:00',37.55,'[[{\"x\": 1, \"y\": 1, \"seat\": true, \"color\": \"white\", \"isBuy\": false, \"isSelected\": false, \"borderColor\": \"black\"}, {\"x\": 1, \"y\": 2, \"seat\": true, \"color\": \"white\", \"isBuy\": false, \"isSelected\": false, \"borderColor\": \"black\"}, {\"x\": 1, \"y\": 3, \"seat\": false, \"color\": \"white\", \"borderColor\": \"white\"}, {\"x\": 1, \"y\": 4, \"seat\": true, \"color\": \"white\", \"isBuy\": false, \"isSelected\": false, \"borderColor\": \"black\"}, {\"x\": 1, \"y\": 5, \"seat\": true, \"color\": \"white\", \"isBuy\": false, \"isSelected\": false, \"borderColor\": \"black\"}, {\"x\": 1, \"y\": 6, \"seat\": false, \"color\": \"white\", \"borderColor\": \"white\"}, {\"x\": 1, \"y\": 7, \"seat\": true, \"color\": \"white\", \"isBuy\": false, \"isSelected\": false, \"borderColor\": \"black\"}, {\"x\": 1, \"y\": 8, \"seat\": true, \"color\": \"white\", \"isBuy\": false, \"isSelected\": false, \"borderColor\": \"black\"}], [{\"x\": 2, \"y\": 1, \"seat\": true, \"color\": \"white\", \"isBuy\": false, \"isSelected\": false, \"borderColor\": \"black\"}, {\"x\": 2, \"y\": 2, \"seat\": true, \"color\": \"white\", \"isBuy\": false, \"isSelected\": false, \"borderColor\": \"black\"}, {\"x\": 2, \"y\": 3, \"seat\": false, \"color\": \"white\", \"borderColor\": \"white\"}, {\"x\": 2, \"y\": 4, \"seat\": true, \"color\": \"red\", \"isBuy\": true, \"isSelected\": false, \"borderColor\": \"black\"}, {\"x\": 2, \"y\": 5, \"seat\": true, \"color\": \"white\", \"isBuy\": false, \"isSelected\": false, \"borderColor\": \"black\"}, {\"x\": 2, \"y\": 6, \"seat\": false, \"color\": \"white\", \"borderColor\": \"white\"}, {\"x\": 2, \"y\": 7, \"seat\": true, \"color\": \"white\", \"isBuy\": false, \"isSelected\": false, \"borderColor\": \"black\"}, {\"x\": 2, \"y\": 8, \"seat\": true, \"color\": \"white\", \"isBuy\": false, \"isSelected\": false, \"borderColor\": \"black\"}], [{\"x\": 3, \"y\": 1, \"seat\": true, \"color\": \"white\", \"isBuy\": false, \"isSelected\": false, \"borderColor\": \"black\"}, {\"x\": 3, \"y\": 2, \"seat\": true, \"color\": \"white\", \"isBuy\": false, \"isSelected\": false, \"borderColor\": \"black\"}, {\"x\": 3, \"y\": 3, \"seat\": false, \"color\": \"white\", \"borderColor\": \"white\"}, {\"x\": 3, \"y\": 4, \"seat\": true, \"color\": \"red\", \"isBuy\": true, \"isSelected\": false, \"borderColor\": \"black\"}, {\"x\": 3, \"y\": 5, \"seat\": true, \"color\": \"red\", \"isBuy\": true, \"isSelected\": false, \"borderColor\": \"black\"}, {\"x\": 3, \"y\": 6, \"seat\": false, \"color\": \"white\", \"borderColor\": \"white\"}, {\"x\": 3, \"y\": 7, \"seat\": true, \"color\": \"white\", \"isBuy\": false, \"isSelected\": false, \"borderColor\": \"black\"}, {\"x\": 3, \"y\": 8, \"seat\": true, \"color\": \"white\", \"isBuy\": false, \"isSelected\": false, \"borderColor\": \"black\"}], [{\"x\": 4, \"y\": 1, \"seat\": true, \"color\": \"white\", \"isBuy\": false, \"isSelected\": false, \"borderColor\": \"black\"}, {\"x\": 4, \"y\": 2, \"seat\": true, \"color\": \"white\", \"isBuy\": false, \"isSelected\": false, \"borderColor\": \"black\"}, {\"x\": 4, \"y\": 3, \"seat\": false, \"color\": \"white\", \"borderColor\": \"white\"}, {\"x\": 4, \"y\": 4, \"seat\": true, \"color\": \"red\", \"isBuy\": true, \"isSelected\": false, \"borderColor\": \"black\"}, {\"x\": 4, \"y\": 5, \"seat\": true, \"color\": \"white\", \"isBuy\": false, \"isSelected\": false, \"borderColor\": \"black\"}, {\"x\": 4, \"y\": 6, \"seat\": false, \"color\": \"white\", \"borderColor\": \"white\"}, {\"x\": 4, \"y\": 7, \"seat\": true, \"color\": \"white\", \"isBuy\": false, \"isSelected\": false, \"borderColor\": \"black\"}, {\"x\": 4, \"y\": 8, \"seat\": true, \"color\": \"white\", \"isBuy\": false, \"isSelected\": false, \"borderColor\": \"black\"}], [{\"x\": 5, \"y\": 1, \"seat\": true, \"color\": \"white\", \"isBuy\": false, \"isSelected\": false, \"borderColor\": \"black\"}, {\"x\": 5, \"y\": 2, \"seat\": true, \"color\": \"white\", \"isBuy\": false, \"isSelected\": false, \"borderColor\": \"black\"}, {\"x\": 5, \"y\": 3, \"seat\": false, \"color\": \"white\", \"borderColor\": \"white\"}, {\"x\": 5, \"y\": 4, \"seat\": true, \"color\": \"white\", \"isBuy\": false, \"isSelected\": false, \"borderColor\": \"black\"}, {\"x\": 5, \"y\": 5, \"seat\": true, \"color\": \"white\", \"isBuy\": false, \"isSelected\": false, \"borderColor\": \"black\"}, {\"x\": 5, \"y\": 6, \"seat\": false, \"color\": \"white\", \"borderColor\": \"white\"}, {\"x\": 5, \"y\": 7, \"seat\": true, \"color\": \"white\", \"isBuy\": false, \"isSelected\": false, \"borderColor\": \"black\"}, {\"x\": 5, \"y\": 8, \"seat\": true, \"color\": \"white\", \"isBuy\": false, \"isSelected\": false, \"borderColor\": \"black\"}], [{\"x\": 6, \"y\": 1, \"seat\": true, \"color\": \"red\", \"isBuy\": true, \"isSelected\": false, \"borderColor\": \"black\"}, {\"x\": 6, \"y\": 2, \"seat\": true, \"color\": \"white\", \"isBuy\": false, \"isSelected\": false, \"borderColor\": \"black\"}, {\"x\": 6, \"y\": 3, \"seat\": false, \"color\": \"white\", \"borderColor\": \"white\"}, {\"x\": 6, \"y\": 4, \"seat\": true, \"color\": \"white\", \"isBuy\": false, \"isSelected\": false, \"borderColor\": \"black\"}, {\"x\": 6, \"y\": 5, \"seat\": true, \"color\": \"white\", \"isBuy\": false, \"isSelected\": false, \"borderColor\": \"black\"}, {\"x\": 6, \"y\": 6, \"seat\": false, \"color\": \"white\", \"borderColor\": \"white\"}, {\"x\": 6, \"y\": 7, \"seat\": true, \"color\": \"white\", \"isBuy\": false, \"isSelected\": false, \"borderColor\": \"black\"}, {\"x\": 6, \"y\": 8, \"seat\": true, \"color\": \"white\", \"isBuy\": false, \"isSelected\": false, \"borderColor\": \"black\"}], [{\"x\": 7, \"y\": 1, \"seat\": true, \"color\": \"white\", \"isBuy\": false, \"isSelected\": false, \"borderColor\": \"black\"}, {\"x\": 7, \"y\": 2, \"seat\": true, \"color\": \"white\", \"isBuy\": false, \"isSelected\": false, \"borderColor\": \"black\"}, {\"x\": 7, \"y\": 3, \"seat\": false, \"color\": \"white\", \"borderColor\": \"white\"}, {\"x\": 7, \"y\": 4, \"seat\": true, \"color\": \"white\", \"isBuy\": false, \"isSelected\": false, \"borderColor\": \"black\"}, {\"x\": 7, \"y\": 5, \"seat\": true, \"color\": \"white\", \"isBuy\": false, \"isSelected\": false, \"borderColor\": \"black\"}, {\"x\": 7, \"y\": 6, \"seat\": false, \"color\": \"white\", \"borderColor\": \"white\"}, {\"x\": 7, \"y\": 7, \"seat\": true, \"color\": \"white\", \"isBuy\": false, \"isSelected\": false, \"borderColor\": \"black\"}, {\"x\": 7, \"y\": 8, \"seat\": true, \"color\": \"white\", \"isBuy\": false, \"isSelected\": false, \"borderColor\": \"black\"}]]','2025-05-21 16:00:00'),('6a02de7b74214469bad4e9cce28e8ddd','cac9ffeb481d439992dfc610d0d106ed','c4fba4e1db164fb1ba2a7cb70fdb3155','804ce61e4fd14f7a8869a9183a80d859','2025-05-28 14:00:00',23.60,'[[{\"x\": 1, \"y\": 1, \"seat\": true, \"color\": \"white\", \"isBuy\": false, \"isSelected\": false, \"borderColor\": \"black\"}, {\"x\": 1, \"y\": 2, \"seat\": true, \"color\": \"white\", \"isBuy\": false, \"isSelected\": false, \"borderColor\": \"black\"}, {\"x\": 1, \"y\": 3, \"seat\": false, \"color\": \"white\", \"borderColor\": \"white\"}, {\"x\": 1, \"y\": 4, \"seat\": true, \"color\": \"white\", \"isBuy\": false, \"isSelected\": false, \"borderColor\": \"black\"}, {\"x\": 1, \"y\": 5, \"seat\": true, \"color\": \"white\", \"isBuy\": false, \"isSelected\": false, \"borderColor\": \"black\"}, {\"x\": 1, \"y\": 6, \"seat\": true, \"color\": \"white\", \"isBuy\": false, \"isSelected\": false, \"borderColor\": \"black\"}, {\"x\": 1, \"y\": 7, \"seat\": false, \"color\": \"white\", \"borderColor\": \"white\"}, {\"x\": 1, \"y\": 8, \"seat\": true, \"color\": \"white\", \"isBuy\": false, \"isSelected\": false, \"borderColor\": \"black\"}, {\"x\": 1, \"y\": 9, \"seat\": true, \"color\": \"white\", \"isBuy\": false, \"isSelected\": false, \"borderColor\": \"black\"}], [{\"x\": 2, \"y\": 1, \"seat\": true, \"color\": \"white\", \"isBuy\": false, \"isSelected\": false, \"borderColor\": \"black\"}, {\"x\": 2, \"y\": 2, \"seat\": true, \"color\": \"white\", \"isBuy\": false, \"isSelected\": false, \"borderColor\": \"black\"}, {\"x\": 2, \"y\": 3, \"seat\": false, \"color\": \"white\", \"borderColor\": \"white\"}, {\"x\": 2, \"y\": 4, \"seat\": true, \"color\": \"red\", \"isBuy\": true, \"isSelected\": false, \"borderColor\": \"black\"}, {\"x\": 2, \"y\": 5, \"seat\": true, \"color\": \"red\", \"isBuy\": true, \"isSelected\": false, \"borderColor\": \"black\"}, {\"x\": 2, \"y\": 6, \"seat\": true, \"color\": \"red\", \"isBuy\": true, \"isSelected\": false, \"borderColor\": \"black\"}, {\"x\": 2, \"y\": 7, \"seat\": false, \"color\": \"white\", \"borderColor\": \"white\"}, {\"x\": 2, \"y\": 8, \"seat\": true, \"color\": \"white\", \"isBuy\": false, \"isSelected\": false, \"borderColor\": \"black\"}, {\"x\": 2, \"y\": 9, \"seat\": true, \"color\": \"white\", \"isBuy\": false, \"isSelected\": false, \"borderColor\": \"black\"}], [{\"x\": 3, \"y\": 1, \"seat\": true, \"color\": \"white\", \"isBuy\": false, \"isSelected\": false, \"borderColor\": \"black\"}, {\"x\": 3, \"y\": 2, \"seat\": true, \"color\": \"white\", \"isBuy\": false, \"isSelected\": false, \"borderColor\": \"black\"}, {\"x\": 3, \"y\": 3, \"seat\": false, \"color\": \"white\", \"borderColor\": \"white\"}, {\"x\": 3, \"y\": 4, \"seat\": true, \"color\": \"red\", \"isBuy\": true, \"isSelected\": false, \"borderColor\": \"black\"}, {\"x\": 3, \"y\": 5, \"seat\": true, \"color\": \"red\", \"isBuy\": true, \"isSelected\": false, \"borderColor\": \"black\"}, {\"x\": 3, \"y\": 6, \"seat\": true, \"color\": \"red\", \"isBuy\": true, \"isSelected\": false, \"borderColor\": \"black\"}, {\"x\": 3, \"y\": 7, \"seat\": false, \"color\": \"white\", \"borderColor\": \"white\"}, {\"x\": 3, \"y\": 8, \"seat\": true, \"color\": \"white\", \"isBuy\": false, \"isSelected\": false, \"borderColor\": \"black\"}, {\"x\": 3, \"y\": 9, \"seat\": true, \"color\": \"white\", \"isBuy\": false, \"isSelected\": false, \"borderColor\": \"black\"}], [{\"x\": 4, \"y\": 1, \"seat\": true, \"color\": \"white\", \"isBuy\": false, \"isSelected\": false, \"borderColor\": \"black\"}, {\"x\": 4, \"y\": 2, \"seat\": true, \"color\": \"white\", \"isBuy\": false, \"isSelected\": false, \"borderColor\": \"black\"}, {\"x\": 4, \"y\": 3, \"seat\": false, \"color\": \"white\", \"borderColor\": \"white\"}, {\"x\": 4, \"y\": 4, \"seat\": false, \"color\": \"white\", \"borderColor\": \"white\"}, {\"x\": 4, \"y\": 5, \"seat\": false, \"color\": \"white\", \"borderColor\": \"white\"}, {\"x\": 4, \"y\": 6, \"seat\": false, \"color\": \"white\", \"borderColor\": \"white\"}, {\"x\": 4, \"y\": 7, \"seat\": false, \"color\": \"white\", \"borderColor\": \"white\"}, {\"x\": 4, \"y\": 8, \"seat\": true, \"color\": \"white\", \"isBuy\": false, \"isSelected\": false, \"borderColor\": \"black\"}, {\"x\": 4, \"y\": 9, \"seat\": true, \"color\": \"white\", \"isBuy\": false, \"isSelected\": false, \"borderColor\": \"black\"}], [{\"x\": 5, \"y\": 1, \"seat\": true, \"color\": \"white\", \"isBuy\": false, \"isSelected\": false, \"borderColor\": \"black\"}, {\"x\": 5, \"y\": 2, \"seat\": true, \"color\": \"white\", \"isBuy\": false, \"isSelected\": false, \"borderColor\": \"black\"}, {\"x\": 5, \"y\": 3, \"seat\": true, \"color\": \"white\", \"isBuy\": false, \"isSelected\": false, \"borderColor\": \"black\"}, {\"x\": 5, \"y\": 4, \"seat\": true, \"color\": \"white\", \"isBuy\": false, \"isSelected\": false, \"borderColor\": \"black\"}, {\"x\": 5, \"y\": 5, \"seat\": true, \"color\": \"white\", \"isBuy\": false, \"isSelected\": false, \"borderColor\": \"black\"}, {\"x\": 5, \"y\": 6, \"seat\": true, \"color\": \"white\", \"isBuy\": false, \"isSelected\": false, \"borderColor\": \"black\"}, {\"x\": 5, \"y\": 7, \"seat\": true, \"color\": \"white\", \"isBuy\": false, \"isSelected\": false, \"borderColor\": \"black\"}, {\"x\": 5, \"y\": 8, \"seat\": true, \"color\": \"white\", \"isBuy\": false, \"isSelected\": false, \"borderColor\": \"black\"}, {\"x\": 5, \"y\": 9, \"seat\": true, \"color\": \"white\", \"isBuy\": false, \"isSelected\": false, \"borderColor\": \"black\"}], [{\"x\": 6, \"y\": 1, \"seat\": true, \"color\": \"white\", \"isBuy\": false, \"isSelected\": false, \"borderColor\": \"black\"}, {\"x\": 6, \"y\": 2, \"seat\": true, \"color\": \"white\", \"isBuy\": false, \"isSelected\": false, \"borderColor\": \"black\"}, {\"x\": 6, \"y\": 3, \"seat\": true, \"color\": \"white\", \"isBuy\": false, \"isSelected\": false, \"borderColor\": \"black\"}, {\"x\": 6, \"y\": 4, \"seat\": true, \"color\": \"white\", \"isBuy\": false, \"isSelected\": false, \"borderColor\": \"black\"}, {\"x\": 6, \"y\": 5, \"seat\": true, \"color\": \"white\", \"isBuy\": false, \"isSelected\": false, \"borderColor\": \"black\"}, {\"x\": 6, \"y\": 6, \"seat\": true, \"color\": \"white\", \"isBuy\": false, \"isSelected\": false, \"borderColor\": \"black\"}, {\"x\": 6, \"y\": 7, \"seat\": true, \"color\": \"white\", \"isBuy\": false, \"isSelected\": false, \"borderColor\": \"black\"}, {\"x\": 6, \"y\": 8, \"seat\": true, \"color\": \"white\", \"isBuy\": false, \"isSelected\": false, \"borderColor\": \"black\"}, {\"x\": 6, \"y\": 9, \"seat\": true, \"color\": \"white\", \"isBuy\": false, \"isSelected\": false, \"borderColor\": \"black\"}]]','2025-05-28 16:00:00'),('726156477cc947ec9a11e759a17a7931','cac9ffeb481d439992dfc610d0d106ed','9e353b9872a949afa7dfa69517721587','077158e9eecc4532b0e5b24b53ccf4db','2025-05-29 00:00:00',53.00,'[[{\"x\": 1, \"y\": 1, \"seat\": true, \"color\": \"white\", \"isBuy\": false, \"isSelected\": false, \"borderColor\": \"black\"}, {\"x\": 1, \"y\": 2, \"seat\": true, \"color\": \"white\", \"isBuy\": false, \"isSelected\": false, \"borderColor\": \"black\"}, {\"x\": 1, \"y\": 3, \"seat\": true, \"color\": \"white\", \"isBuy\": false, \"isSelected\": false, \"borderColor\": \"black\"}, {\"x\": 1, \"y\": 4, \"seat\": true, \"color\": \"white\", \"isBuy\": false, \"isSelected\": false, \"borderColor\": \"black\"}, {\"x\": 1, \"y\": 5, \"seat\": true, \"color\": \"white\", \"isBuy\": false, \"isSelected\": false, \"borderColor\": \"black\"}, {\"x\": 1, \"y\": 6, \"seat\": true, \"color\": \"white\", \"isBuy\": false, \"isSelected\": false, \"borderColor\": \"black\"}, {\"x\": 1, \"y\": 7, \"seat\": true, \"color\": \"white\", \"isBuy\": false, \"isSelected\": false, \"borderColor\": \"black\"}, {\"x\": 1, \"y\": 8, \"seat\": true, \"color\": \"white\", \"isBuy\": false, \"isSelected\": false, \"borderColor\": \"black\"}, {\"x\": 1, \"y\": 9, \"seat\": true, \"color\": \"white\", \"isBuy\": false, \"isSelected\": false, \"borderColor\": \"black\"}, {\"x\": 1, \"y\": 10, \"seat\": true, \"color\": \"white\", \"isBuy\": false, \"isSelected\": false, \"borderColor\": \"black\"}, {\"x\": 1, \"y\": 11, \"seat\": true, \"color\": \"white\", \"isBuy\": false, \"isSelected\": false, \"borderColor\": \"black\"}, {\"x\": 1, \"y\": 12, \"seat\": true, \"color\": \"white\", \"isBuy\": false, \"isSelected\": false, \"borderColor\": \"black\"}, {\"x\": 1, \"y\": 13, \"seat\": true, \"color\": \"white\", \"isBuy\": false, \"isSelected\": false, \"borderColor\": \"black\"}, {\"x\": 1, \"y\": 14, \"seat\": true, \"color\": \"white\", \"isBuy\": false, \"isSelected\": false, \"borderColor\": \"black\"}, {\"x\": 1, \"y\": 15, \"seat\": true, \"color\": \"white\", \"isBuy\": false, \"isSelected\": false, \"borderColor\": \"black\"}, {\"x\": 1, \"y\": 16, \"seat\": true, \"color\": \"white\", \"isBuy\": false, \"isSelected\": false, \"borderColor\": \"black\"}, {\"x\": 1, \"y\": 17, \"seat\": true, \"color\": \"white\", \"isBuy\": false, \"isSelected\": false, \"borderColor\": \"black\"}, {\"x\": 1, \"y\": 18, \"seat\": true, \"color\": \"white\", \"isBuy\": false, \"isSelected\": false, \"borderColor\": \"black\"}, {\"x\": 1, \"y\": 19, \"seat\": true, \"color\": \"white\", \"isBuy\": false, \"isSelected\": false, \"borderColor\": \"black\"}, {\"x\": 1, \"y\": 20, \"seat\": true, \"color\": \"white\", \"isBuy\": false, \"isSelected\": false, \"borderColor\": \"black\"}], [{\"x\": 2, \"y\": 1, \"seat\": true, \"color\": \"white\", \"isBuy\": false, \"isSelected\": false, \"borderColor\": \"black\"}, {\"x\": 2, \"y\": 2, \"seat\": true, \"color\": \"white\", \"isBuy\": false, \"isSelected\": false, \"borderColor\": \"black\"}, {\"x\": 2, \"y\": 3, \"seat\": true, \"color\": \"white\", \"isBuy\": false, \"isSelected\": false, \"borderColor\": \"black\"}, {\"x\": 2, \"y\": 4, \"seat\": true, \"color\": \"white\", \"isBuy\": false, \"isSelected\": false, \"borderColor\": \"black\"}, {\"x\": 2, \"y\": 5, \"seat\": true, \"color\": \"white\", \"isBuy\": false, \"isSelected\": false, \"borderColor\": \"black\"}, {\"x\": 2, \"y\": 6, \"seat\": true, \"color\": \"white\", \"isBuy\": false, \"isSelected\": false, \"borderColor\": \"black\"}, {\"x\": 2, \"y\": 7, \"seat\": true, \"color\": \"white\", \"isBuy\": false, \"isSelected\": false, \"borderColor\": \"black\"}, {\"x\": 2, \"y\": 8, \"seat\": true, \"color\": \"white\", \"isBuy\": false, \"isSelected\": false, \"borderColor\": \"black\"}, {\"x\": 2, \"y\": 9, \"seat\": true, \"color\": \"white\", \"isBuy\": false, \"isSelected\": false, \"borderColor\": \"black\"}, {\"x\": 2, \"y\": 10, \"seat\": true, \"color\": \"white\", \"isBuy\": false, \"isSelected\": false, \"borderColor\": \"black\"}, {\"x\": 2, \"y\": 11, \"seat\": true, \"color\": \"white\", \"isBuy\": false, \"isSelected\": false, \"borderColor\": \"black\"}, {\"x\": 2, \"y\": 12, \"seat\": true, \"color\": \"white\", \"isBuy\": false, \"isSelected\": false, \"borderColor\": \"black\"}, {\"x\": 2, \"y\": 13, \"seat\": true, \"color\": \"white\", \"isBuy\": false, \"isSelected\": false, \"borderColor\": \"black\"}, {\"x\": 2, \"y\": 14, \"seat\": true, \"color\": \"white\", \"isBuy\": false, \"isSelected\": false, \"borderColor\": \"black\"}, {\"x\": 2, \"y\": 15, \"seat\": true, \"color\": \"white\", \"isBuy\": false, \"isSelected\": false, \"borderColor\": \"black\"}, {\"x\": 2, \"y\": 16, \"seat\": true, \"color\": \"white\", \"isBuy\": false, \"isSelected\": false, \"borderColor\": \"black\"}, {\"x\": 2, \"y\": 17, \"seat\": true, \"color\": \"white\", \"isBuy\": false, \"isSelected\": false, \"borderColor\": \"black\"}, {\"x\": 2, \"y\": 18, \"seat\": true, \"color\": \"white\", \"isBuy\": false, \"isSelected\": false, \"borderColor\": \"black\"}, {\"x\": 2, \"y\": 19, \"seat\": true, \"color\": \"white\", \"isBuy\": false, \"isSelected\": false, \"borderColor\": \"black\"}, {\"x\": 2, \"y\": 20, \"seat\": true, \"color\": \"white\", \"isBuy\": false, \"isSelected\": false, \"borderColor\": \"black\"}], [{\"x\": 3, \"y\": 1, \"seat\": true, \"color\": \"white\", \"isBuy\": false, \"isSelected\": false, \"borderColor\": \"black\"}, {\"x\": 3, \"y\": 2, \"seat\": true, \"color\": \"white\", \"isBuy\": false, \"isSelected\": false, \"borderColor\": \"black\"}, {\"x\": 3, \"y\": 3, \"seat\": true, \"color\": \"white\", \"isBuy\": false, \"isSelected\": false, \"borderColor\": \"black\"}, {\"x\": 3, \"y\": 4, \"seat\": true, \"color\": \"white\", \"isBuy\": false, \"isSelected\": false, \"borderColor\": \"black\"}, {\"x\": 3, \"y\": 5, \"seat\": true, \"color\": \"white\", \"isBuy\": false, \"isSelected\": false, \"borderColor\": \"black\"}, {\"x\": 3, \"y\": 6, \"seat\": true, \"color\": \"white\", \"isBuy\": false, \"isSelected\": false, \"borderColor\": \"black\"}, {\"x\": 3, \"y\": 7, \"seat\": true, \"color\": \"white\", \"isBuy\": false, \"isSelected\": false, \"borderColor\": \"black\"}, {\"x\": 3, \"y\": 8, \"seat\": true, \"color\": \"white\", \"isBuy\": false, \"isSelected\": false, \"borderColor\": \"black\"}, {\"x\": 3, \"y\": 9, \"seat\": true, \"color\": \"white\", \"isBuy\": false, \"isSelected\": false, \"borderColor\": \"black\"}, {\"x\": 3, \"y\": 10, \"seat\": true, \"color\": \"white\", \"isBuy\": false, \"isSelected\": false, \"borderColor\": \"black\"}, {\"x\": 3, \"y\": 11, \"seat\": true, \"color\": \"white\", \"isBuy\": false, \"isSelected\": false, \"borderColor\": \"black\"}, {\"x\": 3, \"y\": 12, \"seat\": true, \"color\": \"white\", \"isBuy\": false, \"isSelected\": false, \"borderColor\": \"black\"}, {\"x\": 3, \"y\": 13, \"seat\": true, \"color\": \"white\", \"isBuy\": false, \"isSelected\": false, \"borderColor\": \"black\"}, {\"x\": 3, \"y\": 14, \"seat\": true, \"color\": \"white\", \"isBuy\": false, \"isSelected\": false, \"borderColor\": \"black\"}, {\"x\": 3, \"y\": 15, \"seat\": true, \"color\": \"white\", \"isBuy\": false, \"isSelected\": false, \"borderColor\": \"black\"}, {\"x\": 3, \"y\": 16, \"seat\": true, \"color\": \"white\", \"isBuy\": false, \"isSelected\": false, \"borderColor\": \"black\"}, {\"x\": 3, \"y\": 17, \"seat\": true, \"color\": \"white\", \"isBuy\": false, \"isSelected\": false, \"borderColor\": \"black\"}, {\"x\": 3, \"y\": 18, \"seat\": true, \"color\": \"white\", \"isBuy\": false, \"isSelected\": false, \"borderColor\": \"black\"}, {\"x\": 3, \"y\": 19, \"seat\": true, \"color\": \"white\", \"isBuy\": false, \"isSelected\": false, \"borderColor\": \"black\"}, {\"x\": 3, \"y\": 20, \"seat\": true, \"color\": \"white\", \"isBuy\": false, \"isSelected\": false, \"borderColor\": \"black\"}], [{\"x\": 4, \"y\": 1, \"seat\": true, \"color\": \"white\", \"isBuy\": false, \"isSelected\": false, \"borderColor\": \"black\"}, {\"x\": 4, \"y\": 2, \"seat\": true, \"color\": \"white\", \"isBuy\": false, \"isSelected\": false, \"borderColor\": \"black\"}, {\"x\": 4, \"y\": 3, \"seat\": true, \"color\": \"white\", \"isBuy\": false, \"isSelected\": false, \"borderColor\": \"black\"}, {\"x\": 4, \"y\": 4, \"seat\": true, \"color\": \"white\", \"isBuy\": false, \"isSelected\": false, \"borderColor\": \"black\"}, {\"x\": 4, \"y\": 5, \"seat\": true, \"color\": \"white\", \"isBuy\": false, \"isSelected\": false, \"borderColor\": \"black\"}, {\"x\": 4, \"y\": 6, \"seat\": true, \"color\": \"white\", \"isBuy\": false, \"isSelected\": false, \"borderColor\": \"black\"}, {\"x\": 4, \"y\": 7, \"seat\": true, \"color\": \"white\", \"isBuy\": false, \"isSelected\": false, \"borderColor\": \"black\"}, {\"x\": 4, \"y\": 8, \"seat\": true, \"color\": \"white\", \"isBuy\": false, \"isSelected\": false, \"borderColor\": \"black\"}, {\"x\": 4, \"y\": 9, \"seat\": true, \"color\": \"white\", \"isBuy\": false, \"isSelected\": false, \"borderColor\": \"black\"}, {\"x\": 4, \"y\": 10, \"seat\": true, \"color\": \"white\", \"isBuy\": false, \"isSelected\": false, \"borderColor\": \"black\"}, {\"x\": 4, \"y\": 11, \"seat\": true, \"color\": \"white\", \"isBuy\": false, \"isSelected\": false, \"borderColor\": \"black\"}, {\"x\": 4, \"y\": 12, \"seat\": true, \"color\": \"white\", \"isBuy\": false, \"isSelected\": false, \"borderColor\": \"black\"}, {\"x\": 4, \"y\": 13, \"seat\": true, \"color\": \"white\", \"isBuy\": false, \"isSelected\": false, \"borderColor\": \"black\"}, {\"x\": 4, \"y\": 14, \"seat\": true, \"color\": \"white\", \"isBuy\": false, \"isSelected\": false, \"borderColor\": \"black\"}, {\"x\": 4, \"y\": 15, \"seat\": true, \"color\": \"white\", \"isBuy\": false, \"isSelected\": false, \"borderColor\": \"black\"}, {\"x\": 4, \"y\": 16, \"seat\": true, \"color\": \"white\", \"isBuy\": false, \"isSelected\": false, \"borderColor\": \"black\"}, {\"x\": 4, \"y\": 17, \"seat\": true, \"color\": \"white\", \"isBuy\": false, \"isSelected\": false, \"borderColor\": \"black\"}, {\"x\": 4, \"y\": 18, \"seat\": true, \"color\": \"white\", \"isBuy\": false, \"isSelected\": false, \"borderColor\": \"black\"}, {\"x\": 4, \"y\": 19, \"seat\": true, \"color\": \"white\", \"isBuy\": false, \"isSelected\": false, \"borderColor\": \"black\"}, {\"x\": 4, \"y\": 20, \"seat\": true, \"color\": \"white\", \"isBuy\": false, \"isSelected\": false, \"borderColor\": \"black\"}], [{\"x\": 5, \"y\": 1, \"seat\": false, \"color\": \"white\", \"borderColor\": \"white\"}, {\"x\": 5, \"y\": 2, \"seat\": false, \"color\": \"white\", \"borderColor\": \"white\"}, {\"x\": 5, \"y\": 3, \"seat\": false, \"color\": \"white\", \"borderColor\": \"white\"}, {\"x\": 5, \"y\": 4, \"seat\": false, \"color\": \"white\", \"borderColor\": \"white\"}, {\"x\": 5, \"y\": 5, \"seat\": false, \"color\": \"white\", \"borderColor\": \"white\"}, {\"x\": 5, \"y\": 6, \"seat\": false, \"color\": \"white\", \"borderColor\": \"white\"}, {\"x\": 5, \"y\": 7, \"seat\": false, \"color\": \"white\", \"borderColor\": \"white\"}, {\"x\": 5, \"y\": 8, \"seat\": false, \"color\": \"white\", \"borderColor\": \"white\"}, {\"x\": 5, \"y\": 9, \"seat\": false, \"color\": \"white\", \"borderColor\": \"white\"}, {\"x\": 5, \"y\": 10, \"seat\": false, \"color\": \"white\", \"borderColor\": \"white\"}, {\"x\": 5, \"y\": 11, \"seat\": false, \"color\": \"white\", \"borderColor\": \"white\"}, {\"x\": 5, \"y\": 12, \"seat\": false, \"color\": \"white\", \"borderColor\": \"white\"}, {\"x\": 5, \"y\": 13, \"seat\": false, \"color\": \"white\", \"borderColor\": \"white\"}, {\"x\": 5, \"y\": 14, \"seat\": false, \"color\": \"white\", \"borderColor\": \"white\"}, {\"x\": 5, \"y\": 15, \"seat\": false, \"color\": \"white\", \"borderColor\": \"white\"}, {\"x\": 5, \"y\": 16, \"seat\": false, \"color\": \"white\", \"borderColor\": \"white\"}, {\"x\": 5, \"y\": 17, \"seat\": false, \"color\": \"white\", \"borderColor\": \"white\"}, {\"x\": 5, \"y\": 18, \"seat\": false, \"color\": \"white\", \"borderColor\": \"white\"}, {\"x\": 5, \"y\": 19, \"seat\": false, \"color\": \"white\", \"borderColor\": \"white\"}, {\"x\": 5, \"y\": 20, \"seat\": false, \"color\": \"white\", \"borderColor\": \"white\"}], [{\"x\": 6, \"y\": 1, \"seat\": false, \"color\": \"white\", \"borderColor\": \"white\"}, {\"x\": 6, \"y\": 2, \"seat\": true, \"color\": \"white\", \"isBuy\": false, \"isSelected\": false, \"borderColor\": \"black\"}, {\"x\": 6, \"y\": 3, \"seat\": true, \"color\": \"white\", \"isBuy\": false, \"isSelected\": false, \"borderColor\": \"black\"}, {\"x\": 6, \"y\": 4, \"seat\": true, \"color\": \"white\", \"isBuy\": false, \"isSelected\": false, \"borderColor\": \"black\"}, {\"x\": 6, \"y\": 5, \"seat\": true, \"color\": \"white\", \"isBuy\": false, \"isSelected\": false, \"borderColor\": \"black\"}, {\"x\": 6, \"y\": 6, \"seat\": true, \"color\": \"white\", \"isBuy\": false, \"isSelected\": false, \"borderColor\": \"black\"}, {\"x\": 6, \"y\": 7, \"seat\": true, \"color\": \"white\", \"isBuy\": false, \"isSelected\": false, \"borderColor\": \"black\"}, {\"x\": 6, \"y\": 8, \"seat\": true, \"color\": \"white\", \"isBuy\": false, \"isSelected\": false, \"borderColor\": \"black\"}, {\"x\": 6, \"y\": 9, \"seat\": true, \"color\": \"white\", \"isBuy\": false, \"isSelected\": false, \"borderColor\": \"black\"}, {\"x\": 6, \"y\": 10, \"seat\": false, \"color\": \"white\", \"borderColor\": \"white\"}, {\"x\": 6, \"y\": 11, \"seat\": false, \"color\": \"white\", \"borderColor\": \"white\"}, {\"x\": 6, \"y\": 12, \"seat\": true, \"color\": \"red\", \"isBuy\": true, \"isSelected\": false, \"borderColor\": \"black\"}, {\"x\": 6, \"y\": 13, \"seat\": true, \"color\": \"red\", \"isBuy\": true, \"isSelected\": false, \"borderColor\": \"black\"}, {\"x\": 6, \"y\": 14, \"seat\": true, \"color\": \"white\", \"isBuy\": false, \"isSelected\": false, \"borderColor\": \"black\"}, {\"x\": 6, \"y\": 15, \"seat\": true, \"color\": \"white\", \"isBuy\": false, \"isSelected\": false, \"borderColor\": \"black\"}, {\"x\": 6, \"y\": 16, \"seat\": true, \"color\": \"white\", \"isBuy\": false, \"isSelected\": false, \"borderColor\": \"black\"}, {\"x\": 6, \"y\": 17, \"seat\": true, \"color\": \"white\", \"isBuy\": false, \"isSelected\": false, \"borderColor\": \"black\"}, {\"x\": 6, \"y\": 18, \"seat\": true, \"color\": \"white\", \"isBuy\": false, \"isSelected\": false, \"borderColor\": \"black\"}, {\"x\": 6, \"y\": 19, \"seat\": true, \"color\": \"white\", \"isBuy\": false, \"isSelected\": false, \"borderColor\": \"black\"}, {\"x\": 6, \"y\": 20, \"seat\": false, \"color\": \"white\", \"borderColor\": \"white\"}], [{\"x\": 7, \"y\": 1, \"seat\": false, \"color\": \"white\", \"borderColor\": \"white\"}, {\"x\": 7, \"y\": 2, \"seat\": true, \"color\": \"white\", \"isBuy\": false, \"isSelected\": false, \"borderColor\": \"black\"}, {\"x\": 7, \"y\": 3, \"seat\": true, \"color\": \"white\", \"isBuy\": false, \"isSelected\": false, \"borderColor\": \"black\"}, {\"x\": 7, \"y\": 4, \"seat\": true, \"color\": \"white\", \"isBuy\": false, \"isSelected\": false, \"borderColor\": \"black\"}, {\"x\": 7, \"y\": 5, \"seat\": true, \"color\": \"red\", \"isBuy\": true, \"isSelected\": false, \"borderColor\": \"black\"}, {\"x\": 7, \"y\": 6, \"seat\": true, \"color\": \"white\", \"isBuy\": false, \"isSelected\": false, \"borderColor\": \"black\"}, {\"x\": 7, \"y\": 7, \"seat\": true, \"color\": \"white\", \"isBuy\": false, \"isSelected\": false, \"borderColor\": \"black\"}, {\"x\": 7, \"y\": 8, \"seat\": true, \"color\": \"white\", \"isBuy\": false, \"isSelected\": false, \"borderColor\": \"black\"}, {\"x\": 7, \"y\": 9, \"seat\": true, \"color\": \"white\", \"isBuy\": false, \"isSelected\": false, \"borderColor\": \"black\"}, {\"x\": 7, \"y\": 10, \"seat\": false, \"color\": \"white\", \"borderColor\": \"white\"}, {\"x\": 7, \"y\": 11, \"seat\": false, \"color\": \"white\", \"borderColor\": \"white\"}, {\"x\": 7, \"y\": 12, \"seat\": true, \"color\": \"red\", \"isBuy\": true, \"isSelected\": false, \"borderColor\": \"black\"}, {\"x\": 7, \"y\": 13, \"seat\": true, \"color\": \"red\", \"isBuy\": true, \"isSelected\": false, \"borderColor\": \"black\"}, {\"x\": 7, \"y\": 14, \"seat\": true, \"color\": \"white\", \"isBuy\": false, \"isSelected\": false, \"borderColor\": \"black\"}, {\"x\": 7, \"y\": 15, \"seat\": true, \"color\": \"white\", \"isBuy\": false, \"isSelected\": false, \"borderColor\": \"black\"}, {\"x\": 7, \"y\": 16, \"seat\": true, \"color\": \"white\", \"isBuy\": false, \"isSelected\": false, \"borderColor\": \"black\"}, {\"x\": 7, \"y\": 17, \"seat\": true, \"color\": \"white\", \"isBuy\": false, \"isSelected\": false, \"borderColor\": \"black\"}, {\"x\": 7, \"y\": 18, \"seat\": true, \"color\": \"white\", \"isBuy\": false, \"isSelected\": false, \"borderColor\": \"black\"}, {\"x\": 7, \"y\": 19, \"seat\": true, \"color\": \"white\", \"isBuy\": false, \"isSelected\": false, \"borderColor\": \"black\"}, {\"x\": 7, \"y\": 20, \"seat\": false, \"color\": \"white\", \"borderColor\": \"white\"}], [{\"x\": 8, \"y\": 1, \"seat\": false, \"color\": \"white\", \"borderColor\": \"white\"}, {\"x\": 8, \"y\": 2, \"seat\": true, \"color\": \"white\", \"isBuy\": false, \"isSelected\": false, \"borderColor\": \"black\"}, {\"x\": 8, \"y\": 3, \"seat\": true, \"color\": \"white\", \"isBuy\": false, \"isSelected\": false, \"borderColor\": \"black\"}, {\"x\": 8, \"y\": 4, \"seat\": true, \"color\": \"white\", \"isBuy\": false, \"isSelected\": false, \"borderColor\": \"black\"}, {\"x\": 8, \"y\": 5, \"seat\": true, \"color\": \"white\", \"isBuy\": false, \"isSelected\": false, \"borderColor\": \"black\"}, {\"x\": 8, \"y\": 6, \"seat\": true, \"color\": \"white\", \"isBuy\": false, \"isSelected\": false, \"borderColor\": \"black\"}, {\"x\": 8, \"y\": 7, \"seat\": true, \"color\": \"white\", \"isBuy\": false, \"isSelected\": false, \"borderColor\": \"black\"}, {\"x\": 8, \"y\": 8, \"seat\": true, \"color\": \"white\", \"isBuy\": false, \"isSelected\": false, \"borderColor\": \"black\"}, {\"x\": 8, \"y\": 9, \"seat\": true, \"color\": \"white\", \"isBuy\": false, \"isSelected\": false, \"borderColor\": \"black\"}, {\"x\": 8, \"y\": 10, \"seat\": false, \"color\": \"white\", \"borderColor\": \"white\"}, {\"x\": 8, \"y\": 11, \"seat\": false, \"color\": \"white\", \"borderColor\": \"white\"}, {\"x\": 8, \"y\": 12, \"seat\": true, \"color\": \"red\", \"isBuy\": true, \"isSelected\": false, \"borderColor\": \"black\"}, {\"x\": 8, \"y\": 13, \"seat\": true, \"color\": \"red\", \"isBuy\": true, \"isSelected\": false, \"borderColor\": \"black\"}, {\"x\": 8, \"y\": 14, \"seat\": true, \"color\": \"white\", \"isBuy\": false, \"isSelected\": false, \"borderColor\": \"black\"}, {\"x\": 8, \"y\": 15, \"seat\": true, \"color\": \"white\", \"isBuy\": false, \"isSelected\": false, \"borderColor\": \"black\"}, {\"x\": 8, \"y\": 16, \"seat\": true, \"color\": \"white\", \"isBuy\": false, \"isSelected\": false, \"borderColor\": \"black\"}, {\"x\": 8, \"y\": 17, \"seat\": true, \"color\": \"white\", \"isBuy\": false, \"isSelected\": false, \"borderColor\": \"black\"}, {\"x\": 8, \"y\": 18, \"seat\": true, \"color\": \"white\", \"isBuy\": false, \"isSelected\": false, \"borderColor\": \"black\"}, {\"x\": 8, \"y\": 19, \"seat\": true, \"color\": \"white\", \"isBuy\": false, \"isSelected\": false, \"borderColor\": \"black\"}, {\"x\": 8, \"y\": 20, \"seat\": false, \"color\": \"white\", \"borderColor\": \"white\"}], [{\"x\": 9, \"y\": 1, \"seat\": false, \"color\": \"white\", \"borderColor\": \"white\"}, {\"x\": 9, \"y\": 2, \"seat\": true, \"color\": \"white\", \"isBuy\": false, \"isSelected\": false, \"borderColor\": \"black\"}, {\"x\": 9, \"y\": 3, \"seat\": true, \"color\": \"white\", \"isBuy\": false, \"isSelected\": false, \"borderColor\": \"black\"}, {\"x\": 9, \"y\": 4, \"seat\": true, \"color\": \"white\", \"isBuy\": false, \"isSelected\": false, \"borderColor\": \"black\"}, {\"x\": 9, \"y\": 5, \"seat\": true, \"color\": \"white\", \"isBuy\": false, \"isSelected\": false, \"borderColor\": \"black\"}, {\"x\": 9, \"y\": 6, \"seat\": true, \"color\": \"white\", \"isBuy\": false, \"isSelected\": false, \"borderColor\": \"black\"}, {\"x\": 9, \"y\": 7, \"seat\": true, \"color\": \"white\", \"isBuy\": false, \"isSelected\": false, \"borderColor\": \"black\"}, {\"x\": 9, \"y\": 8, \"seat\": true, \"color\": \"white\", \"isBuy\": false, \"isSelected\": false, \"borderColor\": \"black\"}, {\"x\": 9, \"y\": 9, \"seat\": true, \"color\": \"white\", \"isBuy\": false, \"isSelected\": false, \"borderColor\": \"black\"}, {\"x\": 9, \"y\": 10, \"seat\": false, \"color\": \"white\", \"borderColor\": \"white\"}, {\"x\": 9, \"y\": 11, \"seat\": false, \"color\": \"white\", \"borderColor\": \"white\"}, {\"x\": 9, \"y\": 12, \"seat\": true, \"color\": \"white\", \"isBuy\": false, \"isSelected\": false, \"borderColor\": \"black\"}, {\"x\": 9, \"y\": 13, \"seat\": true, \"color\": \"white\", \"isBuy\": false, \"isSelected\": false, \"borderColor\": \"black\"}, {\"x\": 9, \"y\": 14, \"seat\": true, \"color\": \"white\", \"isBuy\": false, \"isSelected\": false, \"borderColor\": \"black\"}, {\"x\": 9, \"y\": 15, \"seat\": true, \"color\": \"white\", \"isBuy\": false, \"isSelected\": false, \"borderColor\": \"black\"}, {\"x\": 9, \"y\": 16, \"seat\": true, \"color\": \"white\", \"isBuy\": false, \"isSelected\": false, \"borderColor\": \"black\"}, {\"x\": 9, \"y\": 17, \"seat\": true, \"color\": \"white\", \"isBuy\": false, \"isSelected\": false, \"borderColor\": \"black\"}, {\"x\": 9, \"y\": 18, \"seat\": true, \"color\": \"white\", \"isBuy\": false, \"isSelected\": false, \"borderColor\": \"black\"}, {\"x\": 9, \"y\": 19, \"seat\": true, \"color\": \"white\", \"isBuy\": false, \"isSelected\": false, \"borderColor\": \"black\"}, {\"x\": 9, \"y\": 20, \"seat\": false, \"color\": \"white\", \"borderColor\": \"white\"}], [{\"x\": 10, \"y\": 1, \"seat\": false, \"color\": \"white\", \"borderColor\": \"white\"}, {\"x\": 10, \"y\": 2, \"seat\": true, \"color\": \"white\", \"isBuy\": false, \"isSelected\": false, \"borderColor\": \"black\"}, {\"x\": 10, \"y\": 3, \"seat\": true, \"color\": \"white\", \"isBuy\": false, \"isSelected\": false, \"borderColor\": \"black\"}, {\"x\": 10, \"y\": 4, \"seat\": true, \"color\": \"white\", \"isBuy\": false, \"isSelected\": false, \"borderColor\": \"black\"}, {\"x\": 10, \"y\": 5, \"seat\": true, \"color\": \"white\", \"isBuy\": false, \"isSelected\": false, \"borderColor\": \"black\"}, {\"x\": 10, \"y\": 6, \"seat\": true, \"color\": \"white\", \"isBuy\": false, \"isSelected\": false, \"borderColor\": \"black\"}, {\"x\": 10, \"y\": 7, \"seat\": true, \"color\": \"white\", \"isBuy\": false, \"isSelected\": false, \"borderColor\": \"black\"}, {\"x\": 10, \"y\": 8, \"seat\": true, \"color\": \"white\", \"isBuy\": false, \"isSelected\": false, \"borderColor\": \"black\"}, {\"x\": 10, \"y\": 9, \"seat\": true, \"color\": \"white\", \"isBuy\": false, \"isSelected\": false, \"borderColor\": \"black\"}, {\"x\": 10, \"y\": 10, \"seat\": false, \"color\": \"white\", \"borderColor\": \"white\"}, {\"x\": 10, \"y\": 11, \"seat\": false, \"color\": \"white\", \"borderColor\": \"white\"}, {\"x\": 10, \"y\": 12, \"seat\": true, \"color\": \"white\", \"isBuy\": false, \"isSelected\": false, \"borderColor\": \"black\"}, {\"x\": 10, \"y\": 13, \"seat\": true, \"color\": \"white\", \"isBuy\": false, \"isSelected\": false, \"borderColor\": \"black\"}, {\"x\": 10, \"y\": 14, \"seat\": true, \"color\": \"white\", \"isBuy\": false, \"isSelected\": false, \"borderColor\": \"black\"}, {\"x\": 10, \"y\": 15, \"seat\": true, \"color\": \"white\", \"isBuy\": false, \"isSelected\": false, \"borderColor\": \"black\"}, {\"x\": 10, \"y\": 16, \"seat\": true, \"color\": \"white\", \"isBuy\": false, \"isSelected\": false, \"borderColor\": \"black\"}, {\"x\": 10, \"y\": 17, \"seat\": true, \"color\": \"white\", \"isBuy\": false, \"isSelected\": false, \"borderColor\": \"black\"}, {\"x\": 10, \"y\": 18, \"seat\": true, \"color\": \"white\", \"isBuy\": false, \"isSelected\": false, \"borderColor\": \"black\"}, {\"x\": 10, \"y\": 19, \"seat\": true, \"color\": \"white\", \"isBuy\": false, \"isSelected\": false, \"borderColor\": \"black\"}, {\"x\": 10, \"y\": 20, \"seat\": false, \"color\": \"white\", \"borderColor\": \"white\"}]]','2025-05-29 02:00:00'),('7f2285d87cc04b419ee54d9fee07e7a1','79a1f42bd03541e18a5e9a4ce2e61f2e','125cf133171244b8bc76aae1d7bf54a8','fc894d0bba73461884fd2647cac1f4ee','2025-05-13 11:00:00',36.50,'[[{\"x\": 1, \"y\": 1, \"seat\": true, \"color\": \"white\", \"isBuy\": false, \"isSelected\": false, \"borderColor\": \"black\"}, {\"x\": 1, \"y\": 2, \"seat\": true, \"color\": \"white\", \"isBuy\": false, \"isSelected\": false, \"borderColor\": \"black\"}, {\"x\": 1, \"y\": 3, \"seat\": false, \"color\": \"white\", \"borderColor\": \"white\"}, {\"x\": 1, \"y\": 4, \"seat\": true, \"color\": \"white\", \"isBuy\": false, \"isSelected\": false, \"borderColor\": \"black\"}, {\"x\": 1, \"y\": 5, \"seat\": true, \"color\": \"white\", \"isBuy\": false, \"isSelected\": false, \"borderColor\": \"black\"}, {\"x\": 1, \"y\": 6, \"seat\": false, \"color\": \"white\", \"borderColor\": \"white\"}, {\"x\": 1, \"y\": 7, \"seat\": true, \"color\": \"white\", \"isBuy\": false, \"isSelected\": false, \"borderColor\": \"black\"}, {\"x\": 1, \"y\": 8, \"seat\": true, \"color\": \"white\", \"isBuy\": false, \"isSelected\": false, \"borderColor\": \"black\"}], [{\"x\": 2, \"y\": 1, \"seat\": true, \"color\": \"white\", \"isBuy\": false, \"isSelected\": false, \"borderColor\": \"black\"}, {\"x\": 2, \"y\": 2, \"seat\": true, \"color\": \"white\", \"isBuy\": false, \"isSelected\": false, \"borderColor\": \"black\"}, {\"x\": 2, \"y\": 3, \"seat\": false, \"color\": \"white\", \"borderColor\": \"white\"}, {\"x\": 2, \"y\": 4, \"seat\": true, \"color\": \"white\", \"isBuy\": false, \"isSelected\": false, \"borderColor\": \"black\"}, {\"x\": 2, \"y\": 5, \"seat\": true, \"color\": \"white\", \"isBuy\": false, \"isSelected\": false, \"borderColor\": \"black\"}, {\"x\": 2, \"y\": 6, \"seat\": false, \"color\": \"white\", \"borderColor\": \"white\"}, {\"x\": 2, \"y\": 7, \"seat\": true, \"color\": \"white\", \"isBuy\": false, \"isSelected\": false, \"borderColor\": \"black\"}, {\"x\": 2, \"y\": 8, \"seat\": true, \"color\": \"white\", \"isBuy\": false, \"isSelected\": false, \"borderColor\": \"black\"}], [{\"x\": 3, \"y\": 1, \"seat\": true, \"color\": \"white\", \"isBuy\": false, \"isSelected\": false, \"borderColor\": \"black\"}, {\"x\": 3, \"y\": 2, \"seat\": true, \"color\": \"white\", \"isBuy\": false, \"isSelected\": false, \"borderColor\": \"black\"}, {\"x\": 3, \"y\": 3, \"seat\": false, \"color\": \"white\", \"borderColor\": \"white\"}, {\"x\": 3, \"y\": 4, \"seat\": true, \"color\": \"white\", \"isBuy\": false, \"isSelected\": false, \"borderColor\": \"black\"}, {\"x\": 3, \"y\": 5, \"seat\": true, \"color\": \"white\", \"isBuy\": false, \"isSelected\": false, \"borderColor\": \"black\"}, {\"x\": 3, \"y\": 6, \"seat\": false, \"color\": \"white\", \"borderColor\": \"white\"}, {\"x\": 3, \"y\": 7, \"seat\": true, \"color\": \"white\", \"isBuy\": false, \"isSelected\": false, \"borderColor\": \"black\"}, {\"x\": 3, \"y\": 8, \"seat\": true, \"color\": \"white\", \"isBuy\": false, \"isSelected\": false, \"borderColor\": \"black\"}], [{\"x\": 4, \"y\": 1, \"seat\": true, \"color\": \"white\", \"isBuy\": false, \"isSelected\": false, \"borderColor\": \"black\"}, {\"x\": 4, \"y\": 2, \"seat\": true, \"color\": \"white\", \"isBuy\": false, \"isSelected\": false, \"borderColor\": \"black\"}, {\"x\": 4, \"y\": 3, \"seat\": false, \"color\": \"white\", \"borderColor\": \"white\"}, {\"x\": 4, \"y\": 4, \"seat\": true, \"color\": \"white\", \"isBuy\": false, \"isSelected\": false, \"borderColor\": \"black\"}, {\"x\": 4, \"y\": 5, \"seat\": true, \"color\": \"white\", \"isBuy\": false, \"isSelected\": false, \"borderColor\": \"black\"}, {\"x\": 4, \"y\": 6, \"seat\": false, \"color\": \"white\", \"borderColor\": \"white\"}, {\"x\": 4, \"y\": 7, \"seat\": true, \"color\": \"white\", \"isBuy\": false, \"isSelected\": false, \"borderColor\": \"black\"}, {\"x\": 4, \"y\": 8, \"seat\": true, \"color\": \"white\", \"isBuy\": false, \"isSelected\": false, \"borderColor\": \"black\"}], [{\"x\": 5, \"y\": 1, \"seat\": true, \"color\": \"white\", \"isBuy\": false, \"isSelected\": false, \"borderColor\": \"black\"}, {\"x\": 5, \"y\": 2, \"seat\": true, \"color\": \"white\", \"isBuy\": false, \"isSelected\": false, \"borderColor\": \"black\"}, {\"x\": 5, \"y\": 3, \"seat\": false, \"color\": \"white\", \"borderColor\": \"white\"}, {\"x\": 5, \"y\": 4, \"seat\": true, \"color\": \"white\", \"isBuy\": false, \"isSelected\": false, \"borderColor\": \"black\"}, {\"x\": 5, \"y\": 5, \"seat\": true, \"color\": \"white\", \"isBuy\": false, \"isSelected\": false, \"borderColor\": \"black\"}, {\"x\": 5, \"y\": 6, \"seat\": false, \"color\": \"white\", \"borderColor\": \"white\"}, {\"x\": 5, \"y\": 7, \"seat\": true, \"color\": \"white\", \"isBuy\": false, \"isSelected\": false, \"borderColor\": \"black\"}, {\"x\": 5, \"y\": 8, \"seat\": true, \"color\": \"white\", \"isBuy\": false, \"isSelected\": false, \"borderColor\": \"black\"}], [{\"x\": 6, \"y\": 1, \"seat\": true, \"color\": \"white\", \"isBuy\": false, \"isSelected\": false, \"borderColor\": \"black\"}, {\"x\": 6, \"y\": 2, \"seat\": true, \"color\": \"white\", \"isBuy\": false, \"isSelected\": false, \"borderColor\": \"black\"}, {\"x\": 6, \"y\": 3, \"seat\": false, \"color\": \"white\", \"borderColor\": \"white\"}, {\"x\": 6, \"y\": 4, \"seat\": true, \"color\": \"white\", \"isBuy\": false, \"isSelected\": false, \"borderColor\": \"black\"}, {\"x\": 6, \"y\": 5, \"seat\": true, \"color\": \"white\", \"isBuy\": false, \"isSelected\": false, \"borderColor\": \"black\"}, {\"x\": 6, \"y\": 6, \"seat\": false, \"color\": \"white\", \"borderColor\": \"white\"}, {\"x\": 6, \"y\": 7, \"seat\": true, \"color\": \"white\", \"isBuy\": false, \"isSelected\": false, \"borderColor\": \"black\"}, {\"x\": 6, \"y\": 8, \"seat\": true, \"color\": \"white\", \"isBuy\": false, \"isSelected\": false, \"borderColor\": \"black\"}], [{\"x\": 7, \"y\": 1, \"seat\": true, \"color\": \"white\", \"isBuy\": false, \"isSelected\": false, \"borderColor\": \"black\"}, {\"x\": 7, \"y\": 2, \"seat\": true, \"color\": \"white\", \"isBuy\": false, \"isSelected\": false, \"borderColor\": \"black\"}, {\"x\": 7, \"y\": 3, \"seat\": false, \"color\": \"white\", \"borderColor\": \"white\"}, {\"x\": 7, \"y\": 4, \"seat\": true, \"color\": \"white\", \"isBuy\": false, \"isSelected\": false, \"borderColor\": \"black\"}, {\"x\": 7, \"y\": 5, \"seat\": true, \"color\": \"white\", \"isBuy\": false, \"isSelected\": false, \"borderColor\": \"black\"}, {\"x\": 7, \"y\": 6, \"seat\": false, \"color\": \"white\", \"borderColor\": \"white\"}, {\"x\": 7, \"y\": 7, \"seat\": true, \"color\": \"white\", \"isBuy\": false, \"isSelected\": false, \"borderColor\": \"black\"}, {\"x\": 7, \"y\": 8, \"seat\": true, \"color\": \"white\", \"isBuy\": false, \"isSelected\": false, \"borderColor\": \"black\"}]]','2025-05-13 13:00:00'),('8e63c615ecc346819e8eafc80dc40c63','cac9ffeb481d439992dfc610d0d106ed','34ec2df22f12453c816c5d3311ec3022','077158e9eecc4532b0e5b24b53ccf4db','2025-04-28 14:00:00',29.99,'[[{\"x\": 1, \"y\": 1, \"seat\": true, \"color\": \"white\", \"isBuy\": false, \"isSelected\": false, \"borderColor\": \"black\"}, {\"x\": 1, \"y\": 2, \"seat\": true, \"color\": \"white\", \"isBuy\": false, \"isSelected\": false, \"borderColor\": \"black\"}, {\"x\": 1, \"y\": 3, \"seat\": true, \"color\": \"white\", \"isBuy\": false, \"isSelected\": false, \"borderColor\": \"black\"}, {\"x\": 1, \"y\": 4, \"seat\": true, \"color\": \"white\", \"isBuy\": false, \"isSelected\": false, \"borderColor\": \"black\"}, {\"x\": 1, \"y\": 5, \"seat\": true, \"color\": \"white\", \"isBuy\": false, \"isSelected\": false, \"borderColor\": \"black\"}, {\"x\": 1, \"y\": 6, \"seat\": true, \"color\": \"white\", \"isBuy\": false, \"isSelected\": false, \"borderColor\": \"black\"}, {\"x\": 1, \"y\": 7, \"seat\": true, \"color\": \"white\", \"isBuy\": false, \"isSelected\": false, \"borderColor\": \"black\"}, {\"x\": 1, \"y\": 8, \"seat\": true, \"color\": \"white\", \"isBuy\": false, \"isSelected\": false, \"borderColor\": \"black\"}, {\"x\": 1, \"y\": 9, \"seat\": true, \"color\": \"white\", \"isBuy\": false, \"isSelected\": false, \"borderColor\": \"black\"}, {\"x\": 1, \"y\": 10, \"seat\": true, \"color\": \"white\", \"isBuy\": false, \"isSelected\": false, \"borderColor\": \"black\"}, {\"x\": 1, \"y\": 11, \"seat\": true, \"color\": \"white\", \"isBuy\": false, \"isSelected\": false, \"borderColor\": \"black\"}, {\"x\": 1, \"y\": 12, \"seat\": true, \"color\": \"white\", \"isBuy\": false, \"isSelected\": false, \"borderColor\": \"black\"}, {\"x\": 1, \"y\": 13, \"seat\": true, \"color\": \"white\", \"isBuy\": false, \"isSelected\": false, \"borderColor\": \"black\"}, {\"x\": 1, \"y\": 14, \"seat\": true, \"color\": \"white\", \"isBuy\": false, \"isSelected\": false, \"borderColor\": \"black\"}, {\"x\": 1, \"y\": 15, \"seat\": true, \"color\": \"white\", \"isBuy\": false, \"isSelected\": false, \"borderColor\": \"black\"}, {\"x\": 1, \"y\": 16, \"seat\": true, \"color\": \"white\", \"isBuy\": false, \"isSelected\": false, \"borderColor\": \"black\"}, {\"x\": 1, \"y\": 17, \"seat\": true, \"color\": \"white\", \"isBuy\": false, \"isSelected\": false, \"borderColor\": \"black\"}, {\"x\": 1, \"y\": 18, \"seat\": true, \"color\": \"white\", \"isBuy\": false, \"isSelected\": false, \"borderColor\": \"black\"}, {\"x\": 1, \"y\": 19, \"seat\": true, \"color\": \"white\", \"isBuy\": false, \"isSelected\": false, \"borderColor\": \"black\"}, {\"x\": 1, \"y\": 20, \"seat\": true, \"color\": \"white\", \"isBuy\": false, \"isSelected\": false, \"borderColor\": \"black\"}], [{\"x\": 2, \"y\": 1, \"seat\": true, \"color\": \"white\", \"isBuy\": false, \"isSelected\": false, \"borderColor\": \"black\"}, {\"x\": 2, \"y\": 2, \"seat\": true, \"color\": \"white\", \"isBuy\": false, \"isSelected\": false, \"borderColor\": \"black\"}, {\"x\": 2, \"y\": 3, \"seat\": true, \"color\": \"white\", \"isBuy\": false, \"isSelected\": false, \"borderColor\": \"black\"}, {\"x\": 2, \"y\": 4, \"seat\": true, \"color\": \"white\", \"isBuy\": false, \"isSelected\": false, \"borderColor\": \"black\"}, {\"x\": 2, \"y\": 5, \"seat\": true, \"color\": \"white\", \"isBuy\": false, \"isSelected\": false, \"borderColor\": \"black\"}, {\"x\": 2, \"y\": 6, \"seat\": true, \"color\": \"white\", \"isBuy\": false, \"isSelected\": false, \"borderColor\": \"black\"}, {\"x\": 2, \"y\": 7, \"seat\": true, \"color\": \"white\", \"isBuy\": false, \"isSelected\": false, \"borderColor\": \"black\"}, {\"x\": 2, \"y\": 8, \"seat\": true, \"color\": \"white\", \"isBuy\": false, \"isSelected\": false, \"borderColor\": \"black\"}, {\"x\": 2, \"y\": 9, \"seat\": true, \"color\": \"white\", \"isBuy\": false, \"isSelected\": false, \"borderColor\": \"black\"}, {\"x\": 2, \"y\": 10, \"seat\": true, \"color\": \"white\", \"isBuy\": false, \"isSelected\": false, \"borderColor\": \"black\"}, {\"x\": 2, \"y\": 11, \"seat\": true, \"color\": \"white\", \"isBuy\": false, \"isSelected\": false, \"borderColor\": \"black\"}, {\"x\": 2, \"y\": 12, \"seat\": true, \"color\": \"white\", \"isBuy\": false, \"isSelected\": false, \"borderColor\": \"black\"}, {\"x\": 2, \"y\": 13, \"seat\": true, \"color\": \"white\", \"isBuy\": false, \"isSelected\": false, \"borderColor\": \"black\"}, {\"x\": 2, \"y\": 14, \"seat\": true, \"color\": \"white\", \"isBuy\": false, \"isSelected\": false, \"borderColor\": \"black\"}, {\"x\": 2, \"y\": 15, \"seat\": true, \"color\": \"white\", \"isBuy\": false, \"isSelected\": false, \"borderColor\": \"black\"}, {\"x\": 2, \"y\": 16, \"seat\": true, \"color\": \"white\", \"isBuy\": false, \"isSelected\": false, \"borderColor\": \"black\"}, {\"x\": 2, \"y\": 17, \"seat\": true, \"color\": \"white\", \"isBuy\": false, \"isSelected\": false, \"borderColor\": \"black\"}, {\"x\": 2, \"y\": 18, \"seat\": true, \"color\": \"white\", \"isBuy\": false, \"isSelected\": false, \"borderColor\": \"black\"}, {\"x\": 2, \"y\": 19, \"seat\": true, \"color\": \"white\", \"isBuy\": false, \"isSelected\": false, \"borderColor\": \"black\"}, {\"x\": 2, \"y\": 20, \"seat\": true, \"color\": \"white\", \"isBuy\": false, \"isSelected\": false, \"borderColor\": \"black\"}], [{\"x\": 3, \"y\": 1, \"seat\": true, \"color\": \"white\", \"isBuy\": false, \"isSelected\": false, \"borderColor\": \"black\"}, {\"x\": 3, \"y\": 2, \"seat\": true, \"color\": \"white\", \"isBuy\": false, \"isSelected\": false, \"borderColor\": \"black\"}, {\"x\": 3, \"y\": 3, \"seat\": true, \"color\": \"white\", \"isBuy\": false, \"isSelected\": false, \"borderColor\": \"black\"}, {\"x\": 3, \"y\": 4, \"seat\": true, \"color\": \"white\", \"isBuy\": false, \"isSelected\": false, \"borderColor\": \"black\"}, {\"x\": 3, \"y\": 5, \"seat\": true, \"color\": \"white\", \"isBuy\": false, \"isSelected\": false, \"borderColor\": \"black\"}, {\"x\": 3, \"y\": 6, \"seat\": true, \"color\": \"white\", \"isBuy\": false, \"isSelected\": false, \"borderColor\": \"black\"}, {\"x\": 3, \"y\": 7, \"seat\": true, \"color\": \"white\", \"isBuy\": false, \"isSelected\": false, \"borderColor\": \"black\"}, {\"x\": 3, \"y\": 8, \"seat\": true, \"color\": \"white\", \"isBuy\": false, \"isSelected\": false, \"borderColor\": \"black\"}, {\"x\": 3, \"y\": 9, \"seat\": true, \"color\": \"white\", \"isBuy\": false, \"isSelected\": false, \"borderColor\": \"black\"}, {\"x\": 3, \"y\": 10, \"seat\": true, \"color\": \"white\", \"isBuy\": false, \"isSelected\": false, \"borderColor\": \"black\"}, {\"x\": 3, \"y\": 11, \"seat\": true, \"color\": \"white\", \"isBuy\": false, \"isSelected\": false, \"borderColor\": \"black\"}, {\"x\": 3, \"y\": 12, \"seat\": true, \"color\": \"white\", \"isBuy\": false, \"isSelected\": false, \"borderColor\": \"black\"}, {\"x\": 3, \"y\": 13, \"seat\": true, \"color\": \"white\", \"isBuy\": false, \"isSelected\": false, \"borderColor\": \"black\"}, {\"x\": 3, \"y\": 14, \"seat\": true, \"color\": \"white\", \"isBuy\": false, \"isSelected\": false, \"borderColor\": \"black\"}, {\"x\": 3, \"y\": 15, \"seat\": true, \"color\": \"white\", \"isBuy\": false, \"isSelected\": false, \"borderColor\": \"black\"}, {\"x\": 3, \"y\": 16, \"seat\": true, \"color\": \"white\", \"isBuy\": false, \"isSelected\": false, \"borderColor\": \"black\"}, {\"x\": 3, \"y\": 17, \"seat\": true, \"color\": \"white\", \"isBuy\": false, \"isSelected\": false, \"borderColor\": \"black\"}, {\"x\": 3, \"y\": 18, \"seat\": true, \"color\": \"white\", \"isBuy\": false, \"isSelected\": false, \"borderColor\": \"black\"}, {\"x\": 3, \"y\": 19, \"seat\": true, \"color\": \"white\", \"isBuy\": false, \"isSelected\": false, \"borderColor\": \"black\"}, {\"x\": 3, \"y\": 20, \"seat\": true, \"color\": \"white\", \"isBuy\": false, \"isSelected\": false, \"borderColor\": \"black\"}], [{\"x\": 4, \"y\": 1, \"seat\": true, \"color\": \"white\", \"isBuy\": false, \"isSelected\": false, \"borderColor\": \"black\"}, {\"x\": 4, \"y\": 2, \"seat\": true, \"color\": \"white\", \"isBuy\": false, \"isSelected\": false, \"borderColor\": \"black\"}, {\"x\": 4, \"y\": 3, \"seat\": true, \"color\": \"white\", \"isBuy\": false, \"isSelected\": false, \"borderColor\": \"black\"}, {\"x\": 4, \"y\": 4, \"seat\": true, \"color\": \"white\", \"isBuy\": false, \"isSelected\": false, \"borderColor\": \"black\"}, {\"x\": 4, \"y\": 5, \"seat\": true, \"color\": \"white\", \"isBuy\": false, \"isSelected\": false, \"borderColor\": \"black\"}, {\"x\": 4, \"y\": 6, \"seat\": true, \"color\": \"white\", \"isBuy\": false, \"isSelected\": false, \"borderColor\": \"black\"}, {\"x\": 4, \"y\": 7, \"seat\": true, \"color\": \"white\", \"isBuy\": false, \"isSelected\": false, \"borderColor\": \"black\"}, {\"x\": 4, \"y\": 8, \"seat\": true, \"color\": \"white\", \"isBuy\": false, \"isSelected\": false, \"borderColor\": \"black\"}, {\"x\": 4, \"y\": 9, \"seat\": true, \"color\": \"white\", \"isBuy\": false, \"isSelected\": false, \"borderColor\": \"black\"}, {\"x\": 4, \"y\": 10, \"seat\": true, \"color\": \"white\", \"isBuy\": false, \"isSelected\": false, \"borderColor\": \"black\"}, {\"x\": 4, \"y\": 11, \"seat\": true, \"color\": \"white\", \"isBuy\": false, \"isSelected\": false, \"borderColor\": \"black\"}, {\"x\": 4, \"y\": 12, \"seat\": true, \"color\": \"white\", \"isBuy\": false, \"isSelected\": false, \"borderColor\": \"black\"}, {\"x\": 4, \"y\": 13, \"seat\": true, \"color\": \"white\", \"isBuy\": false, \"isSelected\": false, \"borderColor\": \"black\"}, {\"x\": 4, \"y\": 14, \"seat\": true, \"color\": \"white\", \"isBuy\": false, \"isSelected\": false, \"borderColor\": \"black\"}, {\"x\": 4, \"y\": 15, \"seat\": true, \"color\": \"white\", \"isBuy\": false, \"isSelected\": false, \"borderColor\": \"black\"}, {\"x\": 4, \"y\": 16, \"seat\": true, \"color\": \"white\", \"isBuy\": false, \"isSelected\": false, \"borderColor\": \"black\"}, {\"x\": 4, \"y\": 17, \"seat\": true, \"color\": \"white\", \"isBuy\": false, \"isSelected\": false, \"borderColor\": \"black\"}, {\"x\": 4, \"y\": 18, \"seat\": true, \"color\": \"white\", \"isBuy\": false, \"isSelected\": false, \"borderColor\": \"black\"}, {\"x\": 4, \"y\": 19, \"seat\": true, \"color\": \"white\", \"isBuy\": false, \"isSelected\": false, \"borderColor\": \"black\"}, {\"x\": 4, \"y\": 20, \"seat\": true, \"color\": \"white\", \"isBuy\": false, \"isSelected\": false, \"borderColor\": \"black\"}], [{\"x\": 5, \"y\": 1, \"seat\": false, \"color\": \"white\", \"borderColor\": \"white\"}, {\"x\": 5, \"y\": 2, \"seat\": false, \"color\": \"white\", \"borderColor\": \"white\"}, {\"x\": 5, \"y\": 3, \"seat\": false, \"color\": \"white\", \"borderColor\": \"white\"}, {\"x\": 5, \"y\": 4, \"seat\": false, \"color\": \"white\", \"borderColor\": \"white\"}, {\"x\": 5, \"y\": 5, \"seat\": false, \"color\": \"white\", \"borderColor\": \"white\"}, {\"x\": 5, \"y\": 6, \"seat\": false, \"color\": \"white\", \"borderColor\": \"white\"}, {\"x\": 5, \"y\": 7, \"seat\": false, \"color\": \"white\", \"borderColor\": \"white\"}, {\"x\": 5, \"y\": 8, \"seat\": false, \"color\": \"white\", \"borderColor\": \"white\"}, {\"x\": 5, \"y\": 9, \"seat\": false, \"color\": \"white\", \"borderColor\": \"white\"}, {\"x\": 5, \"y\": 10, \"seat\": false, \"color\": \"white\", \"borderColor\": \"white\"}, {\"x\": 5, \"y\": 11, \"seat\": false, \"color\": \"white\", \"borderColor\": \"white\"}, {\"x\": 5, \"y\": 12, \"seat\": false, \"color\": \"white\", \"borderColor\": \"white\"}, {\"x\": 5, \"y\": 13, \"seat\": false, \"color\": \"white\", \"borderColor\": \"white\"}, {\"x\": 5, \"y\": 14, \"seat\": false, \"color\": \"white\", \"borderColor\": \"white\"}, {\"x\": 5, \"y\": 15, \"seat\": false, \"color\": \"white\", \"borderColor\": \"white\"}, {\"x\": 5, \"y\": 16, \"seat\": false, \"color\": \"white\", \"borderColor\": \"white\"}, {\"x\": 5, \"y\": 17, \"seat\": false, \"color\": \"white\", \"borderColor\": \"white\"}, {\"x\": 5, \"y\": 18, \"seat\": false, \"color\": \"white\", \"borderColor\": \"white\"}, {\"x\": 5, \"y\": 19, \"seat\": false, \"color\": \"white\", \"borderColor\": \"white\"}, {\"x\": 5, \"y\": 20, \"seat\": false, \"color\": \"white\", \"borderColor\": \"white\"}], [{\"x\": 6, \"y\": 1, \"seat\": false, \"color\": \"white\", \"borderColor\": \"white\"}, {\"x\": 6, \"y\": 2, \"seat\": true, \"color\": \"white\", \"isBuy\": false, \"isSelected\": false, \"borderColor\": \"black\"}, {\"x\": 6, \"y\": 3, \"seat\": true, \"color\": \"white\", \"isBuy\": false, \"isSelected\": false, \"borderColor\": \"black\"}, {\"x\": 6, \"y\": 4, \"seat\": true, \"color\": \"white\", \"isBuy\": false, \"isSelected\": false, \"borderColor\": \"black\"}, {\"x\": 6, \"y\": 5, \"seat\": true, \"color\": \"white\", \"isBuy\": false, \"isSelected\": false, \"borderColor\": \"black\"}, {\"x\": 6, \"y\": 6, \"seat\": true, \"color\": \"white\", \"isBuy\": false, \"isSelected\": false, \"borderColor\": \"black\"}, {\"x\": 6, \"y\": 7, \"seat\": true, \"color\": \"white\", \"isBuy\": false, \"isSelected\": false, \"borderColor\": \"black\"}, {\"x\": 6, \"y\": 8, \"seat\": true, \"color\": \"white\", \"isBuy\": false, \"isSelected\": false, \"borderColor\": \"black\"}, {\"x\": 6, \"y\": 9, \"seat\": true, \"color\": \"white\", \"isBuy\": false, \"isSelected\": false, \"borderColor\": \"black\"}, {\"x\": 6, \"y\": 10, \"seat\": false, \"color\": \"white\", \"borderColor\": \"white\"}, {\"x\": 6, \"y\": 11, \"seat\": false, \"color\": \"white\", \"borderColor\": \"white\"}, {\"x\": 6, \"y\": 12, \"seat\": true, \"color\": \"white\", \"isBuy\": false, \"isSelected\": false, \"borderColor\": \"black\"}, {\"x\": 6, \"y\": 13, \"seat\": true, \"color\": \"white\", \"isBuy\": false, \"isSelected\": false, \"borderColor\": \"black\"}, {\"x\": 6, \"y\": 14, \"seat\": true, \"color\": \"white\", \"isBuy\": false, \"isSelected\": false, \"borderColor\": \"black\"}, {\"x\": 6, \"y\": 15, \"seat\": true, \"color\": \"white\", \"isBuy\": false, \"isSelected\": false, \"borderColor\": \"black\"}, {\"x\": 6, \"y\": 16, \"seat\": true, \"color\": \"white\", \"isBuy\": false, \"isSelected\": false, \"borderColor\": \"black\"}, {\"x\": 6, \"y\": 17, \"seat\": true, \"color\": \"white\", \"isBuy\": false, \"isSelected\": false, \"borderColor\": \"black\"}, {\"x\": 6, \"y\": 18, \"seat\": true, \"color\": \"white\", \"isBuy\": false, \"isSelected\": false, \"borderColor\": \"black\"}, {\"x\": 6, \"y\": 19, \"seat\": true, \"color\": \"white\", \"isBuy\": false, \"isSelected\": false, \"borderColor\": \"black\"}, {\"x\": 6, \"y\": 20, \"seat\": false, \"color\": \"white\", \"borderColor\": \"white\"}], [{\"x\": 7, \"y\": 1, \"seat\": false, \"color\": \"white\", \"borderColor\": \"white\"}, {\"x\": 7, \"y\": 2, \"seat\": true, \"color\": \"white\", \"isBuy\": false, \"isSelected\": false, \"borderColor\": \"black\"}, {\"x\": 7, \"y\": 3, \"seat\": true, \"color\": \"white\", \"isBuy\": false, \"isSelected\": false, \"borderColor\": \"black\"}, {\"x\": 7, \"y\": 4, \"seat\": true, \"color\": \"white\", \"isBuy\": false, \"isSelected\": false, \"borderColor\": \"black\"}, {\"x\": 7, \"y\": 5, \"seat\": true, \"color\": \"white\", \"isBuy\": false, \"isSelected\": false, \"borderColor\": \"black\"}, {\"x\": 7, \"y\": 6, \"seat\": true, \"color\": \"white\", \"isBuy\": false, \"isSelected\": false, \"borderColor\": \"black\"}, {\"x\": 7, \"y\": 7, \"seat\": true, \"color\": \"white\", \"isBuy\": false, \"isSelected\": false, \"borderColor\": \"black\"}, {\"x\": 7, \"y\": 8, \"seat\": true, \"color\": \"white\", \"isBuy\": false, \"isSelected\": false, \"borderColor\": \"black\"}, {\"x\": 7, \"y\": 9, \"seat\": true, \"color\": \"white\", \"isBuy\": false, \"isSelected\": false, \"borderColor\": \"black\"}, {\"x\": 7, \"y\": 10, \"seat\": false, \"color\": \"white\", \"borderColor\": \"white\"}, {\"x\": 7, \"y\": 11, \"seat\": false, \"color\": \"white\", \"borderColor\": \"white\"}, {\"x\": 7, \"y\": 12, \"seat\": true, \"color\": \"white\", \"isBuy\": false, \"isSelected\": false, \"borderColor\": \"black\"}, {\"x\": 7, \"y\": 13, \"seat\": true, \"color\": \"white\", \"isBuy\": false, \"isSelected\": false, \"borderColor\": \"black\"}, {\"x\": 7, \"y\": 14, \"seat\": true, \"color\": \"white\", \"isBuy\": false, \"isSelected\": false, \"borderColor\": \"black\"}, {\"x\": 7, \"y\": 15, \"seat\": true, \"color\": \"white\", \"isBuy\": false, \"isSelected\": false, \"borderColor\": \"black\"}, {\"x\": 7, \"y\": 16, \"seat\": true, \"color\": \"white\", \"isBuy\": false, \"isSelected\": false, \"borderColor\": \"black\"}, {\"x\": 7, \"y\": 17, \"seat\": true, \"color\": \"white\", \"isBuy\": false, \"isSelected\": false, \"borderColor\": \"black\"}, {\"x\": 7, \"y\": 18, \"seat\": true, \"color\": \"white\", \"isBuy\": false, \"isSelected\": false, \"borderColor\": \"black\"}, {\"x\": 7, \"y\": 19, \"seat\": true, \"color\": \"white\", \"isBuy\": false, \"isSelected\": false, \"borderColor\": \"black\"}, {\"x\": 7, \"y\": 20, \"seat\": false, \"color\": \"white\", \"borderColor\": \"white\"}], [{\"x\": 8, \"y\": 1, \"seat\": false, \"color\": \"white\", \"borderColor\": \"white\"}, {\"x\": 8, \"y\": 2, \"seat\": true, \"color\": \"white\", \"isBuy\": false, \"isSelected\": false, \"borderColor\": \"black\"}, {\"x\": 8, \"y\": 3, \"seat\": true, \"color\": \"white\", \"isBuy\": false, \"isSelected\": false, \"borderColor\": \"black\"}, {\"x\": 8, \"y\": 4, \"seat\": true, \"color\": \"white\", \"isBuy\": false, \"isSelected\": false, \"borderColor\": \"black\"}, {\"x\": 8, \"y\": 5, \"seat\": true, \"color\": \"white\", \"isBuy\": false, \"isSelected\": false, \"borderColor\": \"black\"}, {\"x\": 8, \"y\": 6, \"seat\": true, \"color\": \"white\", \"isBuy\": false, \"isSelected\": false, \"borderColor\": \"black\"}, {\"x\": 8, \"y\": 7, \"seat\": true, \"color\": \"white\", \"isBuy\": false, \"isSelected\": false, \"borderColor\": \"black\"}, {\"x\": 8, \"y\": 8, \"seat\": true, \"color\": \"white\", \"isBuy\": false, \"isSelected\": false, \"borderColor\": \"black\"}, {\"x\": 8, \"y\": 9, \"seat\": true, \"color\": \"white\", \"isBuy\": false, \"isSelected\": false, \"borderColor\": \"black\"}, {\"x\": 8, \"y\": 10, \"seat\": false, \"color\": \"white\", \"borderColor\": \"white\"}, {\"x\": 8, \"y\": 11, \"seat\": false, \"color\": \"white\", \"borderColor\": \"white\"}, {\"x\": 8, \"y\": 12, \"seat\": true, \"color\": \"white\", \"isBuy\": false, \"isSelected\": false, \"borderColor\": \"black\"}, {\"x\": 8, \"y\": 13, \"seat\": true, \"color\": \"white\", \"isBuy\": false, \"isSelected\": false, \"borderColor\": \"black\"}, {\"x\": 8, \"y\": 14, \"seat\": true, \"color\": \"white\", \"isBuy\": false, \"isSelected\": false, \"borderColor\": \"black\"}, {\"x\": 8, \"y\": 15, \"seat\": true, \"color\": \"white\", \"isBuy\": false, \"isSelected\": false, \"borderColor\": \"black\"}, {\"x\": 8, \"y\": 16, \"seat\": true, \"color\": \"white\", \"isBuy\": false, \"isSelected\": false, \"borderColor\": \"black\"}, {\"x\": 8, \"y\": 17, \"seat\": true, \"color\": \"white\", \"isBuy\": false, \"isSelected\": false, \"borderColor\": \"black\"}, {\"x\": 8, \"y\": 18, \"seat\": true, \"color\": \"white\", \"isBuy\": false, \"isSelected\": false, \"borderColor\": \"black\"}, {\"x\": 8, \"y\": 19, \"seat\": true, \"color\": \"white\", \"isBuy\": false, \"isSelected\": false, \"borderColor\": \"black\"}, {\"x\": 8, \"y\": 20, \"seat\": false, \"color\": \"white\", \"borderColor\": \"white\"}], [{\"x\": 9, \"y\": 1, \"seat\": false, \"color\": \"white\", \"borderColor\": \"white\"}, {\"x\": 9, \"y\": 2, \"seat\": true, \"color\": \"white\", \"isBuy\": false, \"isSelected\": false, \"borderColor\": \"black\"}, {\"x\": 9, \"y\": 3, \"seat\": true, \"color\": \"white\", \"isBuy\": false, \"isSelected\": false, \"borderColor\": \"black\"}, {\"x\": 9, \"y\": 4, \"seat\": true, \"color\": \"white\", \"isBuy\": false, \"isSelected\": false, \"borderColor\": \"black\"}, {\"x\": 9, \"y\": 5, \"seat\": true, \"color\": \"white\", \"isBuy\": false, \"isSelected\": false, \"borderColor\": \"black\"}, {\"x\": 9, \"y\": 6, \"seat\": true, \"color\": \"white\", \"isBuy\": false, \"isSelected\": false, \"borderColor\": \"black\"}, {\"x\": 9, \"y\": 7, \"seat\": true, \"color\": \"white\", \"isBuy\": false, \"isSelected\": false, \"borderColor\": \"black\"}, {\"x\": 9, \"y\": 8, \"seat\": true, \"color\": \"white\", \"isBuy\": false, \"isSelected\": false, \"borderColor\": \"black\"}, {\"x\": 9, \"y\": 9, \"seat\": true, \"color\": \"white\", \"isBuy\": false, \"isSelected\": false, \"borderColor\": \"black\"}, {\"x\": 9, \"y\": 10, \"seat\": false, \"color\": \"white\", \"borderColor\": \"white\"}, {\"x\": 9, \"y\": 11, \"seat\": false, \"color\": \"white\", \"borderColor\": \"white\"}, {\"x\": 9, \"y\": 12, \"seat\": true, \"color\": \"white\", \"isBuy\": false, \"isSelected\": false, \"borderColor\": \"black\"}, {\"x\": 9, \"y\": 13, \"seat\": true, \"color\": \"white\", \"isBuy\": false, \"isSelected\": false, \"borderColor\": \"black\"}, {\"x\": 9, \"y\": 14, \"seat\": true, \"color\": \"white\", \"isBuy\": false, \"isSelected\": false, \"borderColor\": \"black\"}, {\"x\": 9, \"y\": 15, \"seat\": true, \"color\": \"white\", \"isBuy\": false, \"isSelected\": false, \"borderColor\": \"black\"}, {\"x\": 9, \"y\": 16, \"seat\": true, \"color\": \"white\", \"isBuy\": false, \"isSelected\": false, \"borderColor\": \"black\"}, {\"x\": 9, \"y\": 17, \"seat\": true, \"color\": \"white\", \"isBuy\": false, \"isSelected\": false, \"borderColor\": \"black\"}, {\"x\": 9, \"y\": 18, \"seat\": true, \"color\": \"white\", \"isBuy\": false, \"isSelected\": false, \"borderColor\": \"black\"}, {\"x\": 9, \"y\": 19, \"seat\": true, \"color\": \"white\", \"isBuy\": false, \"isSelected\": false, \"borderColor\": \"black\"}, {\"x\": 9, \"y\": 20, \"seat\": false, \"color\": \"white\", \"borderColor\": \"white\"}], [{\"x\": 10, \"y\": 1, \"seat\": false, \"color\": \"white\", \"borderColor\": \"white\"}, {\"x\": 10, \"y\": 2, \"seat\": true, \"color\": \"white\", \"isBuy\": false, \"isSelected\": false, \"borderColor\": \"black\"}, {\"x\": 10, \"y\": 3, \"seat\": true, \"color\": \"white\", \"isBuy\": false, \"isSelected\": false, \"borderColor\": \"black\"}, {\"x\": 10, \"y\": 4, \"seat\": true, \"color\": \"white\", \"isBuy\": false, \"isSelected\": false, \"borderColor\": \"black\"}, {\"x\": 10, \"y\": 5, \"seat\": true, \"color\": \"white\", \"isBuy\": false, \"isSelected\": false, \"borderColor\": \"black\"}, {\"x\": 10, \"y\": 6, \"seat\": true, \"color\": \"white\", \"isBuy\": false, \"isSelected\": false, \"borderColor\": \"black\"}, {\"x\": 10, \"y\": 7, \"seat\": true, \"color\": \"white\", \"isBuy\": false, \"isSelected\": false, \"borderColor\": \"black\"}, {\"x\": 10, \"y\": 8, \"seat\": true, \"color\": \"white\", \"isBuy\": false, \"isSelected\": false, \"borderColor\": \"black\"}, {\"x\": 10, \"y\": 9, \"seat\": true, \"color\": \"white\", \"isBuy\": false, \"isSelected\": false, \"borderColor\": \"black\"}, {\"x\": 10, \"y\": 10, \"seat\": false, \"color\": \"white\", \"borderColor\": \"white\"}, {\"x\": 10, \"y\": 11, \"seat\": false, \"color\": \"white\", \"borderColor\": \"white\"}, {\"x\": 10, \"y\": 12, \"seat\": true, \"color\": \"white\", \"isBuy\": false, \"isSelected\": false, \"borderColor\": \"black\"}, {\"x\": 10, \"y\": 13, \"seat\": true, \"color\": \"white\", \"isBuy\": false, \"isSelected\": false, \"borderColor\": \"black\"}, {\"x\": 10, \"y\": 14, \"seat\": true, \"color\": \"white\", \"isBuy\": false, \"isSelected\": false, \"borderColor\": \"black\"}, {\"x\": 10, \"y\": 15, \"seat\": true, \"color\": \"white\", \"isBuy\": false, \"isSelected\": false, \"borderColor\": \"black\"}, {\"x\": 10, \"y\": 16, \"seat\": true, \"color\": \"white\", \"isBuy\": false, \"isSelected\": false, \"borderColor\": \"black\"}, {\"x\": 10, \"y\": 17, \"seat\": true, \"color\": \"white\", \"isBuy\": false, \"isSelected\": false, \"borderColor\": \"black\"}, {\"x\": 10, \"y\": 18, \"seat\": true, \"color\": \"white\", \"isBuy\": false, \"isSelected\": false, \"borderColor\": \"black\"}, {\"x\": 10, \"y\": 19, \"seat\": true, \"color\": \"white\", \"isBuy\": false, \"isSelected\": false, \"borderColor\": \"black\"}, {\"x\": 10, \"y\": 20, \"seat\": false, \"color\": \"white\", \"borderColor\": \"white\"}]]','2025-04-28 16:00:00'),('92a003619f2b473aabc47706ddb026a0','cac9ffeb481d439992dfc610d0d106ed','5cd19faca65c4f38b662a176c8b2006d','077158e9eecc4532b0e5b24b53ccf4db','2025-04-28 08:00:00',39.90,'[[{\"x\": 1, \"y\": 1, \"seat\": true, \"color\": \"white\", \"isBuy\": false, \"isSelected\": false, \"borderColor\": \"black\"}, {\"x\": 1, \"y\": 2, \"seat\": true, \"color\": \"white\", \"isBuy\": false, \"isSelected\": false, \"borderColor\": \"black\"}, {\"x\": 1, \"y\": 3, \"seat\": true, \"color\": \"white\", \"isBuy\": false, \"isSelected\": false, \"borderColor\": \"black\"}, {\"x\": 1, \"y\": 4, \"seat\": true, \"color\": \"white\", \"isBuy\": false, \"isSelected\": false, \"borderColor\": \"black\"}, {\"x\": 1, \"y\": 5, \"seat\": true, \"color\": \"white\", \"isBuy\": false, \"isSelected\": false, \"borderColor\": \"black\"}, {\"x\": 1, \"y\": 6, \"seat\": true, \"color\": \"white\", \"isBuy\": false, \"isSelected\": false, \"borderColor\": \"black\"}, {\"x\": 1, \"y\": 7, \"seat\": true, \"color\": \"white\", \"isBuy\": false, \"isSelected\": false, \"borderColor\": \"black\"}, {\"x\": 1, \"y\": 8, \"seat\": true, \"color\": \"white\", \"isBuy\": false, \"isSelected\": false, \"borderColor\": \"black\"}, {\"x\": 1, \"y\": 9, \"seat\": true, \"color\": \"white\", \"isBuy\": false, \"isSelected\": false, \"borderColor\": \"black\"}, {\"x\": 1, \"y\": 10, \"seat\": true, \"color\": \"white\", \"isBuy\": false, \"isSelected\": false, \"borderColor\": \"black\"}, {\"x\": 1, \"y\": 11, \"seat\": true, \"color\": \"white\", \"isBuy\": false, \"isSelected\": false, \"borderColor\": \"black\"}, {\"x\": 1, \"y\": 12, \"seat\": true, \"color\": \"white\", \"isBuy\": false, \"isSelected\": false, \"borderColor\": \"black\"}, {\"x\": 1, \"y\": 13, \"seat\": true, \"color\": \"white\", \"isBuy\": false, \"isSelected\": false, \"borderColor\": \"black\"}, {\"x\": 1, \"y\": 14, \"seat\": true, \"color\": \"white\", \"isBuy\": false, \"isSelected\": false, \"borderColor\": \"black\"}, {\"x\": 1, \"y\": 15, \"seat\": true, \"color\": \"white\", \"isBuy\": false, \"isSelected\": false, \"borderColor\": \"black\"}, {\"x\": 1, \"y\": 16, \"seat\": true, \"color\": \"white\", \"isBuy\": false, \"isSelected\": false, \"borderColor\": \"black\"}, {\"x\": 1, \"y\": 17, \"seat\": true, \"color\": \"white\", \"isBuy\": false, \"isSelected\": false, \"borderColor\": \"black\"}, {\"x\": 1, \"y\": 18, \"seat\": true, \"color\": \"white\", \"isBuy\": false, \"isSelected\": false, \"borderColor\": \"black\"}, {\"x\": 1, \"y\": 19, \"seat\": true, \"color\": \"white\", \"isBuy\": false, \"isSelected\": false, \"borderColor\": \"black\"}, {\"x\": 1, \"y\": 20, \"seat\": true, \"color\": \"white\", \"isBuy\": false, \"isSelected\": false, \"borderColor\": \"black\"}], [{\"x\": 2, \"y\": 1, \"seat\": true, \"color\": \"white\", \"isBuy\": false, \"isSelected\": false, \"borderColor\": \"black\"}, {\"x\": 2, \"y\": 2, \"seat\": true, \"color\": \"white\", \"isBuy\": false, \"isSelected\": false, \"borderColor\": \"black\"}, {\"x\": 2, \"y\": 3, \"seat\": true, \"color\": \"white\", \"isBuy\": false, \"isSelected\": false, \"borderColor\": \"black\"}, {\"x\": 2, \"y\": 4, \"seat\": true, \"color\": \"white\", \"isBuy\": false, \"isSelected\": false, \"borderColor\": \"black\"}, {\"x\": 2, \"y\": 5, \"seat\": true, \"color\": \"white\", \"isBuy\": false, \"isSelected\": false, \"borderColor\": \"black\"}, {\"x\": 2, \"y\": 6, \"seat\": true, \"color\": \"white\", \"isBuy\": false, \"isSelected\": false, \"borderColor\": \"black\"}, {\"x\": 2, \"y\": 7, \"seat\": true, \"color\": \"white\", \"isBuy\": false, \"isSelected\": false, \"borderColor\": \"black\"}, {\"x\": 2, \"y\": 8, \"seat\": true, \"color\": \"white\", \"isBuy\": false, \"isSelected\": false, \"borderColor\": \"black\"}, {\"x\": 2, \"y\": 9, \"seat\": true, \"color\": \"white\", \"isBuy\": false, \"isSelected\": false, \"borderColor\": \"black\"}, {\"x\": 2, \"y\": 10, \"seat\": true, \"color\": \"white\", \"isBuy\": false, \"isSelected\": false, \"borderColor\": \"black\"}, {\"x\": 2, \"y\": 11, \"seat\": true, \"color\": \"white\", \"isBuy\": false, \"isSelected\": false, \"borderColor\": \"black\"}, {\"x\": 2, \"y\": 12, \"seat\": true, \"color\": \"white\", \"isBuy\": false, \"isSelected\": false, \"borderColor\": \"black\"}, {\"x\": 2, \"y\": 13, \"seat\": true, \"color\": \"white\", \"isBuy\": false, \"isSelected\": false, \"borderColor\": \"black\"}, {\"x\": 2, \"y\": 14, \"seat\": true, \"color\": \"white\", \"isBuy\": false, \"isSelected\": false, \"borderColor\": \"black\"}, {\"x\": 2, \"y\": 15, \"seat\": true, \"color\": \"white\", \"isBuy\": false, \"isSelected\": false, \"borderColor\": \"black\"}, {\"x\": 2, \"y\": 16, \"seat\": true, \"color\": \"white\", \"isBuy\": false, \"isSelected\": false, \"borderColor\": \"black\"}, {\"x\": 2, \"y\": 17, \"seat\": true, \"color\": \"white\", \"isBuy\": false, \"isSelected\": false, \"borderColor\": \"black\"}, {\"x\": 2, \"y\": 18, \"seat\": true, \"color\": \"white\", \"isBuy\": false, \"isSelected\": false, \"borderColor\": \"black\"}, {\"x\": 2, \"y\": 19, \"seat\": true, \"color\": \"white\", \"isBuy\": false, \"isSelected\": false, \"borderColor\": \"black\"}, {\"x\": 2, \"y\": 20, \"seat\": true, \"color\": \"white\", \"isBuy\": false, \"isSelected\": false, \"borderColor\": \"black\"}], [{\"x\": 3, \"y\": 1, \"seat\": true, \"color\": \"white\", \"isBuy\": false, \"isSelected\": false, \"borderColor\": \"black\"}, {\"x\": 3, \"y\": 2, \"seat\": true, \"color\": \"white\", \"isBuy\": false, \"isSelected\": false, \"borderColor\": \"black\"}, {\"x\": 3, \"y\": 3, \"seat\": true, \"color\": \"white\", \"isBuy\": false, \"isSelected\": false, \"borderColor\": \"black\"}, {\"x\": 3, \"y\": 4, \"seat\": true, \"color\": \"white\", \"isBuy\": false, \"isSelected\": false, \"borderColor\": \"black\"}, {\"x\": 3, \"y\": 5, \"seat\": true, \"color\": \"white\", \"isBuy\": false, \"isSelected\": false, \"borderColor\": \"black\"}, {\"x\": 3, \"y\": 6, \"seat\": true, \"color\": \"white\", \"isBuy\": false, \"isSelected\": false, \"borderColor\": \"black\"}, {\"x\": 3, \"y\": 7, \"seat\": true, \"color\": \"white\", \"isBuy\": false, \"isSelected\": false, \"borderColor\": \"black\"}, {\"x\": 3, \"y\": 8, \"seat\": true, \"color\": \"white\", \"isBuy\": false, \"isSelected\": false, \"borderColor\": \"black\"}, {\"x\": 3, \"y\": 9, \"seat\": true, \"color\": \"white\", \"isBuy\": false, \"isSelected\": false, \"borderColor\": \"black\"}, {\"x\": 3, \"y\": 10, \"seat\": true, \"color\": \"white\", \"isBuy\": false, \"isSelected\": false, \"borderColor\": \"black\"}, {\"x\": 3, \"y\": 11, \"seat\": true, \"color\": \"white\", \"isBuy\": false, \"isSelected\": false, \"borderColor\": \"black\"}, {\"x\": 3, \"y\": 12, \"seat\": true, \"color\": \"white\", \"isBuy\": false, \"isSelected\": false, \"borderColor\": \"black\"}, {\"x\": 3, \"y\": 13, \"seat\": true, \"color\": \"white\", \"isBuy\": false, \"isSelected\": false, \"borderColor\": \"black\"}, {\"x\": 3, \"y\": 14, \"seat\": true, \"color\": \"white\", \"isBuy\": false, \"isSelected\": false, \"borderColor\": \"black\"}, {\"x\": 3, \"y\": 15, \"seat\": true, \"color\": \"white\", \"isBuy\": false, \"isSelected\": false, \"borderColor\": \"black\"}, {\"x\": 3, \"y\": 16, \"seat\": true, \"color\": \"white\", \"isBuy\": false, \"isSelected\": false, \"borderColor\": \"black\"}, {\"x\": 3, \"y\": 17, \"seat\": true, \"color\": \"white\", \"isBuy\": false, \"isSelected\": false, \"borderColor\": \"black\"}, {\"x\": 3, \"y\": 18, \"seat\": true, \"color\": \"white\", \"isBuy\": false, \"isSelected\": false, \"borderColor\": \"black\"}, {\"x\": 3, \"y\": 19, \"seat\": true, \"color\": \"white\", \"isBuy\": false, \"isSelected\": false, \"borderColor\": \"black\"}, {\"x\": 3, \"y\": 20, \"seat\": true, \"color\": \"white\", \"isBuy\": false, \"isSelected\": false, \"borderColor\": \"black\"}], [{\"x\": 4, \"y\": 1, \"seat\": true, \"color\": \"white\", \"isBuy\": false, \"isSelected\": false, \"borderColor\": \"black\"}, {\"x\": 4, \"y\": 2, \"seat\": true, \"color\": \"white\", \"isBuy\": false, \"isSelected\": false, \"borderColor\": \"black\"}, {\"x\": 4, \"y\": 3, \"seat\": true, \"color\": \"white\", \"isBuy\": false, \"isSelected\": false, \"borderColor\": \"black\"}, {\"x\": 4, \"y\": 4, \"seat\": true, \"color\": \"white\", \"isBuy\": false, \"isSelected\": false, \"borderColor\": \"black\"}, {\"x\": 4, \"y\": 5, \"seat\": true, \"color\": \"white\", \"isBuy\": false, \"isSelected\": false, \"borderColor\": \"black\"}, {\"x\": 4, \"y\": 6, \"seat\": true, \"color\": \"white\", \"isBuy\": false, \"isSelected\": false, \"borderColor\": \"black\"}, {\"x\": 4, \"y\": 7, \"seat\": true, \"color\": \"white\", \"isBuy\": false, \"isSelected\": false, \"borderColor\": \"black\"}, {\"x\": 4, \"y\": 8, \"seat\": true, \"color\": \"white\", \"isBuy\": false, \"isSelected\": false, \"borderColor\": \"black\"}, {\"x\": 4, \"y\": 9, \"seat\": true, \"color\": \"white\", \"isBuy\": false, \"isSelected\": false, \"borderColor\": \"black\"}, {\"x\": 4, \"y\": 10, \"seat\": true, \"color\": \"white\", \"isBuy\": false, \"isSelected\": false, \"borderColor\": \"black\"}, {\"x\": 4, \"y\": 11, \"seat\": true, \"color\": \"white\", \"isBuy\": false, \"isSelected\": false, \"borderColor\": \"black\"}, {\"x\": 4, \"y\": 12, \"seat\": true, \"color\": \"white\", \"isBuy\": false, \"isSelected\": false, \"borderColor\": \"black\"}, {\"x\": 4, \"y\": 13, \"seat\": true, \"color\": \"white\", \"isBuy\": false, \"isSelected\": false, \"borderColor\": \"black\"}, {\"x\": 4, \"y\": 14, \"seat\": true, \"color\": \"white\", \"isBuy\": false, \"isSelected\": false, \"borderColor\": \"black\"}, {\"x\": 4, \"y\": 15, \"seat\": true, \"color\": \"white\", \"isBuy\": false, \"isSelected\": false, \"borderColor\": \"black\"}, {\"x\": 4, \"y\": 16, \"seat\": true, \"color\": \"white\", \"isBuy\": false, \"isSelected\": false, \"borderColor\": \"black\"}, {\"x\": 4, \"y\": 17, \"seat\": true, \"color\": \"white\", \"isBuy\": false, \"isSelected\": false, \"borderColor\": \"black\"}, {\"x\": 4, \"y\": 18, \"seat\": true, \"color\": \"white\", \"isBuy\": false, \"isSelected\": false, \"borderColor\": \"black\"}, {\"x\": 4, \"y\": 19, \"seat\": true, \"color\": \"white\", \"isBuy\": false, \"isSelected\": false, \"borderColor\": \"black\"}, {\"x\": 4, \"y\": 20, \"seat\": true, \"color\": \"white\", \"isBuy\": false, \"isSelected\": false, \"borderColor\": \"black\"}], [{\"x\": 5, \"y\": 1, \"seat\": false, \"color\": \"white\", \"borderColor\": \"white\"}, {\"x\": 5, \"y\": 2, \"seat\": false, \"color\": \"white\", \"borderColor\": \"white\"}, {\"x\": 5, \"y\": 3, \"seat\": false, \"color\": \"white\", \"borderColor\": \"white\"}, {\"x\": 5, \"y\": 4, \"seat\": false, \"color\": \"white\", \"borderColor\": \"white\"}, {\"x\": 5, \"y\": 5, \"seat\": false, \"color\": \"white\", \"borderColor\": \"white\"}, {\"x\": 5, \"y\": 6, \"seat\": false, \"color\": \"white\", \"borderColor\": \"white\"}, {\"x\": 5, \"y\": 7, \"seat\": false, \"color\": \"white\", \"borderColor\": \"white\"}, {\"x\": 5, \"y\": 8, \"seat\": false, \"color\": \"white\", \"borderColor\": \"white\"}, {\"x\": 5, \"y\": 9, \"seat\": false, \"color\": \"white\", \"borderColor\": \"white\"}, {\"x\": 5, \"y\": 10, \"seat\": false, \"color\": \"white\", \"borderColor\": \"white\"}, {\"x\": 5, \"y\": 11, \"seat\": false, \"color\": \"white\", \"borderColor\": \"white\"}, {\"x\": 5, \"y\": 12, \"seat\": false, \"color\": \"white\", \"borderColor\": \"white\"}, {\"x\": 5, \"y\": 13, \"seat\": false, \"color\": \"white\", \"borderColor\": \"white\"}, {\"x\": 5, \"y\": 14, \"seat\": false, \"color\": \"white\", \"borderColor\": \"white\"}, {\"x\": 5, \"y\": 15, \"seat\": false, \"color\": \"white\", \"borderColor\": \"white\"}, {\"x\": 5, \"y\": 16, \"seat\": false, \"color\": \"white\", \"borderColor\": \"white\"}, {\"x\": 5, \"y\": 17, \"seat\": false, \"color\": \"white\", \"borderColor\": \"white\"}, {\"x\": 5, \"y\": 18, \"seat\": false, \"color\": \"white\", \"borderColor\": \"white\"}, {\"x\": 5, \"y\": 19, \"seat\": false, \"color\": \"white\", \"borderColor\": \"white\"}, {\"x\": 5, \"y\": 20, \"seat\": false, \"color\": \"white\", \"borderColor\": \"white\"}], [{\"x\": 6, \"y\": 1, \"seat\": false, \"color\": \"white\", \"borderColor\": \"white\"}, {\"x\": 6, \"y\": 2, \"seat\": true, \"color\": \"white\", \"isBuy\": false, \"isSelected\": false, \"borderColor\": \"black\"}, {\"x\": 6, \"y\": 3, \"seat\": true, \"color\": \"white\", \"isBuy\": false, \"isSelected\": false, \"borderColor\": \"black\"}, {\"x\": 6, \"y\": 4, \"seat\": true, \"color\": \"white\", \"isBuy\": false, \"isSelected\": false, \"borderColor\": \"black\"}, {\"x\": 6, \"y\": 5, \"seat\": true, \"color\": \"white\", \"isBuy\": false, \"isSelected\": false, \"borderColor\": \"black\"}, {\"x\": 6, \"y\": 6, \"seat\": true, \"color\": \"white\", \"isBuy\": false, \"isSelected\": false, \"borderColor\": \"black\"}, {\"x\": 6, \"y\": 7, \"seat\": true, \"color\": \"white\", \"isBuy\": false, \"isSelected\": false, \"borderColor\": \"black\"}, {\"x\": 6, \"y\": 8, \"seat\": true, \"color\": \"white\", \"isBuy\": false, \"isSelected\": false, \"borderColor\": \"black\"}, {\"x\": 6, \"y\": 9, \"seat\": true, \"color\": \"white\", \"isBuy\": false, \"isSelected\": false, \"borderColor\": \"black\"}, {\"x\": 6, \"y\": 10, \"seat\": false, \"color\": \"white\", \"borderColor\": \"white\"}, {\"x\": 6, \"y\": 11, \"seat\": false, \"color\": \"white\", \"borderColor\": \"white\"}, {\"x\": 6, \"y\": 12, \"seat\": true, \"color\": \"white\", \"isBuy\": false, \"isSelected\": false, \"borderColor\": \"black\"}, {\"x\": 6, \"y\": 13, \"seat\": true, \"color\": \"white\", \"isBuy\": false, \"isSelected\": false, \"borderColor\": \"black\"}, {\"x\": 6, \"y\": 14, \"seat\": true, \"color\": \"white\", \"isBuy\": false, \"isSelected\": false, \"borderColor\": \"black\"}, {\"x\": 6, \"y\": 15, \"seat\": true, \"color\": \"white\", \"isBuy\": false, \"isSelected\": false, \"borderColor\": \"black\"}, {\"x\": 6, \"y\": 16, \"seat\": true, \"color\": \"white\", \"isBuy\": false, \"isSelected\": false, \"borderColor\": \"black\"}, {\"x\": 6, \"y\": 17, \"seat\": true, \"color\": \"white\", \"isBuy\": false, \"isSelected\": false, \"borderColor\": \"black\"}, {\"x\": 6, \"y\": 18, \"seat\": true, \"color\": \"white\", \"isBuy\": false, \"isSelected\": false, \"borderColor\": \"black\"}, {\"x\": 6, \"y\": 19, \"seat\": true, \"color\": \"white\", \"isBuy\": false, \"isSelected\": false, \"borderColor\": \"black\"}, {\"x\": 6, \"y\": 20, \"seat\": false, \"color\": \"white\", \"borderColor\": \"white\"}], [{\"x\": 7, \"y\": 1, \"seat\": false, \"color\": \"white\", \"borderColor\": \"white\"}, {\"x\": 7, \"y\": 2, \"seat\": true, \"color\": \"white\", \"isBuy\": false, \"isSelected\": false, \"borderColor\": \"black\"}, {\"x\": 7, \"y\": 3, \"seat\": true, \"color\": \"white\", \"isBuy\": false, \"isSelected\": false, \"borderColor\": \"black\"}, {\"x\": 7, \"y\": 4, \"seat\": true, \"color\": \"white\", \"isBuy\": false, \"isSelected\": false, \"borderColor\": \"black\"}, {\"x\": 7, \"y\": 5, \"seat\": true, \"color\": \"white\", \"isBuy\": false, \"isSelected\": false, \"borderColor\": \"black\"}, {\"x\": 7, \"y\": 6, \"seat\": true, \"color\": \"white\", \"isBuy\": false, \"isSelected\": false, \"borderColor\": \"black\"}, {\"x\": 7, \"y\": 7, \"seat\": true, \"color\": \"white\", \"isBuy\": false, \"isSelected\": false, \"borderColor\": \"black\"}, {\"x\": 7, \"y\": 8, \"seat\": true, \"color\": \"white\", \"isBuy\": false, \"isSelected\": false, \"borderColor\": \"black\"}, {\"x\": 7, \"y\": 9, \"seat\": true, \"color\": \"white\", \"isBuy\": false, \"isSelected\": false, \"borderColor\": \"black\"}, {\"x\": 7, \"y\": 10, \"seat\": false, \"color\": \"white\", \"borderColor\": \"white\"}, {\"x\": 7, \"y\": 11, \"seat\": false, \"color\": \"white\", \"borderColor\": \"white\"}, {\"x\": 7, \"y\": 12, \"seat\": true, \"color\": \"white\", \"isBuy\": false, \"isSelected\": false, \"borderColor\": \"black\"}, {\"x\": 7, \"y\": 13, \"seat\": true, \"color\": \"white\", \"isBuy\": false, \"isSelected\": false, \"borderColor\": \"black\"}, {\"x\": 7, \"y\": 14, \"seat\": true, \"color\": \"white\", \"isBuy\": false, \"isSelected\": false, \"borderColor\": \"black\"}, {\"x\": 7, \"y\": 15, \"seat\": true, \"color\": \"white\", \"isBuy\": false, \"isSelected\": false, \"borderColor\": \"black\"}, {\"x\": 7, \"y\": 16, \"seat\": true, \"color\": \"white\", \"isBuy\": false, \"isSelected\": false, \"borderColor\": \"black\"}, {\"x\": 7, \"y\": 17, \"seat\": true, \"color\": \"white\", \"isBuy\": false, \"isSelected\": false, \"borderColor\": \"black\"}, {\"x\": 7, \"y\": 18, \"seat\": true, \"color\": \"white\", \"isBuy\": false, \"isSelected\": false, \"borderColor\": \"black\"}, {\"x\": 7, \"y\": 19, \"seat\": true, \"color\": \"white\", \"isBuy\": false, \"isSelected\": false, \"borderColor\": \"black\"}, {\"x\": 7, \"y\": 20, \"seat\": false, \"color\": \"white\", \"borderColor\": \"white\"}], [{\"x\": 8, \"y\": 1, \"seat\": false, \"color\": \"white\", \"borderColor\": \"white\"}, {\"x\": 8, \"y\": 2, \"seat\": true, \"color\": \"white\", \"isBuy\": false, \"isSelected\": false, \"borderColor\": \"black\"}, {\"x\": 8, \"y\": 3, \"seat\": true, \"color\": \"white\", \"isBuy\": false, \"isSelected\": false, \"borderColor\": \"black\"}, {\"x\": 8, \"y\": 4, \"seat\": true, \"color\": \"white\", \"isBuy\": false, \"isSelected\": false, \"borderColor\": \"black\"}, {\"x\": 8, \"y\": 5, \"seat\": true, \"color\": \"white\", \"isBuy\": false, \"isSelected\": false, \"borderColor\": \"black\"}, {\"x\": 8, \"y\": 6, \"seat\": true, \"color\": \"white\", \"isBuy\": false, \"isSelected\": false, \"borderColor\": \"black\"}, {\"x\": 8, \"y\": 7, \"seat\": true, \"color\": \"white\", \"isBuy\": false, \"isSelected\": false, \"borderColor\": \"black\"}, {\"x\": 8, \"y\": 8, \"seat\": true, \"color\": \"white\", \"isBuy\": false, \"isSelected\": false, \"borderColor\": \"black\"}, {\"x\": 8, \"y\": 9, \"seat\": true, \"color\": \"white\", \"isBuy\": false, \"isSelected\": false, \"borderColor\": \"black\"}, {\"x\": 8, \"y\": 10, \"seat\": false, \"color\": \"white\", \"borderColor\": \"white\"}, {\"x\": 8, \"y\": 11, \"seat\": false, \"color\": \"white\", \"borderColor\": \"white\"}, {\"x\": 8, \"y\": 12, \"seat\": true, \"color\": \"white\", \"isBuy\": false, \"isSelected\": false, \"borderColor\": \"black\"}, {\"x\": 8, \"y\": 13, \"seat\": true, \"color\": \"white\", \"isBuy\": false, \"isSelected\": false, \"borderColor\": \"black\"}, {\"x\": 8, \"y\": 14, \"seat\": true, \"color\": \"white\", \"isBuy\": false, \"isSelected\": false, \"borderColor\": \"black\"}, {\"x\": 8, \"y\": 15, \"seat\": true, \"color\": \"white\", \"isBuy\": false, \"isSelected\": false, \"borderColor\": \"black\"}, {\"x\": 8, \"y\": 16, \"seat\": true, \"color\": \"white\", \"isBuy\": false, \"isSelected\": false, \"borderColor\": \"black\"}, {\"x\": 8, \"y\": 17, \"seat\": true, \"color\": \"white\", \"isBuy\": false, \"isSelected\": false, \"borderColor\": \"black\"}, {\"x\": 8, \"y\": 18, \"seat\": true, \"color\": \"white\", \"isBuy\": false, \"isSelected\": false, \"borderColor\": \"black\"}, {\"x\": 8, \"y\": 19, \"seat\": true, \"color\": \"white\", \"isBuy\": false, \"isSelected\": false, \"borderColor\": \"black\"}, {\"x\": 8, \"y\": 20, \"seat\": false, \"color\": \"white\", \"borderColor\": \"white\"}], [{\"x\": 9, \"y\": 1, \"seat\": false, \"color\": \"white\", \"borderColor\": \"white\"}, {\"x\": 9, \"y\": 2, \"seat\": true, \"color\": \"white\", \"isBuy\": false, \"isSelected\": false, \"borderColor\": \"black\"}, {\"x\": 9, \"y\": 3, \"seat\": true, \"color\": \"white\", \"isBuy\": false, \"isSelected\": false, \"borderColor\": \"black\"}, {\"x\": 9, \"y\": 4, \"seat\": true, \"color\": \"white\", \"isBuy\": false, \"isSelected\": false, \"borderColor\": \"black\"}, {\"x\": 9, \"y\": 5, \"seat\": true, \"color\": \"white\", \"isBuy\": false, \"isSelected\": false, \"borderColor\": \"black\"}, {\"x\": 9, \"y\": 6, \"seat\": true, \"color\": \"white\", \"isBuy\": false, \"isSelected\": false, \"borderColor\": \"black\"}, {\"x\": 9, \"y\": 7, \"seat\": true, \"color\": \"white\", \"isBuy\": false, \"isSelected\": false, \"borderColor\": \"black\"}, {\"x\": 9, \"y\": 8, \"seat\": true, \"color\": \"white\", \"isBuy\": false, \"isSelected\": false, \"borderColor\": \"black\"}, {\"x\": 9, \"y\": 9, \"seat\": true, \"color\": \"white\", \"isBuy\": false, \"isSelected\": false, \"borderColor\": \"black\"}, {\"x\": 9, \"y\": 10, \"seat\": false, \"color\": \"white\", \"borderColor\": \"white\"}, {\"x\": 9, \"y\": 11, \"seat\": false, \"color\": \"white\", \"borderColor\": \"white\"}, {\"x\": 9, \"y\": 12, \"seat\": true, \"color\": \"white\", \"isBuy\": false, \"isSelected\": false, \"borderColor\": \"black\"}, {\"x\": 9, \"y\": 13, \"seat\": true, \"color\": \"white\", \"isBuy\": false, \"isSelected\": false, \"borderColor\": \"black\"}, {\"x\": 9, \"y\": 14, \"seat\": true, \"color\": \"white\", \"isBuy\": false, \"isSelected\": false, \"borderColor\": \"black\"}, {\"x\": 9, \"y\": 15, \"seat\": true, \"color\": \"white\", \"isBuy\": false, \"isSelected\": false, \"borderColor\": \"black\"}, {\"x\": 9, \"y\": 16, \"seat\": true, \"color\": \"white\", \"isBuy\": false, \"isSelected\": false, \"borderColor\": \"black\"}, {\"x\": 9, \"y\": 17, \"seat\": true, \"color\": \"white\", \"isBuy\": false, \"isSelected\": false, \"borderColor\": \"black\"}, {\"x\": 9, \"y\": 18, \"seat\": true, \"color\": \"white\", \"isBuy\": false, \"isSelected\": false, \"borderColor\": \"black\"}, {\"x\": 9, \"y\": 19, \"seat\": true, \"color\": \"white\", \"isBuy\": false, \"isSelected\": false, \"borderColor\": \"black\"}, {\"x\": 9, \"y\": 20, \"seat\": false, \"color\": \"white\", \"borderColor\": \"white\"}], [{\"x\": 10, \"y\": 1, \"seat\": false, \"color\": \"white\", \"borderColor\": \"white\"}, {\"x\": 10, \"y\": 2, \"seat\": true, \"color\": \"white\", \"isBuy\": false, \"isSelected\": false, \"borderColor\": \"black\"}, {\"x\": 10, \"y\": 3, \"seat\": true, \"color\": \"white\", \"isBuy\": false, \"isSelected\": false, \"borderColor\": \"black\"}, {\"x\": 10, \"y\": 4, \"seat\": true, \"color\": \"white\", \"isBuy\": false, \"isSelected\": false, \"borderColor\": \"black\"}, {\"x\": 10, \"y\": 5, \"seat\": true, \"color\": \"white\", \"isBuy\": false, \"isSelected\": false, \"borderColor\": \"black\"}, {\"x\": 10, \"y\": 6, \"seat\": true, \"color\": \"white\", \"isBuy\": false, \"isSelected\": false, \"borderColor\": \"black\"}, {\"x\": 10, \"y\": 7, \"seat\": true, \"color\": \"white\", \"isBuy\": false, \"isSelected\": false, \"borderColor\": \"black\"}, {\"x\": 10, \"y\": 8, \"seat\": true, \"color\": \"white\", \"isBuy\": false, \"isSelected\": false, \"borderColor\": \"black\"}, {\"x\": 10, \"y\": 9, \"seat\": true, \"color\": \"white\", \"isBuy\": false, \"isSelected\": false, \"borderColor\": \"black\"}, {\"x\": 10, \"y\": 10, \"seat\": false, \"color\": \"white\", \"borderColor\": \"white\"}, {\"x\": 10, \"y\": 11, \"seat\": false, \"color\": \"white\", \"borderColor\": \"white\"}, {\"x\": 10, \"y\": 12, \"seat\": true, \"color\": \"white\", \"isBuy\": false, \"isSelected\": false, \"borderColor\": \"black\"}, {\"x\": 10, \"y\": 13, \"seat\": true, \"color\": \"white\", \"isBuy\": false, \"isSelected\": false, \"borderColor\": \"black\"}, {\"x\": 10, \"y\": 14, \"seat\": true, \"color\": \"white\", \"isBuy\": false, \"isSelected\": false, \"borderColor\": \"black\"}, {\"x\": 10, \"y\": 15, \"seat\": true, \"color\": \"white\", \"isBuy\": false, \"isSelected\": false, \"borderColor\": \"black\"}, {\"x\": 10, \"y\": 16, \"seat\": true, \"color\": \"white\", \"isBuy\": false, \"isSelected\": false, \"borderColor\": \"black\"}, {\"x\": 10, \"y\": 17, \"seat\": true, \"color\": \"white\", \"isBuy\": false, \"isSelected\": false, \"borderColor\": \"black\"}, {\"x\": 10, \"y\": 18, \"seat\": true, \"color\": \"white\", \"isBuy\": false, \"isSelected\": false, \"borderColor\": \"black\"}, {\"x\": 10, \"y\": 19, \"seat\": true, \"color\": \"white\", \"isBuy\": false, \"isSelected\": false, \"borderColor\": \"black\"}, {\"x\": 10, \"y\": 20, \"seat\": false, \"color\": \"white\", \"borderColor\": \"white\"}]]','2025-04-28 10:00:00'),('9f00453f4e914bf182c79f35786a92d9','cac9ffeb481d439992dfc610d0d106ed','b6d825944ee241998d0723336c407f79','077158e9eecc4532b0e5b24b53ccf4db','2025-04-30 08:00:00',99.90,'[[{\"x\": 1, \"y\": 1, \"seat\": true, \"color\": \"white\", \"isBuy\": false, \"isSelected\": false, \"borderColor\": \"black\"}, {\"x\": 1, \"y\": 2, \"seat\": true, \"color\": \"white\", \"isBuy\": false, \"isSelected\": false, \"borderColor\": \"black\"}, {\"x\": 1, \"y\": 3, \"seat\": true, \"color\": \"white\", \"isBuy\": false, \"isSelected\": false, \"borderColor\": \"black\"}, {\"x\": 1, \"y\": 4, \"seat\": true, \"color\": \"white\", \"isBuy\": false, \"isSelected\": false, \"borderColor\": \"black\"}, {\"x\": 1, \"y\": 5, \"seat\": true, \"color\": \"white\", \"isBuy\": false, \"isSelected\": false, \"borderColor\": \"black\"}, {\"x\": 1, \"y\": 6, \"seat\": true, \"color\": \"white\", \"isBuy\": false, \"isSelected\": false, \"borderColor\": \"black\"}, {\"x\": 1, \"y\": 7, \"seat\": true, \"color\": \"white\", \"isBuy\": false, \"isSelected\": false, \"borderColor\": \"black\"}, {\"x\": 1, \"y\": 8, \"seat\": true, \"color\": \"white\", \"isBuy\": false, \"isSelected\": false, \"borderColor\": \"black\"}, {\"x\": 1, \"y\": 9, \"seat\": true, \"color\": \"white\", \"isBuy\": false, \"isSelected\": false, \"borderColor\": \"black\"}, {\"x\": 1, \"y\": 10, \"seat\": true, \"color\": \"white\", \"isBuy\": false, \"isSelected\": false, \"borderColor\": \"black\"}, {\"x\": 1, \"y\": 11, \"seat\": true, \"color\": \"white\", \"isBuy\": false, \"isSelected\": false, \"borderColor\": \"black\"}, {\"x\": 1, \"y\": 12, \"seat\": true, \"color\": \"white\", \"isBuy\": false, \"isSelected\": false, \"borderColor\": \"black\"}, {\"x\": 1, \"y\": 13, \"seat\": true, \"color\": \"white\", \"isBuy\": false, \"isSelected\": false, \"borderColor\": \"black\"}, {\"x\": 1, \"y\": 14, \"seat\": true, \"color\": \"white\", \"isBuy\": false, \"isSelected\": false, \"borderColor\": \"black\"}, {\"x\": 1, \"y\": 15, \"seat\": true, \"color\": \"white\", \"isBuy\": false, \"isSelected\": false, \"borderColor\": \"black\"}, {\"x\": 1, \"y\": 16, \"seat\": true, \"color\": \"white\", \"isBuy\": false, \"isSelected\": false, \"borderColor\": \"black\"}, {\"x\": 1, \"y\": 17, \"seat\": true, \"color\": \"white\", \"isBuy\": false, \"isSelected\": false, \"borderColor\": \"black\"}, {\"x\": 1, \"y\": 18, \"seat\": true, \"color\": \"white\", \"isBuy\": false, \"isSelected\": false, \"borderColor\": \"black\"}, {\"x\": 1, \"y\": 19, \"seat\": true, \"color\": \"white\", \"isBuy\": false, \"isSelected\": false, \"borderColor\": \"black\"}, {\"x\": 1, \"y\": 20, \"seat\": true, \"color\": \"white\", \"isBuy\": false, \"isSelected\": false, \"borderColor\": \"black\"}], [{\"x\": 2, \"y\": 1, \"seat\": true, \"color\": \"white\", \"isBuy\": false, \"isSelected\": false, \"borderColor\": \"black\"}, {\"x\": 2, \"y\": 2, \"seat\": true, \"color\": \"white\", \"isBuy\": false, \"isSelected\": false, \"borderColor\": \"black\"}, {\"x\": 2, \"y\": 3, \"seat\": true, \"color\": \"white\", \"isBuy\": false, \"isSelected\": false, \"borderColor\": \"black\"}, {\"x\": 2, \"y\": 4, \"seat\": true, \"color\": \"white\", \"isBuy\": false, \"isSelected\": false, \"borderColor\": \"black\"}, {\"x\": 2, \"y\": 5, \"seat\": true, \"color\": \"white\", \"isBuy\": false, \"isSelected\": false, \"borderColor\": \"black\"}, {\"x\": 2, \"y\": 6, \"seat\": true, \"color\": \"white\", \"isBuy\": false, \"isSelected\": false, \"borderColor\": \"black\"}, {\"x\": 2, \"y\": 7, \"seat\": true, \"color\": \"white\", \"isBuy\": false, \"isSelected\": false, \"borderColor\": \"black\"}, {\"x\": 2, \"y\": 8, \"seat\": true, \"color\": \"white\", \"isBuy\": false, \"isSelected\": false, \"borderColor\": \"black\"}, {\"x\": 2, \"y\": 9, \"seat\": true, \"color\": \"white\", \"isBuy\": false, \"isSelected\": false, \"borderColor\": \"black\"}, {\"x\": 2, \"y\": 10, \"seat\": true, \"color\": \"white\", \"isBuy\": false, \"isSelected\": false, \"borderColor\": \"black\"}, {\"x\": 2, \"y\": 11, \"seat\": true, \"color\": \"white\", \"isBuy\": false, \"isSelected\": false, \"borderColor\": \"black\"}, {\"x\": 2, \"y\": 12, \"seat\": true, \"color\": \"white\", \"isBuy\": false, \"isSelected\": false, \"borderColor\": \"black\"}, {\"x\": 2, \"y\": 13, \"seat\": true, \"color\": \"white\", \"isBuy\": false, \"isSelected\": false, \"borderColor\": \"black\"}, {\"x\": 2, \"y\": 14, \"seat\": true, \"color\": \"white\", \"isBuy\": false, \"isSelected\": false, \"borderColor\": \"black\"}, {\"x\": 2, \"y\": 15, \"seat\": true, \"color\": \"white\", \"isBuy\": false, \"isSelected\": false, \"borderColor\": \"black\"}, {\"x\": 2, \"y\": 16, \"seat\": true, \"color\": \"white\", \"isBuy\": false, \"isSelected\": false, \"borderColor\": \"black\"}, {\"x\": 2, \"y\": 17, \"seat\": true, \"color\": \"white\", \"isBuy\": false, \"isSelected\": false, \"borderColor\": \"black\"}, {\"x\": 2, \"y\": 18, \"seat\": true, \"color\": \"white\", \"isBuy\": false, \"isSelected\": false, \"borderColor\": \"black\"}, {\"x\": 2, \"y\": 19, \"seat\": true, \"color\": \"white\", \"isBuy\": false, \"isSelected\": false, \"borderColor\": \"black\"}, {\"x\": 2, \"y\": 20, \"seat\": true, \"color\": \"white\", \"isBuy\": false, \"isSelected\": false, \"borderColor\": \"black\"}], [{\"x\": 3, \"y\": 1, \"seat\": true, \"color\": \"white\", \"isBuy\": false, \"isSelected\": false, \"borderColor\": \"black\"}, {\"x\": 3, \"y\": 2, \"seat\": true, \"color\": \"white\", \"isBuy\": false, \"isSelected\": false, \"borderColor\": \"black\"}, {\"x\": 3, \"y\": 3, \"seat\": true, \"color\": \"white\", \"isBuy\": false, \"isSelected\": false, \"borderColor\": \"black\"}, {\"x\": 3, \"y\": 4, \"seat\": true, \"color\": \"white\", \"isBuy\": false, \"isSelected\": false, \"borderColor\": \"black\"}, {\"x\": 3, \"y\": 5, \"seat\": true, \"color\": \"white\", \"isBuy\": false, \"isSelected\": false, \"borderColor\": \"black\"}, {\"x\": 3, \"y\": 6, \"seat\": true, \"color\": \"white\", \"isBuy\": false, \"isSelected\": false, \"borderColor\": \"black\"}, {\"x\": 3, \"y\": 7, \"seat\": true, \"color\": \"white\", \"isBuy\": false, \"isSelected\": false, \"borderColor\": \"black\"}, {\"x\": 3, \"y\": 8, \"seat\": true, \"color\": \"white\", \"isBuy\": false, \"isSelected\": false, \"borderColor\": \"black\"}, {\"x\": 3, \"y\": 9, \"seat\": true, \"color\": \"white\", \"isBuy\": false, \"isSelected\": false, \"borderColor\": \"black\"}, {\"x\": 3, \"y\": 10, \"seat\": true, \"color\": \"white\", \"isBuy\": false, \"isSelected\": false, \"borderColor\": \"black\"}, {\"x\": 3, \"y\": 11, \"seat\": true, \"color\": \"white\", \"isBuy\": false, \"isSelected\": false, \"borderColor\": \"black\"}, {\"x\": 3, \"y\": 12, \"seat\": true, \"color\": \"white\", \"isBuy\": false, \"isSelected\": false, \"borderColor\": \"black\"}, {\"x\": 3, \"y\": 13, \"seat\": true, \"color\": \"white\", \"isBuy\": false, \"isSelected\": false, \"borderColor\": \"black\"}, {\"x\": 3, \"y\": 14, \"seat\": true, \"color\": \"white\", \"isBuy\": false, \"isSelected\": false, \"borderColor\": \"black\"}, {\"x\": 3, \"y\": 15, \"seat\": true, \"color\": \"white\", \"isBuy\": false, \"isSelected\": false, \"borderColor\": \"black\"}, {\"x\": 3, \"y\": 16, \"seat\": true, \"color\": \"white\", \"isBuy\": false, \"isSelected\": false, \"borderColor\": \"black\"}, {\"x\": 3, \"y\": 17, \"seat\": true, \"color\": \"white\", \"isBuy\": false, \"isSelected\": false, \"borderColor\": \"black\"}, {\"x\": 3, \"y\": 18, \"seat\": true, \"color\": \"white\", \"isBuy\": false, \"isSelected\": false, \"borderColor\": \"black\"}, {\"x\": 3, \"y\": 19, \"seat\": true, \"color\": \"white\", \"isBuy\": false, \"isSelected\": false, \"borderColor\": \"black\"}, {\"x\": 3, \"y\": 20, \"seat\": true, \"color\": \"white\", \"isBuy\": false, \"isSelected\": false, \"borderColor\": \"black\"}], [{\"x\": 4, \"y\": 1, \"seat\": true, \"color\": \"white\", \"isBuy\": false, \"isSelected\": false, \"borderColor\": \"black\"}, {\"x\": 4, \"y\": 2, \"seat\": true, \"color\": \"white\", \"isBuy\": false, \"isSelected\": false, \"borderColor\": \"black\"}, {\"x\": 4, \"y\": 3, \"seat\": true, \"color\": \"white\", \"isBuy\": false, \"isSelected\": false, \"borderColor\": \"black\"}, {\"x\": 4, \"y\": 4, \"seat\": true, \"color\": \"white\", \"isBuy\": false, \"isSelected\": false, \"borderColor\": \"black\"}, {\"x\": 4, \"y\": 5, \"seat\": true, \"color\": \"white\", \"isBuy\": false, \"isSelected\": false, \"borderColor\": \"black\"}, {\"x\": 4, \"y\": 6, \"seat\": true, \"color\": \"white\", \"isBuy\": false, \"isSelected\": false, \"borderColor\": \"black\"}, {\"x\": 4, \"y\": 7, \"seat\": true, \"color\": \"white\", \"isBuy\": false, \"isSelected\": false, \"borderColor\": \"black\"}, {\"x\": 4, \"y\": 8, \"seat\": true, \"color\": \"white\", \"isBuy\": false, \"isSelected\": false, \"borderColor\": \"black\"}, {\"x\": 4, \"y\": 9, \"seat\": true, \"color\": \"white\", \"isBuy\": false, \"isSelected\": false, \"borderColor\": \"black\"}, {\"x\": 4, \"y\": 10, \"seat\": true, \"color\": \"white\", \"isBuy\": false, \"isSelected\": false, \"borderColor\": \"black\"}, {\"x\": 4, \"y\": 11, \"seat\": true, \"color\": \"white\", \"isBuy\": false, \"isSelected\": false, \"borderColor\": \"black\"}, {\"x\": 4, \"y\": 12, \"seat\": true, \"color\": \"white\", \"isBuy\": false, \"isSelected\": false, \"borderColor\": \"black\"}, {\"x\": 4, \"y\": 13, \"seat\": true, \"color\": \"white\", \"isBuy\": false, \"isSelected\": false, \"borderColor\": \"black\"}, {\"x\": 4, \"y\": 14, \"seat\": true, \"color\": \"white\", \"isBuy\": false, \"isSelected\": false, \"borderColor\": \"black\"}, {\"x\": 4, \"y\": 15, \"seat\": true, \"color\": \"white\", \"isBuy\": false, \"isSelected\": false, \"borderColor\": \"black\"}, {\"x\": 4, \"y\": 16, \"seat\": true, \"color\": \"white\", \"isBuy\": false, \"isSelected\": false, \"borderColor\": \"black\"}, {\"x\": 4, \"y\": 17, \"seat\": true, \"color\": \"white\", \"isBuy\": false, \"isSelected\": false, \"borderColor\": \"black\"}, {\"x\": 4, \"y\": 18, \"seat\": true, \"color\": \"white\", \"isBuy\": false, \"isSelected\": false, \"borderColor\": \"black\"}, {\"x\": 4, \"y\": 19, \"seat\": true, \"color\": \"white\", \"isBuy\": false, \"isSelected\": false, \"borderColor\": \"black\"}, {\"x\": 4, \"y\": 20, \"seat\": true, \"color\": \"white\", \"isBuy\": false, \"isSelected\": false, \"borderColor\": \"black\"}], [{\"x\": 5, \"y\": 1, \"seat\": false, \"color\": \"white\", \"borderColor\": \"white\"}, {\"x\": 5, \"y\": 2, \"seat\": false, \"color\": \"white\", \"borderColor\": \"white\"}, {\"x\": 5, \"y\": 3, \"seat\": false, \"color\": \"white\", \"borderColor\": \"white\"}, {\"x\": 5, \"y\": 4, \"seat\": false, \"color\": \"white\", \"borderColor\": \"white\"}, {\"x\": 5, \"y\": 5, \"seat\": false, \"color\": \"white\", \"borderColor\": \"white\"}, {\"x\": 5, \"y\": 6, \"seat\": false, \"color\": \"white\", \"borderColor\": \"white\"}, {\"x\": 5, \"y\": 7, \"seat\": false, \"color\": \"white\", \"borderColor\": \"white\"}, {\"x\": 5, \"y\": 8, \"seat\": false, \"color\": \"white\", \"borderColor\": \"white\"}, {\"x\": 5, \"y\": 9, \"seat\": false, \"color\": \"white\", \"borderColor\": \"white\"}, {\"x\": 5, \"y\": 10, \"seat\": false, \"color\": \"white\", \"borderColor\": \"white\"}, {\"x\": 5, \"y\": 11, \"seat\": false, \"color\": \"white\", \"borderColor\": \"white\"}, {\"x\": 5, \"y\": 12, \"seat\": false, \"color\": \"white\", \"borderColor\": \"white\"}, {\"x\": 5, \"y\": 13, \"seat\": false, \"color\": \"white\", \"borderColor\": \"white\"}, {\"x\": 5, \"y\": 14, \"seat\": false, \"color\": \"white\", \"borderColor\": \"white\"}, {\"x\": 5, \"y\": 15, \"seat\": false, \"color\": \"white\", \"borderColor\": \"white\"}, {\"x\": 5, \"y\": 16, \"seat\": false, \"color\": \"white\", \"borderColor\": \"white\"}, {\"x\": 5, \"y\": 17, \"seat\": false, \"color\": \"white\", \"borderColor\": \"white\"}, {\"x\": 5, \"y\": 18, \"seat\": false, \"color\": \"white\", \"borderColor\": \"white\"}, {\"x\": 5, \"y\": 19, \"seat\": false, \"color\": \"white\", \"borderColor\": \"white\"}, {\"x\": 5, \"y\": 20, \"seat\": false, \"color\": \"white\", \"borderColor\": \"white\"}], [{\"x\": 6, \"y\": 1, \"seat\": false, \"color\": \"white\", \"borderColor\": \"white\"}, {\"x\": 6, \"y\": 2, \"seat\": true, \"color\": \"white\", \"isBuy\": false, \"isSelected\": false, \"borderColor\": \"black\"}, {\"x\": 6, \"y\": 3, \"seat\": true, \"color\": \"white\", \"isBuy\": false, \"isSelected\": false, \"borderColor\": \"black\"}, {\"x\": 6, \"y\": 4, \"seat\": true, \"color\": \"white\", \"isBuy\": false, \"isSelected\": false, \"borderColor\": \"black\"}, {\"x\": 6, \"y\": 5, \"seat\": true, \"color\": \"white\", \"isBuy\": false, \"isSelected\": false, \"borderColor\": \"black\"}, {\"x\": 6, \"y\": 6, \"seat\": true, \"color\": \"white\", \"isBuy\": false, \"isSelected\": false, \"borderColor\": \"black\"}, {\"x\": 6, \"y\": 7, \"seat\": true, \"color\": \"white\", \"isBuy\": false, \"isSelected\": false, \"borderColor\": \"black\"}, {\"x\": 6, \"y\": 8, \"seat\": true, \"color\": \"white\", \"isBuy\": false, \"isSelected\": false, \"borderColor\": \"black\"}, {\"x\": 6, \"y\": 9, \"seat\": true, \"color\": \"white\", \"isBuy\": false, \"isSelected\": false, \"borderColor\": \"black\"}, {\"x\": 6, \"y\": 10, \"seat\": false, \"color\": \"white\", \"borderColor\": \"white\"}, {\"x\": 6, \"y\": 11, \"seat\": false, \"color\": \"white\", \"borderColor\": \"white\"}, {\"x\": 6, \"y\": 12, \"seat\": true, \"color\": \"white\", \"isBuy\": false, \"isSelected\": false, \"borderColor\": \"black\"}, {\"x\": 6, \"y\": 13, \"seat\": true, \"color\": \"white\", \"isBuy\": false, \"isSelected\": false, \"borderColor\": \"black\"}, {\"x\": 6, \"y\": 14, \"seat\": true, \"color\": \"white\", \"isBuy\": false, \"isSelected\": false, \"borderColor\": \"black\"}, {\"x\": 6, \"y\": 15, \"seat\": true, \"color\": \"white\", \"isBuy\": false, \"isSelected\": false, \"borderColor\": \"black\"}, {\"x\": 6, \"y\": 16, \"seat\": true, \"color\": \"white\", \"isBuy\": false, \"isSelected\": false, \"borderColor\": \"black\"}, {\"x\": 6, \"y\": 17, \"seat\": true, \"color\": \"white\", \"isBuy\": false, \"isSelected\": false, \"borderColor\": \"black\"}, {\"x\": 6, \"y\": 18, \"seat\": true, \"color\": \"white\", \"isBuy\": false, \"isSelected\": false, \"borderColor\": \"black\"}, {\"x\": 6, \"y\": 19, \"seat\": true, \"color\": \"white\", \"isBuy\": false, \"isSelected\": false, \"borderColor\": \"black\"}, {\"x\": 6, \"y\": 20, \"seat\": false, \"color\": \"white\", \"borderColor\": \"white\"}], [{\"x\": 7, \"y\": 1, \"seat\": false, \"color\": \"white\", \"borderColor\": \"white\"}, {\"x\": 7, \"y\": 2, \"seat\": true, \"color\": \"white\", \"isBuy\": false, \"isSelected\": false, \"borderColor\": \"black\"}, {\"x\": 7, \"y\": 3, \"seat\": true, \"color\": \"white\", \"isBuy\": false, \"isSelected\": false, \"borderColor\": \"black\"}, {\"x\": 7, \"y\": 4, \"seat\": true, \"color\": \"white\", \"isBuy\": false, \"isSelected\": false, \"borderColor\": \"black\"}, {\"x\": 7, \"y\": 5, \"seat\": true, \"color\": \"white\", \"isBuy\": false, \"isSelected\": false, \"borderColor\": \"black\"}, {\"x\": 7, \"y\": 6, \"seat\": true, \"color\": \"white\", \"isBuy\": false, \"isSelected\": false, \"borderColor\": \"black\"}, {\"x\": 7, \"y\": 7, \"seat\": true, \"color\": \"white\", \"isBuy\": false, \"isSelected\": false, \"borderColor\": \"black\"}, {\"x\": 7, \"y\": 8, \"seat\": true, \"color\": \"white\", \"isBuy\": false, \"isSelected\": false, \"borderColor\": \"black\"}, {\"x\": 7, \"y\": 9, \"seat\": true, \"color\": \"white\", \"isBuy\": false, \"isSelected\": false, \"borderColor\": \"black\"}, {\"x\": 7, \"y\": 10, \"seat\": false, \"color\": \"white\", \"borderColor\": \"white\"}, {\"x\": 7, \"y\": 11, \"seat\": false, \"color\": \"white\", \"borderColor\": \"white\"}, {\"x\": 7, \"y\": 12, \"seat\": true, \"color\": \"white\", \"isBuy\": false, \"isSelected\": false, \"borderColor\": \"black\"}, {\"x\": 7, \"y\": 13, \"seat\": true, \"color\": \"white\", \"isBuy\": false, \"isSelected\": false, \"borderColor\": \"black\"}, {\"x\": 7, \"y\": 14, \"seat\": true, \"color\": \"white\", \"isBuy\": false, \"isSelected\": false, \"borderColor\": \"black\"}, {\"x\": 7, \"y\": 15, \"seat\": true, \"color\": \"white\", \"isBuy\": false, \"isSelected\": false, \"borderColor\": \"black\"}, {\"x\": 7, \"y\": 16, \"seat\": true, \"color\": \"white\", \"isBuy\": false, \"isSelected\": false, \"borderColor\": \"black\"}, {\"x\": 7, \"y\": 17, \"seat\": true, \"color\": \"white\", \"isBuy\": false, \"isSelected\": false, \"borderColor\": \"black\"}, {\"x\": 7, \"y\": 18, \"seat\": true, \"color\": \"white\", \"isBuy\": false, \"isSelected\": false, \"borderColor\": \"black\"}, {\"x\": 7, \"y\": 19, \"seat\": true, \"color\": \"white\", \"isBuy\": false, \"isSelected\": false, \"borderColor\": \"black\"}, {\"x\": 7, \"y\": 20, \"seat\": false, \"color\": \"white\", \"borderColor\": \"white\"}], [{\"x\": 8, \"y\": 1, \"seat\": false, \"color\": \"white\", \"borderColor\": \"white\"}, {\"x\": 8, \"y\": 2, \"seat\": true, \"color\": \"white\", \"isBuy\": false, \"isSelected\": false, \"borderColor\": \"black\"}, {\"x\": 8, \"y\": 3, \"seat\": true, \"color\": \"white\", \"isBuy\": false, \"isSelected\": false, \"borderColor\": \"black\"}, {\"x\": 8, \"y\": 4, \"seat\": true, \"color\": \"white\", \"isBuy\": false, \"isSelected\": false, \"borderColor\": \"black\"}, {\"x\": 8, \"y\": 5, \"seat\": true, \"color\": \"white\", \"isBuy\": false, \"isSelected\": false, \"borderColor\": \"black\"}, {\"x\": 8, \"y\": 6, \"seat\": true, \"color\": \"white\", \"isBuy\": false, \"isSelected\": false, \"borderColor\": \"black\"}, {\"x\": 8, \"y\": 7, \"seat\": true, \"color\": \"white\", \"isBuy\": false, \"isSelected\": false, \"borderColor\": \"black\"}, {\"x\": 8, \"y\": 8, \"seat\": true, \"color\": \"white\", \"isBuy\": false, \"isSelected\": false, \"borderColor\": \"black\"}, {\"x\": 8, \"y\": 9, \"seat\": true, \"color\": \"white\", \"isBuy\": false, \"isSelected\": false, \"borderColor\": \"black\"}, {\"x\": 8, \"y\": 10, \"seat\": false, \"color\": \"white\", \"borderColor\": \"white\"}, {\"x\": 8, \"y\": 11, \"seat\": false, \"color\": \"white\", \"borderColor\": \"white\"}, {\"x\": 8, \"y\": 12, \"seat\": true, \"color\": \"white\", \"isBuy\": false, \"isSelected\": false, \"borderColor\": \"black\"}, {\"x\": 8, \"y\": 13, \"seat\": true, \"color\": \"white\", \"isBuy\": false, \"isSelected\": false, \"borderColor\": \"black\"}, {\"x\": 8, \"y\": 14, \"seat\": true, \"color\": \"white\", \"isBuy\": false, \"isSelected\": false, \"borderColor\": \"black\"}, {\"x\": 8, \"y\": 15, \"seat\": true, \"color\": \"white\", \"isBuy\": false, \"isSelected\": false, \"borderColor\": \"black\"}, {\"x\": 8, \"y\": 16, \"seat\": true, \"color\": \"white\", \"isBuy\": false, \"isSelected\": false, \"borderColor\": \"black\"}, {\"x\": 8, \"y\": 17, \"seat\": true, \"color\": \"white\", \"isBuy\": false, \"isSelected\": false, \"borderColor\": \"black\"}, {\"x\": 8, \"y\": 18, \"seat\": true, \"color\": \"white\", \"isBuy\": false, \"isSelected\": false, \"borderColor\": \"black\"}, {\"x\": 8, \"y\": 19, \"seat\": true, \"color\": \"white\", \"isBuy\": false, \"isSelected\": false, \"borderColor\": \"black\"}, {\"x\": 8, \"y\": 20, \"seat\": false, \"color\": \"white\", \"borderColor\": \"white\"}], [{\"x\": 9, \"y\": 1, \"seat\": false, \"color\": \"white\", \"borderColor\": \"white\"}, {\"x\": 9, \"y\": 2, \"seat\": true, \"color\": \"white\", \"isBuy\": false, \"isSelected\": false, \"borderColor\": \"black\"}, {\"x\": 9, \"y\": 3, \"seat\": true, \"color\": \"white\", \"isBuy\": false, \"isSelected\": false, \"borderColor\": \"black\"}, {\"x\": 9, \"y\": 4, \"seat\": true, \"color\": \"white\", \"isBuy\": false, \"isSelected\": false, \"borderColor\": \"black\"}, {\"x\": 9, \"y\": 5, \"seat\": true, \"color\": \"white\", \"isBuy\": false, \"isSelected\": false, \"borderColor\": \"black\"}, {\"x\": 9, \"y\": 6, \"seat\": true, \"color\": \"white\", \"isBuy\": false, \"isSelected\": false, \"borderColor\": \"black\"}, {\"x\": 9, \"y\": 7, \"seat\": true, \"color\": \"white\", \"isBuy\": false, \"isSelected\": false, \"borderColor\": \"black\"}, {\"x\": 9, \"y\": 8, \"seat\": true, \"color\": \"white\", \"isBuy\": false, \"isSelected\": false, \"borderColor\": \"black\"}, {\"x\": 9, \"y\": 9, \"seat\": true, \"color\": \"white\", \"isBuy\": false, \"isSelected\": false, \"borderColor\": \"black\"}, {\"x\": 9, \"y\": 10, \"seat\": false, \"color\": \"white\", \"borderColor\": \"white\"}, {\"x\": 9, \"y\": 11, \"seat\": false, \"color\": \"white\", \"borderColor\": \"white\"}, {\"x\": 9, \"y\": 12, \"seat\": true, \"color\": \"white\", \"isBuy\": false, \"isSelected\": false, \"borderColor\": \"black\"}, {\"x\": 9, \"y\": 13, \"seat\": true, \"color\": \"white\", \"isBuy\": false, \"isSelected\": false, \"borderColor\": \"black\"}, {\"x\": 9, \"y\": 14, \"seat\": true, \"color\": \"white\", \"isBuy\": false, \"isSelected\": false, \"borderColor\": \"black\"}, {\"x\": 9, \"y\": 15, \"seat\": true, \"color\": \"white\", \"isBuy\": false, \"isSelected\": false, \"borderColor\": \"black\"}, {\"x\": 9, \"y\": 16, \"seat\": true, \"color\": \"white\", \"isBuy\": false, \"isSelected\": false, \"borderColor\": \"black\"}, {\"x\": 9, \"y\": 17, \"seat\": true, \"color\": \"white\", \"isBuy\": false, \"isSelected\": false, \"borderColor\": \"black\"}, {\"x\": 9, \"y\": 18, \"seat\": true, \"color\": \"white\", \"isBuy\": false, \"isSelected\": false, \"borderColor\": \"black\"}, {\"x\": 9, \"y\": 19, \"seat\": true, \"color\": \"white\", \"isBuy\": false, \"isSelected\": false, \"borderColor\": \"black\"}, {\"x\": 9, \"y\": 20, \"seat\": false, \"color\": \"white\", \"borderColor\": \"white\"}], [{\"x\": 10, \"y\": 1, \"seat\": false, \"color\": \"white\", \"borderColor\": \"white\"}, {\"x\": 10, \"y\": 2, \"seat\": true, \"color\": \"white\", \"isBuy\": false, \"isSelected\": false, \"borderColor\": \"black\"}, {\"x\": 10, \"y\": 3, \"seat\": true, \"color\": \"white\", \"isBuy\": false, \"isSelected\": false, \"borderColor\": \"black\"}, {\"x\": 10, \"y\": 4, \"seat\": true, \"color\": \"white\", \"isBuy\": false, \"isSelected\": false, \"borderColor\": \"black\"}, {\"x\": 10, \"y\": 5, \"seat\": true, \"color\": \"white\", \"isBuy\": false, \"isSelected\": false, \"borderColor\": \"black\"}, {\"x\": 10, \"y\": 6, \"seat\": true, \"color\": \"white\", \"isBuy\": false, \"isSelected\": false, \"borderColor\": \"black\"}, {\"x\": 10, \"y\": 7, \"seat\": true, \"color\": \"white\", \"isBuy\": false, \"isSelected\": false, \"borderColor\": \"black\"}, {\"x\": 10, \"y\": 8, \"seat\": true, \"color\": \"white\", \"isBuy\": false, \"isSelected\": false, \"borderColor\": \"black\"}, {\"x\": 10, \"y\": 9, \"seat\": true, \"color\": \"white\", \"isBuy\": false, \"isSelected\": false, \"borderColor\": \"black\"}, {\"x\": 10, \"y\": 10, \"seat\": false, \"color\": \"white\", \"borderColor\": \"white\"}, {\"x\": 10, \"y\": 11, \"seat\": false, \"color\": \"white\", \"borderColor\": \"white\"}, {\"x\": 10, \"y\": 12, \"seat\": true, \"color\": \"white\", \"isBuy\": false, \"isSelected\": false, \"borderColor\": \"black\"}, {\"x\": 10, \"y\": 13, \"seat\": true, \"color\": \"white\", \"isBuy\": false, \"isSelected\": false, \"borderColor\": \"black\"}, {\"x\": 10, \"y\": 14, \"seat\": true, \"color\": \"white\", \"isBuy\": false, \"isSelected\": false, \"borderColor\": \"black\"}, {\"x\": 10, \"y\": 15, \"seat\": true, \"color\": \"white\", \"isBuy\": false, \"isSelected\": false, \"borderColor\": \"black\"}, {\"x\": 10, \"y\": 16, \"seat\": true, \"color\": \"white\", \"isBuy\": false, \"isSelected\": false, \"borderColor\": \"black\"}, {\"x\": 10, \"y\": 17, \"seat\": true, \"color\": \"white\", \"isBuy\": false, \"isSelected\": false, \"borderColor\": \"black\"}, {\"x\": 10, \"y\": 18, \"seat\": true, \"color\": \"white\", \"isBuy\": false, \"isSelected\": false, \"borderColor\": \"black\"}, {\"x\": 10, \"y\": 19, \"seat\": true, \"color\": \"white\", \"isBuy\": false, \"isSelected\": false, \"borderColor\": \"black\"}, {\"x\": 10, \"y\": 20, \"seat\": false, \"color\": \"white\", \"borderColor\": \"white\"}]]','2025-04-30 10:00:00'),('acc68d3adf2541189cb5665f5d9a39c5','cac9ffeb481d439992dfc610d0d106ed','5cd19faca65c4f38b662a176c8b2006d','077158e9eecc4532b0e5b24b53ccf4db','2025-04-30 18:00:00',26.30,'[[{\"x\": 1, \"y\": 1, \"seat\": true, \"color\": \"white\", \"isBuy\": false, \"isSelected\": false, \"borderColor\": \"black\"}, {\"x\": 1, \"y\": 2, \"seat\": true, \"color\": \"white\", \"isBuy\": false, \"isSelected\": false, \"borderColor\": \"black\"}, {\"x\": 1, \"y\": 3, \"seat\": true, \"color\": \"white\", \"isBuy\": false, \"isSelected\": false, \"borderColor\": \"black\"}, {\"x\": 1, \"y\": 4, \"seat\": true, \"color\": \"white\", \"isBuy\": false, \"isSelected\": false, \"borderColor\": \"black\"}, {\"x\": 1, \"y\": 5, \"seat\": true, \"color\": \"white\", \"isBuy\": false, \"isSelected\": false, \"borderColor\": \"black\"}, {\"x\": 1, \"y\": 6, \"seat\": true, \"color\": \"white\", \"isBuy\": false, \"isSelected\": false, \"borderColor\": \"black\"}, {\"x\": 1, \"y\": 7, \"seat\": true, \"color\": \"white\", \"isBuy\": false, \"isSelected\": false, \"borderColor\": \"black\"}, {\"x\": 1, \"y\": 8, \"seat\": true, \"color\": \"white\", \"isBuy\": false, \"isSelected\": false, \"borderColor\": \"black\"}, {\"x\": 1, \"y\": 9, \"seat\": true, \"color\": \"white\", \"isBuy\": false, \"isSelected\": false, \"borderColor\": \"black\"}, {\"x\": 1, \"y\": 10, \"seat\": true, \"color\": \"white\", \"isBuy\": false, \"isSelected\": false, \"borderColor\": \"black\"}, {\"x\": 1, \"y\": 11, \"seat\": true, \"color\": \"white\", \"isBuy\": false, \"isSelected\": false, \"borderColor\": \"black\"}, {\"x\": 1, \"y\": 12, \"seat\": true, \"color\": \"white\", \"isBuy\": false, \"isSelected\": false, \"borderColor\": \"black\"}, {\"x\": 1, \"y\": 13, \"seat\": true, \"color\": \"white\", \"isBuy\": false, \"isSelected\": false, \"borderColor\": \"black\"}, {\"x\": 1, \"y\": 14, \"seat\": true, \"color\": \"white\", \"isBuy\": false, \"isSelected\": false, \"borderColor\": \"black\"}, {\"x\": 1, \"y\": 15, \"seat\": true, \"color\": \"white\", \"isBuy\": false, \"isSelected\": false, \"borderColor\": \"black\"}, {\"x\": 1, \"y\": 16, \"seat\": true, \"color\": \"white\", \"isBuy\": false, \"isSelected\": false, \"borderColor\": \"black\"}, {\"x\": 1, \"y\": 17, \"seat\": true, \"color\": \"white\", \"isBuy\": false, \"isSelected\": false, \"borderColor\": \"black\"}, {\"x\": 1, \"y\": 18, \"seat\": true, \"color\": \"white\", \"isBuy\": false, \"isSelected\": false, \"borderColor\": \"black\"}, {\"x\": 1, \"y\": 19, \"seat\": true, \"color\": \"white\", \"isBuy\": false, \"isSelected\": false, \"borderColor\": \"black\"}, {\"x\": 1, \"y\": 20, \"seat\": true, \"color\": \"white\", \"isBuy\": false, \"isSelected\": false, \"borderColor\": \"black\"}], [{\"x\": 2, \"y\": 1, \"seat\": true, \"color\": \"white\", \"isBuy\": false, \"isSelected\": false, \"borderColor\": \"black\"}, {\"x\": 2, \"y\": 2, \"seat\": true, \"color\": \"white\", \"isBuy\": false, \"isSelected\": false, \"borderColor\": \"black\"}, {\"x\": 2, \"y\": 3, \"seat\": true, \"color\": \"white\", \"isBuy\": false, \"isSelected\": false, \"borderColor\": \"black\"}, {\"x\": 2, \"y\": 4, \"seat\": true, \"color\": \"white\", \"isBuy\": false, \"isSelected\": false, \"borderColor\": \"black\"}, {\"x\": 2, \"y\": 5, \"seat\": true, \"color\": \"white\", \"isBuy\": false, \"isSelected\": false, \"borderColor\": \"black\"}, {\"x\": 2, \"y\": 6, \"seat\": true, \"color\": \"white\", \"isBuy\": false, \"isSelected\": false, \"borderColor\": \"black\"}, {\"x\": 2, \"y\": 7, \"seat\": true, \"color\": \"white\", \"isBuy\": false, \"isSelected\": false, \"borderColor\": \"black\"}, {\"x\": 2, \"y\": 8, \"seat\": true, \"color\": \"white\", \"isBuy\": false, \"isSelected\": false, \"borderColor\": \"black\"}, {\"x\": 2, \"y\": 9, \"seat\": true, \"color\": \"white\", \"isBuy\": false, \"isSelected\": false, \"borderColor\": \"black\"}, {\"x\": 2, \"y\": 10, \"seat\": true, \"color\": \"white\", \"isBuy\": false, \"isSelected\": false, \"borderColor\": \"black\"}, {\"x\": 2, \"y\": 11, \"seat\": true, \"color\": \"white\", \"isBuy\": false, \"isSelected\": false, \"borderColor\": \"black\"}, {\"x\": 2, \"y\": 12, \"seat\": true, \"color\": \"white\", \"isBuy\": false, \"isSelected\": false, \"borderColor\": \"black\"}, {\"x\": 2, \"y\": 13, \"seat\": true, \"color\": \"white\", \"isBuy\": false, \"isSelected\": false, \"borderColor\": \"black\"}, {\"x\": 2, \"y\": 14, \"seat\": true, \"color\": \"white\", \"isBuy\": false, \"isSelected\": false, \"borderColor\": \"black\"}, {\"x\": 2, \"y\": 15, \"seat\": true, \"color\": \"white\", \"isBuy\": false, \"isSelected\": false, \"borderColor\": \"black\"}, {\"x\": 2, \"y\": 16, \"seat\": true, \"color\": \"white\", \"isBuy\": false, \"isSelected\": false, \"borderColor\": \"black\"}, {\"x\": 2, \"y\": 17, \"seat\": true, \"color\": \"white\", \"isBuy\": false, \"isSelected\": false, \"borderColor\": \"black\"}, {\"x\": 2, \"y\": 18, \"seat\": true, \"color\": \"white\", \"isBuy\": false, \"isSelected\": false, \"borderColor\": \"black\"}, {\"x\": 2, \"y\": 19, \"seat\": true, \"color\": \"white\", \"isBuy\": false, \"isSelected\": false, \"borderColor\": \"black\"}, {\"x\": 2, \"y\": 20, \"seat\": true, \"color\": \"white\", \"isBuy\": false, \"isSelected\": false, \"borderColor\": \"black\"}], [{\"x\": 3, \"y\": 1, \"seat\": true, \"color\": \"white\", \"isBuy\": false, \"isSelected\": false, \"borderColor\": \"black\"}, {\"x\": 3, \"y\": 2, \"seat\": true, \"color\": \"white\", \"isBuy\": false, \"isSelected\": false, \"borderColor\": \"black\"}, {\"x\": 3, \"y\": 3, \"seat\": true, \"color\": \"white\", \"isBuy\": false, \"isSelected\": false, \"borderColor\": \"black\"}, {\"x\": 3, \"y\": 4, \"seat\": true, \"color\": \"white\", \"isBuy\": false, \"isSelected\": false, \"borderColor\": \"black\"}, {\"x\": 3, \"y\": 5, \"seat\": true, \"color\": \"white\", \"isBuy\": false, \"isSelected\": false, \"borderColor\": \"black\"}, {\"x\": 3, \"y\": 6, \"seat\": true, \"color\": \"white\", \"isBuy\": false, \"isSelected\": false, \"borderColor\": \"black\"}, {\"x\": 3, \"y\": 7, \"seat\": true, \"color\": \"white\", \"isBuy\": false, \"isSelected\": false, \"borderColor\": \"black\"}, {\"x\": 3, \"y\": 8, \"seat\": true, \"color\": \"white\", \"isBuy\": false, \"isSelected\": false, \"borderColor\": \"black\"}, {\"x\": 3, \"y\": 9, \"seat\": true, \"color\": \"white\", \"isBuy\": false, \"isSelected\": false, \"borderColor\": \"black\"}, {\"x\": 3, \"y\": 10, \"seat\": true, \"color\": \"white\", \"isBuy\": false, \"isSelected\": false, \"borderColor\": \"black\"}, {\"x\": 3, \"y\": 11, \"seat\": true, \"color\": \"white\", \"isBuy\": false, \"isSelected\": false, \"borderColor\": \"black\"}, {\"x\": 3, \"y\": 12, \"seat\": true, \"color\": \"white\", \"isBuy\": false, \"isSelected\": false, \"borderColor\": \"black\"}, {\"x\": 3, \"y\": 13, \"seat\": true, \"color\": \"white\", \"isBuy\": false, \"isSelected\": false, \"borderColor\": \"black\"}, {\"x\": 3, \"y\": 14, \"seat\": true, \"color\": \"white\", \"isBuy\": false, \"isSelected\": false, \"borderColor\": \"black\"}, {\"x\": 3, \"y\": 15, \"seat\": true, \"color\": \"white\", \"isBuy\": false, \"isSelected\": false, \"borderColor\": \"black\"}, {\"x\": 3, \"y\": 16, \"seat\": true, \"color\": \"white\", \"isBuy\": false, \"isSelected\": false, \"borderColor\": \"black\"}, {\"x\": 3, \"y\": 17, \"seat\": true, \"color\": \"white\", \"isBuy\": false, \"isSelected\": false, \"borderColor\": \"black\"}, {\"x\": 3, \"y\": 18, \"seat\": true, \"color\": \"white\", \"isBuy\": false, \"isSelected\": false, \"borderColor\": \"black\"}, {\"x\": 3, \"y\": 19, \"seat\": true, \"color\": \"white\", \"isBuy\": false, \"isSelected\": false, \"borderColor\": \"black\"}, {\"x\": 3, \"y\": 20, \"seat\": true, \"color\": \"white\", \"isBuy\": false, \"isSelected\": false, \"borderColor\": \"black\"}], [{\"x\": 4, \"y\": 1, \"seat\": true, \"color\": \"white\", \"isBuy\": false, \"isSelected\": false, \"borderColor\": \"black\"}, {\"x\": 4, \"y\": 2, \"seat\": true, \"color\": \"white\", \"isBuy\": false, \"isSelected\": false, \"borderColor\": \"black\"}, {\"x\": 4, \"y\": 3, \"seat\": true, \"color\": \"white\", \"isBuy\": false, \"isSelected\": false, \"borderColor\": \"black\"}, {\"x\": 4, \"y\": 4, \"seat\": true, \"color\": \"white\", \"isBuy\": false, \"isSelected\": false, \"borderColor\": \"black\"}, {\"x\": 4, \"y\": 5, \"seat\": true, \"color\": \"white\", \"isBuy\": false, \"isSelected\": false, \"borderColor\": \"black\"}, {\"x\": 4, \"y\": 6, \"seat\": true, \"color\": \"white\", \"isBuy\": false, \"isSelected\": false, \"borderColor\": \"black\"}, {\"x\": 4, \"y\": 7, \"seat\": true, \"color\": \"white\", \"isBuy\": false, \"isSelected\": false, \"borderColor\": \"black\"}, {\"x\": 4, \"y\": 8, \"seat\": true, \"color\": \"white\", \"isBuy\": false, \"isSelected\": false, \"borderColor\": \"black\"}, {\"x\": 4, \"y\": 9, \"seat\": true, \"color\": \"white\", \"isBuy\": false, \"isSelected\": false, \"borderColor\": \"black\"}, {\"x\": 4, \"y\": 10, \"seat\": true, \"color\": \"white\", \"isBuy\": false, \"isSelected\": false, \"borderColor\": \"black\"}, {\"x\": 4, \"y\": 11, \"seat\": true, \"color\": \"white\", \"isBuy\": false, \"isSelected\": false, \"borderColor\": \"black\"}, {\"x\": 4, \"y\": 12, \"seat\": true, \"color\": \"white\", \"isBuy\": false, \"isSelected\": false, \"borderColor\": \"black\"}, {\"x\": 4, \"y\": 13, \"seat\": true, \"color\": \"white\", \"isBuy\": false, \"isSelected\": false, \"borderColor\": \"black\"}, {\"x\": 4, \"y\": 14, \"seat\": true, \"color\": \"white\", \"isBuy\": false, \"isSelected\": false, \"borderColor\": \"black\"}, {\"x\": 4, \"y\": 15, \"seat\": true, \"color\": \"white\", \"isBuy\": false, \"isSelected\": false, \"borderColor\": \"black\"}, {\"x\": 4, \"y\": 16, \"seat\": true, \"color\": \"white\", \"isBuy\": false, \"isSelected\": false, \"borderColor\": \"black\"}, {\"x\": 4, \"y\": 17, \"seat\": true, \"color\": \"white\", \"isBuy\": false, \"isSelected\": false, \"borderColor\": \"black\"}, {\"x\": 4, \"y\": 18, \"seat\": true, \"color\": \"white\", \"isBuy\": false, \"isSelected\": false, \"borderColor\": \"black\"}, {\"x\": 4, \"y\": 19, \"seat\": true, \"color\": \"white\", \"isBuy\": false, \"isSelected\": false, \"borderColor\": \"black\"}, {\"x\": 4, \"y\": 20, \"seat\": true, \"color\": \"white\", \"isBuy\": false, \"isSelected\": false, \"borderColor\": \"black\"}], [{\"x\": 5, \"y\": 1, \"seat\": false, \"color\": \"white\", \"borderColor\": \"white\"}, {\"x\": 5, \"y\": 2, \"seat\": false, \"color\": \"white\", \"borderColor\": \"white\"}, {\"x\": 5, \"y\": 3, \"seat\": false, \"color\": \"white\", \"borderColor\": \"white\"}, {\"x\": 5, \"y\": 4, \"seat\": false, \"color\": \"white\", \"borderColor\": \"white\"}, {\"x\": 5, \"y\": 5, \"seat\": false, \"color\": \"white\", \"borderColor\": \"white\"}, {\"x\": 5, \"y\": 6, \"seat\": false, \"color\": \"white\", \"borderColor\": \"white\"}, {\"x\": 5, \"y\": 7, \"seat\": false, \"color\": \"white\", \"borderColor\": \"white\"}, {\"x\": 5, \"y\": 8, \"seat\": false, \"color\": \"white\", \"borderColor\": \"white\"}, {\"x\": 5, \"y\": 9, \"seat\": false, \"color\": \"white\", \"borderColor\": \"white\"}, {\"x\": 5, \"y\": 10, \"seat\": false, \"color\": \"white\", \"borderColor\": \"white\"}, {\"x\": 5, \"y\": 11, \"seat\": false, \"color\": \"white\", \"borderColor\": \"white\"}, {\"x\": 5, \"y\": 12, \"seat\": false, \"color\": \"white\", \"borderColor\": \"white\"}, {\"x\": 5, \"y\": 13, \"seat\": false, \"color\": \"white\", \"borderColor\": \"white\"}, {\"x\": 5, \"y\": 14, \"seat\": false, \"color\": \"white\", \"borderColor\": \"white\"}, {\"x\": 5, \"y\": 15, \"seat\": false, \"color\": \"white\", \"borderColor\": \"white\"}, {\"x\": 5, \"y\": 16, \"seat\": false, \"color\": \"white\", \"borderColor\": \"white\"}, {\"x\": 5, \"y\": 17, \"seat\": false, \"color\": \"white\", \"borderColor\": \"white\"}, {\"x\": 5, \"y\": 18, \"seat\": false, \"color\": \"white\", \"borderColor\": \"white\"}, {\"x\": 5, \"y\": 19, \"seat\": false, \"color\": \"white\", \"borderColor\": \"white\"}, {\"x\": 5, \"y\": 20, \"seat\": false, \"color\": \"white\", \"borderColor\": \"white\"}], [{\"x\": 6, \"y\": 1, \"seat\": false, \"color\": \"white\", \"borderColor\": \"white\"}, {\"x\": 6, \"y\": 2, \"seat\": true, \"color\": \"white\", \"isBuy\": false, \"isSelected\": false, \"borderColor\": \"black\"}, {\"x\": 6, \"y\": 3, \"seat\": true, \"color\": \"white\", \"isBuy\": false, \"isSelected\": false, \"borderColor\": \"black\"}, {\"x\": 6, \"y\": 4, \"seat\": true, \"color\": \"white\", \"isBuy\": false, \"isSelected\": false, \"borderColor\": \"black\"}, {\"x\": 6, \"y\": 5, \"seat\": true, \"color\": \"white\", \"isBuy\": false, \"isSelected\": false, \"borderColor\": \"black\"}, {\"x\": 6, \"y\": 6, \"seat\": true, \"color\": \"white\", \"isBuy\": false, \"isSelected\": false, \"borderColor\": \"black\"}, {\"x\": 6, \"y\": 7, \"seat\": true, \"color\": \"white\", \"isBuy\": false, \"isSelected\": false, \"borderColor\": \"black\"}, {\"x\": 6, \"y\": 8, \"seat\": true, \"color\": \"white\", \"isBuy\": false, \"isSelected\": false, \"borderColor\": \"black\"}, {\"x\": 6, \"y\": 9, \"seat\": true, \"color\": \"white\", \"isBuy\": false, \"isSelected\": false, \"borderColor\": \"black\"}, {\"x\": 6, \"y\": 10, \"seat\": false, \"color\": \"white\", \"borderColor\": \"white\"}, {\"x\": 6, \"y\": 11, \"seat\": false, \"color\": \"white\", \"borderColor\": \"white\"}, {\"x\": 6, \"y\": 12, \"seat\": true, \"color\": \"white\", \"isBuy\": false, \"isSelected\": false, \"borderColor\": \"black\"}, {\"x\": 6, \"y\": 13, \"seat\": true, \"color\": \"white\", \"isBuy\": false, \"isSelected\": false, \"borderColor\": \"black\"}, {\"x\": 6, \"y\": 14, \"seat\": true, \"color\": \"white\", \"isBuy\": false, \"isSelected\": false, \"borderColor\": \"black\"}, {\"x\": 6, \"y\": 15, \"seat\": true, \"color\": \"white\", \"isBuy\": false, \"isSelected\": false, \"borderColor\": \"black\"}, {\"x\": 6, \"y\": 16, \"seat\": true, \"color\": \"white\", \"isBuy\": false, \"isSelected\": false, \"borderColor\": \"black\"}, {\"x\": 6, \"y\": 17, \"seat\": true, \"color\": \"white\", \"isBuy\": false, \"isSelected\": false, \"borderColor\": \"black\"}, {\"x\": 6, \"y\": 18, \"seat\": true, \"color\": \"white\", \"isBuy\": false, \"isSelected\": false, \"borderColor\": \"black\"}, {\"x\": 6, \"y\": 19, \"seat\": true, \"color\": \"white\", \"isBuy\": false, \"isSelected\": false, \"borderColor\": \"black\"}, {\"x\": 6, \"y\": 20, \"seat\": false, \"color\": \"white\", \"borderColor\": \"white\"}], [{\"x\": 7, \"y\": 1, \"seat\": false, \"color\": \"white\", \"borderColor\": \"white\"}, {\"x\": 7, \"y\": 2, \"seat\": true, \"color\": \"white\", \"isBuy\": false, \"isSelected\": false, \"borderColor\": \"black\"}, {\"x\": 7, \"y\": 3, \"seat\": true, \"color\": \"white\", \"isBuy\": false, \"isSelected\": false, \"borderColor\": \"black\"}, {\"x\": 7, \"y\": 4, \"seat\": true, \"color\": \"white\", \"isBuy\": false, \"isSelected\": false, \"borderColor\": \"black\"}, {\"x\": 7, \"y\": 5, \"seat\": true, \"color\": \"white\", \"isBuy\": false, \"isSelected\": false, \"borderColor\": \"black\"}, {\"x\": 7, \"y\": 6, \"seat\": true, \"color\": \"white\", \"isBuy\": false, \"isSelected\": false, \"borderColor\": \"black\"}, {\"x\": 7, \"y\": 7, \"seat\": true, \"color\": \"white\", \"isBuy\": false, \"isSelected\": false, \"borderColor\": \"black\"}, {\"x\": 7, \"y\": 8, \"seat\": true, \"color\": \"white\", \"isBuy\": false, \"isSelected\": false, \"borderColor\": \"black\"}, {\"x\": 7, \"y\": 9, \"seat\": true, \"color\": \"white\", \"isBuy\": false, \"isSelected\": false, \"borderColor\": \"black\"}, {\"x\": 7, \"y\": 10, \"seat\": false, \"color\": \"white\", \"borderColor\": \"white\"}, {\"x\": 7, \"y\": 11, \"seat\": false, \"color\": \"white\", \"borderColor\": \"white\"}, {\"x\": 7, \"y\": 12, \"seat\": true, \"color\": \"white\", \"isBuy\": false, \"isSelected\": false, \"borderColor\": \"black\"}, {\"x\": 7, \"y\": 13, \"seat\": true, \"color\": \"white\", \"isBuy\": false, \"isSelected\": false, \"borderColor\": \"black\"}, {\"x\": 7, \"y\": 14, \"seat\": true, \"color\": \"white\", \"isBuy\": false, \"isSelected\": false, \"borderColor\": \"black\"}, {\"x\": 7, \"y\": 15, \"seat\": true, \"color\": \"white\", \"isBuy\": false, \"isSelected\": false, \"borderColor\": \"black\"}, {\"x\": 7, \"y\": 16, \"seat\": true, \"color\": \"white\", \"isBuy\": false, \"isSelected\": false, \"borderColor\": \"black\"}, {\"x\": 7, \"y\": 17, \"seat\": true, \"color\": \"white\", \"isBuy\": false, \"isSelected\": false, \"borderColor\": \"black\"}, {\"x\": 7, \"y\": 18, \"seat\": true, \"color\": \"white\", \"isBuy\": false, \"isSelected\": false, \"borderColor\": \"black\"}, {\"x\": 7, \"y\": 19, \"seat\": true, \"color\": \"white\", \"isBuy\": false, \"isSelected\": false, \"borderColor\": \"black\"}, {\"x\": 7, \"y\": 20, \"seat\": false, \"color\": \"white\", \"borderColor\": \"white\"}], [{\"x\": 8, \"y\": 1, \"seat\": false, \"color\": \"white\", \"borderColor\": \"white\"}, {\"x\": 8, \"y\": 2, \"seat\": true, \"color\": \"white\", \"isBuy\": false, \"isSelected\": false, \"borderColor\": \"black\"}, {\"x\": 8, \"y\": 3, \"seat\": true, \"color\": \"white\", \"isBuy\": false, \"isSelected\": false, \"borderColor\": \"black\"}, {\"x\": 8, \"y\": 4, \"seat\": true, \"color\": \"white\", \"isBuy\": false, \"isSelected\": false, \"borderColor\": \"black\"}, {\"x\": 8, \"y\": 5, \"seat\": true, \"color\": \"white\", \"isBuy\": false, \"isSelected\": false, \"borderColor\": \"black\"}, {\"x\": 8, \"y\": 6, \"seat\": true, \"color\": \"white\", \"isBuy\": false, \"isSelected\": false, \"borderColor\": \"black\"}, {\"x\": 8, \"y\": 7, \"seat\": true, \"color\": \"white\", \"isBuy\": false, \"isSelected\": false, \"borderColor\": \"black\"}, {\"x\": 8, \"y\": 8, \"seat\": true, \"color\": \"white\", \"isBuy\": false, \"isSelected\": false, \"borderColor\": \"black\"}, {\"x\": 8, \"y\": 9, \"seat\": true, \"color\": \"white\", \"isBuy\": false, \"isSelected\": false, \"borderColor\": \"black\"}, {\"x\": 8, \"y\": 10, \"seat\": false, \"color\": \"white\", \"borderColor\": \"white\"}, {\"x\": 8, \"y\": 11, \"seat\": false, \"color\": \"white\", \"borderColor\": \"white\"}, {\"x\": 8, \"y\": 12, \"seat\": true, \"color\": \"white\", \"isBuy\": false, \"isSelected\": false, \"borderColor\": \"black\"}, {\"x\": 8, \"y\": 13, \"seat\": true, \"color\": \"white\", \"isBuy\": false, \"isSelected\": false, \"borderColor\": \"black\"}, {\"x\": 8, \"y\": 14, \"seat\": true, \"color\": \"white\", \"isBuy\": false, \"isSelected\": false, \"borderColor\": \"black\"}, {\"x\": 8, \"y\": 15, \"seat\": true, \"color\": \"white\", \"isBuy\": false, \"isSelected\": false, \"borderColor\": \"black\"}, {\"x\": 8, \"y\": 16, \"seat\": true, \"color\": \"white\", \"isBuy\": false, \"isSelected\": false, \"borderColor\": \"black\"}, {\"x\": 8, \"y\": 17, \"seat\": true, \"color\": \"white\", \"isBuy\": false, \"isSelected\": false, \"borderColor\": \"black\"}, {\"x\": 8, \"y\": 18, \"seat\": true, \"color\": \"white\", \"isBuy\": false, \"isSelected\": false, \"borderColor\": \"black\"}, {\"x\": 8, \"y\": 19, \"seat\": true, \"color\": \"white\", \"isBuy\": false, \"isSelected\": false, \"borderColor\": \"black\"}, {\"x\": 8, \"y\": 20, \"seat\": false, \"color\": \"white\", \"borderColor\": \"white\"}], [{\"x\": 9, \"y\": 1, \"seat\": false, \"color\": \"white\", \"borderColor\": \"white\"}, {\"x\": 9, \"y\": 2, \"seat\": true, \"color\": \"white\", \"isBuy\": false, \"isSelected\": false, \"borderColor\": \"black\"}, {\"x\": 9, \"y\": 3, \"seat\": true, \"color\": \"white\", \"isBuy\": false, \"isSelected\": false, \"borderColor\": \"black\"}, {\"x\": 9, \"y\": 4, \"seat\": true, \"color\": \"white\", \"isBuy\": false, \"isSelected\": false, \"borderColor\": \"black\"}, {\"x\": 9, \"y\": 5, \"seat\": true, \"color\": \"white\", \"isBuy\": false, \"isSelected\": false, \"borderColor\": \"black\"}, {\"x\": 9, \"y\": 6, \"seat\": true, \"color\": \"white\", \"isBuy\": false, \"isSelected\": false, \"borderColor\": \"black\"}, {\"x\": 9, \"y\": 7, \"seat\": true, \"color\": \"white\", \"isBuy\": false, \"isSelected\": false, \"borderColor\": \"black\"}, {\"x\": 9, \"y\": 8, \"seat\": true, \"color\": \"white\", \"isBuy\": false, \"isSelected\": false, \"borderColor\": \"black\"}, {\"x\": 9, \"y\": 9, \"seat\": true, \"color\": \"white\", \"isBuy\": false, \"isSelected\": false, \"borderColor\": \"black\"}, {\"x\": 9, \"y\": 10, \"seat\": false, \"color\": \"white\", \"borderColor\": \"white\"}, {\"x\": 9, \"y\": 11, \"seat\": false, \"color\": \"white\", \"borderColor\": \"white\"}, {\"x\": 9, \"y\": 12, \"seat\": true, \"color\": \"white\", \"isBuy\": false, \"isSelected\": false, \"borderColor\": \"black\"}, {\"x\": 9, \"y\": 13, \"seat\": true, \"color\": \"white\", \"isBuy\": false, \"isSelected\": false, \"borderColor\": \"black\"}, {\"x\": 9, \"y\": 14, \"seat\": true, \"color\": \"white\", \"isBuy\": false, \"isSelected\": false, \"borderColor\": \"black\"}, {\"x\": 9, \"y\": 15, \"seat\": true, \"color\": \"white\", \"isBuy\": false, \"isSelected\": false, \"borderColor\": \"black\"}, {\"x\": 9, \"y\": 16, \"seat\": true, \"color\": \"white\", \"isBuy\": false, \"isSelected\": false, \"borderColor\": \"black\"}, {\"x\": 9, \"y\": 17, \"seat\": true, \"color\": \"white\", \"isBuy\": false, \"isSelected\": false, \"borderColor\": \"black\"}, {\"x\": 9, \"y\": 18, \"seat\": true, \"color\": \"white\", \"isBuy\": false, \"isSelected\": false, \"borderColor\": \"black\"}, {\"x\": 9, \"y\": 19, \"seat\": true, \"color\": \"white\", \"isBuy\": false, \"isSelected\": false, \"borderColor\": \"black\"}, {\"x\": 9, \"y\": 20, \"seat\": false, \"color\": \"white\", \"borderColor\": \"white\"}], [{\"x\": 10, \"y\": 1, \"seat\": false, \"color\": \"white\", \"borderColor\": \"white\"}, {\"x\": 10, \"y\": 2, \"seat\": true, \"color\": \"white\", \"isBuy\": false, \"isSelected\": false, \"borderColor\": \"black\"}, {\"x\": 10, \"y\": 3, \"seat\": true, \"color\": \"white\", \"isBuy\": false, \"isSelected\": false, \"borderColor\": \"black\"}, {\"x\": 10, \"y\": 4, \"seat\": true, \"color\": \"white\", \"isBuy\": false, \"isSelected\": false, \"borderColor\": \"black\"}, {\"x\": 10, \"y\": 5, \"seat\": true, \"color\": \"white\", \"isBuy\": false, \"isSelected\": false, \"borderColor\": \"black\"}, {\"x\": 10, \"y\": 6, \"seat\": true, \"color\": \"white\", \"isBuy\": false, \"isSelected\": false, \"borderColor\": \"black\"}, {\"x\": 10, \"y\": 7, \"seat\": true, \"color\": \"white\", \"isBuy\": false, \"isSelected\": false, \"borderColor\": \"black\"}, {\"x\": 10, \"y\": 8, \"seat\": true, \"color\": \"white\", \"isBuy\": false, \"isSelected\": false, \"borderColor\": \"black\"}, {\"x\": 10, \"y\": 9, \"seat\": true, \"color\": \"white\", \"isBuy\": false, \"isSelected\": false, \"borderColor\": \"black\"}, {\"x\": 10, \"y\": 10, \"seat\": false, \"color\": \"white\", \"borderColor\": \"white\"}, {\"x\": 10, \"y\": 11, \"seat\": false, \"color\": \"white\", \"borderColor\": \"white\"}, {\"x\": 10, \"y\": 12, \"seat\": true, \"color\": \"white\", \"isBuy\": false, \"isSelected\": false, \"borderColor\": \"black\"}, {\"x\": 10, \"y\": 13, \"seat\": true, \"color\": \"white\", \"isBuy\": false, \"isSelected\": false, \"borderColor\": \"black\"}, {\"x\": 10, \"y\": 14, \"seat\": true, \"color\": \"white\", \"isBuy\": false, \"isSelected\": false, \"borderColor\": \"black\"}, {\"x\": 10, \"y\": 15, \"seat\": true, \"color\": \"white\", \"isBuy\": false, \"isSelected\": false, \"borderColor\": \"black\"}, {\"x\": 10, \"y\": 16, \"seat\": true, \"color\": \"white\", \"isBuy\": false, \"isSelected\": false, \"borderColor\": \"black\"}, {\"x\": 10, \"y\": 17, \"seat\": true, \"color\": \"white\", \"isBuy\": false, \"isSelected\": false, \"borderColor\": \"black\"}, {\"x\": 10, \"y\": 18, \"seat\": true, \"color\": \"white\", \"isBuy\": false, \"isSelected\": false, \"borderColor\": \"black\"}, {\"x\": 10, \"y\": 19, \"seat\": true, \"color\": \"white\", \"isBuy\": false, \"isSelected\": false, \"borderColor\": \"black\"}, {\"x\": 10, \"y\": 20, \"seat\": false, \"color\": \"white\", \"borderColor\": \"white\"}]]','2025-04-30 20:00:00'),('c437fd1726904dbc8b42a1bc53eef616','cac9ffeb481d439992dfc610d0d106ed','b6d825944ee241998d0723336c407f79','077158e9eecc4532b0e5b24b53ccf4db','2025-04-30 10:00:00',39.60,'[[{\"x\": 1, \"y\": 1, \"seat\": true, \"color\": \"white\", \"isBuy\": false, \"isSelected\": false, \"borderColor\": \"black\"}, {\"x\": 1, \"y\": 2, \"seat\": true, \"color\": \"white\", \"isBuy\": false, \"isSelected\": false, \"borderColor\": \"black\"}, {\"x\": 1, \"y\": 3, \"seat\": true, \"color\": \"white\", \"isBuy\": false, \"isSelected\": false, \"borderColor\": \"black\"}, {\"x\": 1, \"y\": 4, \"seat\": true, \"color\": \"white\", \"isBuy\": false, \"isSelected\": false, \"borderColor\": \"black\"}, {\"x\": 1, \"y\": 5, \"seat\": true, \"color\": \"white\", \"isBuy\": false, \"isSelected\": false, \"borderColor\": \"black\"}, {\"x\": 1, \"y\": 6, \"seat\": true, \"color\": \"white\", \"isBuy\": false, \"isSelected\": false, \"borderColor\": \"black\"}, {\"x\": 1, \"y\": 7, \"seat\": true, \"color\": \"white\", \"isBuy\": false, \"isSelected\": false, \"borderColor\": \"black\"}, {\"x\": 1, \"y\": 8, \"seat\": true, \"color\": \"white\", \"isBuy\": false, \"isSelected\": false, \"borderColor\": \"black\"}, {\"x\": 1, \"y\": 9, \"seat\": true, \"color\": \"white\", \"isBuy\": false, \"isSelected\": false, \"borderColor\": \"black\"}, {\"x\": 1, \"y\": 10, \"seat\": true, \"color\": \"white\", \"isBuy\": false, \"isSelected\": false, \"borderColor\": \"black\"}, {\"x\": 1, \"y\": 11, \"seat\": true, \"color\": \"white\", \"isBuy\": false, \"isSelected\": false, \"borderColor\": \"black\"}, {\"x\": 1, \"y\": 12, \"seat\": true, \"color\": \"white\", \"isBuy\": false, \"isSelected\": false, \"borderColor\": \"black\"}, {\"x\": 1, \"y\": 13, \"seat\": true, \"color\": \"white\", \"isBuy\": false, \"isSelected\": false, \"borderColor\": \"black\"}, {\"x\": 1, \"y\": 14, \"seat\": true, \"color\": \"white\", \"isBuy\": false, \"isSelected\": false, \"borderColor\": \"black\"}, {\"x\": 1, \"y\": 15, \"seat\": true, \"color\": \"white\", \"isBuy\": false, \"isSelected\": false, \"borderColor\": \"black\"}, {\"x\": 1, \"y\": 16, \"seat\": true, \"color\": \"white\", \"isBuy\": false, \"isSelected\": false, \"borderColor\": \"black\"}, {\"x\": 1, \"y\": 17, \"seat\": true, \"color\": \"white\", \"isBuy\": false, \"isSelected\": false, \"borderColor\": \"black\"}, {\"x\": 1, \"y\": 18, \"seat\": true, \"color\": \"white\", \"isBuy\": false, \"isSelected\": false, \"borderColor\": \"black\"}, {\"x\": 1, \"y\": 19, \"seat\": true, \"color\": \"white\", \"isBuy\": false, \"isSelected\": false, \"borderColor\": \"black\"}, {\"x\": 1, \"y\": 20, \"seat\": true, \"color\": \"white\", \"isBuy\": false, \"isSelected\": false, \"borderColor\": \"black\"}], [{\"x\": 2, \"y\": 1, \"seat\": true, \"color\": \"white\", \"isBuy\": false, \"isSelected\": false, \"borderColor\": \"black\"}, {\"x\": 2, \"y\": 2, \"seat\": true, \"color\": \"white\", \"isBuy\": false, \"isSelected\": false, \"borderColor\": \"black\"}, {\"x\": 2, \"y\": 3, \"seat\": true, \"color\": \"white\", \"isBuy\": false, \"isSelected\": false, \"borderColor\": \"black\"}, {\"x\": 2, \"y\": 4, \"seat\": true, \"color\": \"white\", \"isBuy\": false, \"isSelected\": false, \"borderColor\": \"black\"}, {\"x\": 2, \"y\": 5, \"seat\": true, \"color\": \"white\", \"isBuy\": false, \"isSelected\": false, \"borderColor\": \"black\"}, {\"x\": 2, \"y\": 6, \"seat\": true, \"color\": \"white\", \"isBuy\": false, \"isSelected\": false, \"borderColor\": \"black\"}, {\"x\": 2, \"y\": 7, \"seat\": true, \"color\": \"white\", \"isBuy\": false, \"isSelected\": false, \"borderColor\": \"black\"}, {\"x\": 2, \"y\": 8, \"seat\": true, \"color\": \"white\", \"isBuy\": false, \"isSelected\": false, \"borderColor\": \"black\"}, {\"x\": 2, \"y\": 9, \"seat\": true, \"color\": \"white\", \"isBuy\": false, \"isSelected\": false, \"borderColor\": \"black\"}, {\"x\": 2, \"y\": 10, \"seat\": true, \"color\": \"white\", \"isBuy\": false, \"isSelected\": false, \"borderColor\": \"black\"}, {\"x\": 2, \"y\": 11, \"seat\": true, \"color\": \"white\", \"isBuy\": false, \"isSelected\": false, \"borderColor\": \"black\"}, {\"x\": 2, \"y\": 12, \"seat\": true, \"color\": \"white\", \"isBuy\": false, \"isSelected\": false, \"borderColor\": \"black\"}, {\"x\": 2, \"y\": 13, \"seat\": true, \"color\": \"white\", \"isBuy\": false, \"isSelected\": false, \"borderColor\": \"black\"}, {\"x\": 2, \"y\": 14, \"seat\": true, \"color\": \"white\", \"isBuy\": false, \"isSelected\": false, \"borderColor\": \"black\"}, {\"x\": 2, \"y\": 15, \"seat\": true, \"color\": \"white\", \"isBuy\": false, \"isSelected\": false, \"borderColor\": \"black\"}, {\"x\": 2, \"y\": 16, \"seat\": true, \"color\": \"white\", \"isBuy\": false, \"isSelected\": false, \"borderColor\": \"black\"}, {\"x\": 2, \"y\": 17, \"seat\": true, \"color\": \"white\", \"isBuy\": false, \"isSelected\": false, \"borderColor\": \"black\"}, {\"x\": 2, \"y\": 18, \"seat\": true, \"color\": \"white\", \"isBuy\": false, \"isSelected\": false, \"borderColor\": \"black\"}, {\"x\": 2, \"y\": 19, \"seat\": true, \"color\": \"white\", \"isBuy\": false, \"isSelected\": false, \"borderColor\": \"black\"}, {\"x\": 2, \"y\": 20, \"seat\": true, \"color\": \"white\", \"isBuy\": false, \"isSelected\": false, \"borderColor\": \"black\"}], [{\"x\": 3, \"y\": 1, \"seat\": true, \"color\": \"white\", \"isBuy\": false, \"isSelected\": false, \"borderColor\": \"black\"}, {\"x\": 3, \"y\": 2, \"seat\": true, \"color\": \"white\", \"isBuy\": false, \"isSelected\": false, \"borderColor\": \"black\"}, {\"x\": 3, \"y\": 3, \"seat\": true, \"color\": \"white\", \"isBuy\": false, \"isSelected\": false, \"borderColor\": \"black\"}, {\"x\": 3, \"y\": 4, \"seat\": true, \"color\": \"white\", \"isBuy\": false, \"isSelected\": false, \"borderColor\": \"black\"}, {\"x\": 3, \"y\": 5, \"seat\": true, \"color\": \"white\", \"isBuy\": false, \"isSelected\": false, \"borderColor\": \"black\"}, {\"x\": 3, \"y\": 6, \"seat\": true, \"color\": \"white\", \"isBuy\": false, \"isSelected\": false, \"borderColor\": \"black\"}, {\"x\": 3, \"y\": 7, \"seat\": true, \"color\": \"white\", \"isBuy\": false, \"isSelected\": false, \"borderColor\": \"black\"}, {\"x\": 3, \"y\": 8, \"seat\": true, \"color\": \"white\", \"isBuy\": false, \"isSelected\": false, \"borderColor\": \"black\"}, {\"x\": 3, \"y\": 9, \"seat\": true, \"color\": \"white\", \"isBuy\": false, \"isSelected\": false, \"borderColor\": \"black\"}, {\"x\": 3, \"y\": 10, \"seat\": true, \"color\": \"white\", \"isBuy\": false, \"isSelected\": false, \"borderColor\": \"black\"}, {\"x\": 3, \"y\": 11, \"seat\": true, \"color\": \"white\", \"isBuy\": false, \"isSelected\": false, \"borderColor\": \"black\"}, {\"x\": 3, \"y\": 12, \"seat\": true, \"color\": \"white\", \"isBuy\": false, \"isSelected\": false, \"borderColor\": \"black\"}, {\"x\": 3, \"y\": 13, \"seat\": true, \"color\": \"white\", \"isBuy\": false, \"isSelected\": false, \"borderColor\": \"black\"}, {\"x\": 3, \"y\": 14, \"seat\": true, \"color\": \"white\", \"isBuy\": false, \"isSelected\": false, \"borderColor\": \"black\"}, {\"x\": 3, \"y\": 15, \"seat\": true, \"color\": \"white\", \"isBuy\": false, \"isSelected\": false, \"borderColor\": \"black\"}, {\"x\": 3, \"y\": 16, \"seat\": true, \"color\": \"white\", \"isBuy\": false, \"isSelected\": false, \"borderColor\": \"black\"}, {\"x\": 3, \"y\": 17, \"seat\": true, \"color\": \"white\", \"isBuy\": false, \"isSelected\": false, \"borderColor\": \"black\"}, {\"x\": 3, \"y\": 18, \"seat\": true, \"color\": \"white\", \"isBuy\": false, \"isSelected\": false, \"borderColor\": \"black\"}, {\"x\": 3, \"y\": 19, \"seat\": true, \"color\": \"white\", \"isBuy\": false, \"isSelected\": false, \"borderColor\": \"black\"}, {\"x\": 3, \"y\": 20, \"seat\": true, \"color\": \"white\", \"isBuy\": false, \"isSelected\": false, \"borderColor\": \"black\"}], [{\"x\": 4, \"y\": 1, \"seat\": true, \"color\": \"white\", \"isBuy\": false, \"isSelected\": false, \"borderColor\": \"black\"}, {\"x\": 4, \"y\": 2, \"seat\": true, \"color\": \"white\", \"isBuy\": false, \"isSelected\": false, \"borderColor\": \"black\"}, {\"x\": 4, \"y\": 3, \"seat\": true, \"color\": \"white\", \"isBuy\": false, \"isSelected\": false, \"borderColor\": \"black\"}, {\"x\": 4, \"y\": 4, \"seat\": true, \"color\": \"white\", \"isBuy\": false, \"isSelected\": false, \"borderColor\": \"black\"}, {\"x\": 4, \"y\": 5, \"seat\": true, \"color\": \"white\", \"isBuy\": false, \"isSelected\": false, \"borderColor\": \"black\"}, {\"x\": 4, \"y\": 6, \"seat\": true, \"color\": \"white\", \"isBuy\": false, \"isSelected\": false, \"borderColor\": \"black\"}, {\"x\": 4, \"y\": 7, \"seat\": true, \"color\": \"white\", \"isBuy\": false, \"isSelected\": false, \"borderColor\": \"black\"}, {\"x\": 4, \"y\": 8, \"seat\": true, \"color\": \"white\", \"isBuy\": false, \"isSelected\": false, \"borderColor\": \"black\"}, {\"x\": 4, \"y\": 9, \"seat\": true, \"color\": \"white\", \"isBuy\": false, \"isSelected\": false, \"borderColor\": \"black\"}, {\"x\": 4, \"y\": 10, \"seat\": true, \"color\": \"white\", \"isBuy\": false, \"isSelected\": false, \"borderColor\": \"black\"}, {\"x\": 4, \"y\": 11, \"seat\": true, \"color\": \"white\", \"isBuy\": false, \"isSelected\": false, \"borderColor\": \"black\"}, {\"x\": 4, \"y\": 12, \"seat\": true, \"color\": \"white\", \"isBuy\": false, \"isSelected\": false, \"borderColor\": \"black\"}, {\"x\": 4, \"y\": 13, \"seat\": true, \"color\": \"white\", \"isBuy\": false, \"isSelected\": false, \"borderColor\": \"black\"}, {\"x\": 4, \"y\": 14, \"seat\": true, \"color\": \"white\", \"isBuy\": false, \"isSelected\": false, \"borderColor\": \"black\"}, {\"x\": 4, \"y\": 15, \"seat\": true, \"color\": \"white\", \"isBuy\": false, \"isSelected\": false, \"borderColor\": \"black\"}, {\"x\": 4, \"y\": 16, \"seat\": true, \"color\": \"white\", \"isBuy\": false, \"isSelected\": false, \"borderColor\": \"black\"}, {\"x\": 4, \"y\": 17, \"seat\": true, \"color\": \"white\", \"isBuy\": false, \"isSelected\": false, \"borderColor\": \"black\"}, {\"x\": 4, \"y\": 18, \"seat\": true, \"color\": \"white\", \"isBuy\": false, \"isSelected\": false, \"borderColor\": \"black\"}, {\"x\": 4, \"y\": 19, \"seat\": true, \"color\": \"white\", \"isBuy\": false, \"isSelected\": false, \"borderColor\": \"black\"}, {\"x\": 4, \"y\": 20, \"seat\": true, \"color\": \"white\", \"isBuy\": false, \"isSelected\": false, \"borderColor\": \"black\"}], [{\"x\": 5, \"y\": 1, \"seat\": false, \"color\": \"white\", \"borderColor\": \"white\"}, {\"x\": 5, \"y\": 2, \"seat\": false, \"color\": \"white\", \"borderColor\": \"white\"}, {\"x\": 5, \"y\": 3, \"seat\": false, \"color\": \"white\", \"borderColor\": \"white\"}, {\"x\": 5, \"y\": 4, \"seat\": false, \"color\": \"white\", \"borderColor\": \"white\"}, {\"x\": 5, \"y\": 5, \"seat\": false, \"color\": \"white\", \"borderColor\": \"white\"}, {\"x\": 5, \"y\": 6, \"seat\": false, \"color\": \"white\", \"borderColor\": \"white\"}, {\"x\": 5, \"y\": 7, \"seat\": false, \"color\": \"white\", \"borderColor\": \"white\"}, {\"x\": 5, \"y\": 8, \"seat\": false, \"color\": \"white\", \"borderColor\": \"white\"}, {\"x\": 5, \"y\": 9, \"seat\": false, \"color\": \"white\", \"borderColor\": \"white\"}, {\"x\": 5, \"y\": 10, \"seat\": false, \"color\": \"white\", \"borderColor\": \"white\"}, {\"x\": 5, \"y\": 11, \"seat\": false, \"color\": \"white\", \"borderColor\": \"white\"}, {\"x\": 5, \"y\": 12, \"seat\": false, \"color\": \"white\", \"borderColor\": \"white\"}, {\"x\": 5, \"y\": 13, \"seat\": false, \"color\": \"white\", \"borderColor\": \"white\"}, {\"x\": 5, \"y\": 14, \"seat\": false, \"color\": \"white\", \"borderColor\": \"white\"}, {\"x\": 5, \"y\": 15, \"seat\": false, \"color\": \"white\", \"borderColor\": \"white\"}, {\"x\": 5, \"y\": 16, \"seat\": false, \"color\": \"white\", \"borderColor\": \"white\"}, {\"x\": 5, \"y\": 17, \"seat\": false, \"color\": \"white\", \"borderColor\": \"white\"}, {\"x\": 5, \"y\": 18, \"seat\": false, \"color\": \"white\", \"borderColor\": \"white\"}, {\"x\": 5, \"y\": 19, \"seat\": false, \"color\": \"white\", \"borderColor\": \"white\"}, {\"x\": 5, \"y\": 20, \"seat\": false, \"color\": \"white\", \"borderColor\": \"white\"}], [{\"x\": 6, \"y\": 1, \"seat\": false, \"color\": \"white\", \"borderColor\": \"white\"}, {\"x\": 6, \"y\": 2, \"seat\": true, \"color\": \"white\", \"isBuy\": false, \"isSelected\": false, \"borderColor\": \"black\"}, {\"x\": 6, \"y\": 3, \"seat\": true, \"color\": \"white\", \"isBuy\": false, \"isSelected\": false, \"borderColor\": \"black\"}, {\"x\": 6, \"y\": 4, \"seat\": true, \"color\": \"white\", \"isBuy\": false, \"isSelected\": false, \"borderColor\": \"black\"}, {\"x\": 6, \"y\": 5, \"seat\": true, \"color\": \"white\", \"isBuy\": false, \"isSelected\": false, \"borderColor\": \"black\"}, {\"x\": 6, \"y\": 6, \"seat\": true, \"color\": \"white\", \"isBuy\": false, \"isSelected\": false, \"borderColor\": \"black\"}, {\"x\": 6, \"y\": 7, \"seat\": true, \"color\": \"white\", \"isBuy\": false, \"isSelected\": false, \"borderColor\": \"black\"}, {\"x\": 6, \"y\": 8, \"seat\": true, \"color\": \"white\", \"isBuy\": false, \"isSelected\": false, \"borderColor\": \"black\"}, {\"x\": 6, \"y\": 9, \"seat\": true, \"color\": \"white\", \"isBuy\": false, \"isSelected\": false, \"borderColor\": \"black\"}, {\"x\": 6, \"y\": 10, \"seat\": false, \"color\": \"white\", \"borderColor\": \"white\"}, {\"x\": 6, \"y\": 11, \"seat\": false, \"color\": \"white\", \"borderColor\": \"white\"}, {\"x\": 6, \"y\": 12, \"seat\": true, \"color\": \"white\", \"isBuy\": false, \"isSelected\": false, \"borderColor\": \"black\"}, {\"x\": 6, \"y\": 13, \"seat\": true, \"color\": \"white\", \"isBuy\": false, \"isSelected\": false, \"borderColor\": \"black\"}, {\"x\": 6, \"y\": 14, \"seat\": true, \"color\": \"white\", \"isBuy\": false, \"isSelected\": false, \"borderColor\": \"black\"}, {\"x\": 6, \"y\": 15, \"seat\": true, \"color\": \"white\", \"isBuy\": false, \"isSelected\": false, \"borderColor\": \"black\"}, {\"x\": 6, \"y\": 16, \"seat\": true, \"color\": \"white\", \"isBuy\": false, \"isSelected\": false, \"borderColor\": \"black\"}, {\"x\": 6, \"y\": 17, \"seat\": true, \"color\": \"white\", \"isBuy\": false, \"isSelected\": false, \"borderColor\": \"black\"}, {\"x\": 6, \"y\": 18, \"seat\": true, \"color\": \"white\", \"isBuy\": false, \"isSelected\": false, \"borderColor\": \"black\"}, {\"x\": 6, \"y\": 19, \"seat\": true, \"color\": \"white\", \"isBuy\": false, \"isSelected\": false, \"borderColor\": \"black\"}, {\"x\": 6, \"y\": 20, \"seat\": false, \"color\": \"white\", \"borderColor\": \"white\"}], [{\"x\": 7, \"y\": 1, \"seat\": false, \"color\": \"white\", \"borderColor\": \"white\"}, {\"x\": 7, \"y\": 2, \"seat\": true, \"color\": \"white\", \"isBuy\": false, \"isSelected\": false, \"borderColor\": \"black\"}, {\"x\": 7, \"y\": 3, \"seat\": true, \"color\": \"white\", \"isBuy\": false, \"isSelected\": false, \"borderColor\": \"black\"}, {\"x\": 7, \"y\": 4, \"seat\": true, \"color\": \"white\", \"isBuy\": false, \"isSelected\": false, \"borderColor\": \"black\"}, {\"x\": 7, \"y\": 5, \"seat\": true, \"color\": \"white\", \"isBuy\": false, \"isSelected\": false, \"borderColor\": \"black\"}, {\"x\": 7, \"y\": 6, \"seat\": true, \"color\": \"white\", \"isBuy\": false, \"isSelected\": false, \"borderColor\": \"black\"}, {\"x\": 7, \"y\": 7, \"seat\": true, \"color\": \"white\", \"isBuy\": false, \"isSelected\": false, \"borderColor\": \"black\"}, {\"x\": 7, \"y\": 8, \"seat\": true, \"color\": \"white\", \"isBuy\": false, \"isSelected\": false, \"borderColor\": \"black\"}, {\"x\": 7, \"y\": 9, \"seat\": true, \"color\": \"white\", \"isBuy\": false, \"isSelected\": false, \"borderColor\": \"black\"}, {\"x\": 7, \"y\": 10, \"seat\": false, \"color\": \"white\", \"borderColor\": \"white\"}, {\"x\": 7, \"y\": 11, \"seat\": false, \"color\": \"white\", \"borderColor\": \"white\"}, {\"x\": 7, \"y\": 12, \"seat\": true, \"color\": \"white\", \"isBuy\": false, \"isSelected\": false, \"borderColor\": \"black\"}, {\"x\": 7, \"y\": 13, \"seat\": true, \"color\": \"white\", \"isBuy\": false, \"isSelected\": false, \"borderColor\": \"black\"}, {\"x\": 7, \"y\": 14, \"seat\": true, \"color\": \"white\", \"isBuy\": false, \"isSelected\": false, \"borderColor\": \"black\"}, {\"x\": 7, \"y\": 15, \"seat\": true, \"color\": \"white\", \"isBuy\": false, \"isSelected\": false, \"borderColor\": \"black\"}, {\"x\": 7, \"y\": 16, \"seat\": true, \"color\": \"white\", \"isBuy\": false, \"isSelected\": false, \"borderColor\": \"black\"}, {\"x\": 7, \"y\": 17, \"seat\": true, \"color\": \"white\", \"isBuy\": false, \"isSelected\": false, \"borderColor\": \"black\"}, {\"x\": 7, \"y\": 18, \"seat\": true, \"color\": \"white\", \"isBuy\": false, \"isSelected\": false, \"borderColor\": \"black\"}, {\"x\": 7, \"y\": 19, \"seat\": true, \"color\": \"white\", \"isBuy\": false, \"isSelected\": false, \"borderColor\": \"black\"}, {\"x\": 7, \"y\": 20, \"seat\": false, \"color\": \"white\", \"borderColor\": \"white\"}], [{\"x\": 8, \"y\": 1, \"seat\": false, \"color\": \"white\", \"borderColor\": \"white\"}, {\"x\": 8, \"y\": 2, \"seat\": true, \"color\": \"white\", \"isBuy\": false, \"isSelected\": false, \"borderColor\": \"black\"}, {\"x\": 8, \"y\": 3, \"seat\": true, \"color\": \"white\", \"isBuy\": false, \"isSelected\": false, \"borderColor\": \"black\"}, {\"x\": 8, \"y\": 4, \"seat\": true, \"color\": \"white\", \"isBuy\": false, \"isSelected\": false, \"borderColor\": \"black\"}, {\"x\": 8, \"y\": 5, \"seat\": true, \"color\": \"white\", \"isBuy\": false, \"isSelected\": false, \"borderColor\": \"black\"}, {\"x\": 8, \"y\": 6, \"seat\": true, \"color\": \"white\", \"isBuy\": false, \"isSelected\": false, \"borderColor\": \"black\"}, {\"x\": 8, \"y\": 7, \"seat\": true, \"color\": \"white\", \"isBuy\": false, \"isSelected\": false, \"borderColor\": \"black\"}, {\"x\": 8, \"y\": 8, \"seat\": true, \"color\": \"white\", \"isBuy\": false, \"isSelected\": false, \"borderColor\": \"black\"}, {\"x\": 8, \"y\": 9, \"seat\": true, \"color\": \"white\", \"isBuy\": false, \"isSelected\": false, \"borderColor\": \"black\"}, {\"x\": 8, \"y\": 10, \"seat\": false, \"color\": \"white\", \"borderColor\": \"white\"}, {\"x\": 8, \"y\": 11, \"seat\": false, \"color\": \"white\", \"borderColor\": \"white\"}, {\"x\": 8, \"y\": 12, \"seat\": true, \"color\": \"white\", \"isBuy\": false, \"isSelected\": false, \"borderColor\": \"black\"}, {\"x\": 8, \"y\": 13, \"seat\": true, \"color\": \"white\", \"isBuy\": false, \"isSelected\": false, \"borderColor\": \"black\"}, {\"x\": 8, \"y\": 14, \"seat\": true, \"color\": \"white\", \"isBuy\": false, \"isSelected\": false, \"borderColor\": \"black\"}, {\"x\": 8, \"y\": 15, \"seat\": true, \"color\": \"white\", \"isBuy\": false, \"isSelected\": false, \"borderColor\": \"black\"}, {\"x\": 8, \"y\": 16, \"seat\": true, \"color\": \"white\", \"isBuy\": false, \"isSelected\": false, \"borderColor\": \"black\"}, {\"x\": 8, \"y\": 17, \"seat\": true, \"color\": \"white\", \"isBuy\": false, \"isSelected\": false, \"borderColor\": \"black\"}, {\"x\": 8, \"y\": 18, \"seat\": true, \"color\": \"white\", \"isBuy\": false, \"isSelected\": false, \"borderColor\": \"black\"}, {\"x\": 8, \"y\": 19, \"seat\": true, \"color\": \"white\", \"isBuy\": false, \"isSelected\": false, \"borderColor\": \"black\"}, {\"x\": 8, \"y\": 20, \"seat\": false, \"color\": \"white\", \"borderColor\": \"white\"}], [{\"x\": 9, \"y\": 1, \"seat\": false, \"color\": \"white\", \"borderColor\": \"white\"}, {\"x\": 9, \"y\": 2, \"seat\": true, \"color\": \"white\", \"isBuy\": false, \"isSelected\": false, \"borderColor\": \"black\"}, {\"x\": 9, \"y\": 3, \"seat\": true, \"color\": \"white\", \"isBuy\": false, \"isSelected\": false, \"borderColor\": \"black\"}, {\"x\": 9, \"y\": 4, \"seat\": true, \"color\": \"white\", \"isBuy\": false, \"isSelected\": false, \"borderColor\": \"black\"}, {\"x\": 9, \"y\": 5, \"seat\": true, \"color\": \"white\", \"isBuy\": false, \"isSelected\": false, \"borderColor\": \"black\"}, {\"x\": 9, \"y\": 6, \"seat\": true, \"color\": \"white\", \"isBuy\": false, \"isSelected\": false, \"borderColor\": \"black\"}, {\"x\": 9, \"y\": 7, \"seat\": true, \"color\": \"white\", \"isBuy\": false, \"isSelected\": false, \"borderColor\": \"black\"}, {\"x\": 9, \"y\": 8, \"seat\": true, \"color\": \"white\", \"isBuy\": false, \"isSelected\": false, \"borderColor\": \"black\"}, {\"x\": 9, \"y\": 9, \"seat\": true, \"color\": \"white\", \"isBuy\": false, \"isSelected\": false, \"borderColor\": \"black\"}, {\"x\": 9, \"y\": 10, \"seat\": false, \"color\": \"white\", \"borderColor\": \"white\"}, {\"x\": 9, \"y\": 11, \"seat\": false, \"color\": \"white\", \"borderColor\": \"white\"}, {\"x\": 9, \"y\": 12, \"seat\": true, \"color\": \"white\", \"isBuy\": false, \"isSelected\": false, \"borderColor\": \"black\"}, {\"x\": 9, \"y\": 13, \"seat\": true, \"color\": \"white\", \"isBuy\": false, \"isSelected\": false, \"borderColor\": \"black\"}, {\"x\": 9, \"y\": 14, \"seat\": true, \"color\": \"white\", \"isBuy\": false, \"isSelected\": false, \"borderColor\": \"black\"}, {\"x\": 9, \"y\": 15, \"seat\": true, \"color\": \"white\", \"isBuy\": false, \"isSelected\": false, \"borderColor\": \"black\"}, {\"x\": 9, \"y\": 16, \"seat\": true, \"color\": \"white\", \"isBuy\": false, \"isSelected\": false, \"borderColor\": \"black\"}, {\"x\": 9, \"y\": 17, \"seat\": true, \"color\": \"white\", \"isBuy\": false, \"isSelected\": false, \"borderColor\": \"black\"}, {\"x\": 9, \"y\": 18, \"seat\": true, \"color\": \"white\", \"isBuy\": false, \"isSelected\": false, \"borderColor\": \"black\"}, {\"x\": 9, \"y\": 19, \"seat\": true, \"color\": \"white\", \"isBuy\": false, \"isSelected\": false, \"borderColor\": \"black\"}, {\"x\": 9, \"y\": 20, \"seat\": false, \"color\": \"white\", \"borderColor\": \"white\"}], [{\"x\": 10, \"y\": 1, \"seat\": false, \"color\": \"white\", \"borderColor\": \"white\"}, {\"x\": 10, \"y\": 2, \"seat\": true, \"color\": \"white\", \"isBuy\": false, \"isSelected\": false, \"borderColor\": \"black\"}, {\"x\": 10, \"y\": 3, \"seat\": true, \"color\": \"white\", \"isBuy\": false, \"isSelected\": false, \"borderColor\": \"black\"}, {\"x\": 10, \"y\": 4, \"seat\": true, \"color\": \"white\", \"isBuy\": false, \"isSelected\": false, \"borderColor\": \"black\"}, {\"x\": 10, \"y\": 5, \"seat\": true, \"color\": \"white\", \"isBuy\": false, \"isSelected\": false, \"borderColor\": \"black\"}, {\"x\": 10, \"y\": 6, \"seat\": true, \"color\": \"white\", \"isBuy\": false, \"isSelected\": false, \"borderColor\": \"black\"}, {\"x\": 10, \"y\": 7, \"seat\": true, \"color\": \"white\", \"isBuy\": false, \"isSelected\": false, \"borderColor\": \"black\"}, {\"x\": 10, \"y\": 8, \"seat\": true, \"color\": \"white\", \"isBuy\": false, \"isSelected\": false, \"borderColor\": \"black\"}, {\"x\": 10, \"y\": 9, \"seat\": true, \"color\": \"white\", \"isBuy\": false, \"isSelected\": false, \"borderColor\": \"black\"}, {\"x\": 10, \"y\": 10, \"seat\": false, \"color\": \"white\", \"borderColor\": \"white\"}, {\"x\": 10, \"y\": 11, \"seat\": false, \"color\": \"white\", \"borderColor\": \"white\"}, {\"x\": 10, \"y\": 12, \"seat\": true, \"color\": \"white\", \"isBuy\": false, \"isSelected\": false, \"borderColor\": \"black\"}, {\"x\": 10, \"y\": 13, \"seat\": true, \"color\": \"white\", \"isBuy\": false, \"isSelected\": false, \"borderColor\": \"black\"}, {\"x\": 10, \"y\": 14, \"seat\": true, \"color\": \"white\", \"isBuy\": false, \"isSelected\": false, \"borderColor\": \"black\"}, {\"x\": 10, \"y\": 15, \"seat\": true, \"color\": \"white\", \"isBuy\": false, \"isSelected\": false, \"borderColor\": \"black\"}, {\"x\": 10, \"y\": 16, \"seat\": true, \"color\": \"white\", \"isBuy\": false, \"isSelected\": false, \"borderColor\": \"black\"}, {\"x\": 10, \"y\": 17, \"seat\": true, \"color\": \"white\", \"isBuy\": false, \"isSelected\": false, \"borderColor\": \"black\"}, {\"x\": 10, \"y\": 18, \"seat\": true, \"color\": \"white\", \"isBuy\": false, \"isSelected\": false, \"borderColor\": \"black\"}, {\"x\": 10, \"y\": 19, \"seat\": true, \"color\": \"white\", \"isBuy\": false, \"isSelected\": false, \"borderColor\": \"black\"}, {\"x\": 10, \"y\": 20, \"seat\": false, \"color\": \"white\", \"borderColor\": \"white\"}]]','2025-04-30 12:00:00'),('d2814f47e7064896a779c1edeaf85264','cac9ffeb481d439992dfc610d0d106ed','31ba14f1044c4d67b0ae847f37addd0b','804ce61e4fd14f7a8869a9183a80d859','2025-05-08 14:34:59',36.33,'[[{\"x\": 1, \"y\": 1, \"seat\": true, \"color\": \"white\", \"isBuy\": false, \"isSelected\": false, \"borderColor\": \"black\"}, {\"x\": 1, \"y\": 2, \"seat\": true, \"color\": \"white\", \"isBuy\": false, \"isSelected\": false, \"borderColor\": \"black\"}, {\"x\": 1, \"y\": 3, \"seat\": false, \"color\": \"white\", \"borderColor\": \"white\"}, {\"x\": 1, \"y\": 4, \"seat\": true, \"color\": \"white\", \"isBuy\": false, \"isSelected\": false, \"borderColor\": \"black\"}, {\"x\": 1, \"y\": 5, \"seat\": true, \"color\": \"white\", \"isBuy\": false, \"isSelected\": false, \"borderColor\": \"black\"}, {\"x\": 1, \"y\": 6, \"seat\": true, \"color\": \"white\", \"isBuy\": false, \"isSelected\": false, \"borderColor\": \"black\"}, {\"x\": 1, \"y\": 7, \"seat\": false, \"color\": \"white\", \"borderColor\": \"white\"}, {\"x\": 1, \"y\": 8, \"seat\": true, \"color\": \"white\", \"isBuy\": false, \"isSelected\": false, \"borderColor\": \"black\"}, {\"x\": 1, \"y\": 9, \"seat\": true, \"color\": \"white\", \"isBuy\": false, \"isSelected\": false, \"borderColor\": \"black\"}], [{\"x\": 2, \"y\": 1, \"seat\": true, \"color\": \"white\", \"isBuy\": false, \"isSelected\": false, \"borderColor\": \"black\"}, {\"x\": 2, \"y\": 2, \"seat\": true, \"color\": \"white\", \"isBuy\": false, \"isSelected\": false, \"borderColor\": \"black\"}, {\"x\": 2, \"y\": 3, \"seat\": false, \"color\": \"white\", \"borderColor\": \"white\"}, {\"x\": 2, \"y\": 4, \"seat\": true, \"color\": \"white\", \"isBuy\": false, \"isSelected\": false, \"borderColor\": \"black\"}, {\"x\": 2, \"y\": 5, \"seat\": true, \"color\": \"white\", \"isBuy\": false, \"isSelected\": false, \"borderColor\": \"black\"}, {\"x\": 2, \"y\": 6, \"seat\": true, \"color\": \"white\", \"isBuy\": false, \"isSelected\": false, \"borderColor\": \"black\"}, {\"x\": 2, \"y\": 7, \"seat\": false, \"color\": \"white\", \"borderColor\": \"white\"}, {\"x\": 2, \"y\": 8, \"seat\": true, \"color\": \"white\", \"isBuy\": false, \"isSelected\": false, \"borderColor\": \"black\"}, {\"x\": 2, \"y\": 9, \"seat\": true, \"color\": \"white\", \"isBuy\": false, \"isSelected\": false, \"borderColor\": \"black\"}], [{\"x\": 3, \"y\": 1, \"seat\": true, \"color\": \"white\", \"isBuy\": false, \"isSelected\": false, \"borderColor\": \"black\"}, {\"x\": 3, \"y\": 2, \"seat\": true, \"color\": \"white\", \"isBuy\": false, \"isSelected\": false, \"borderColor\": \"black\"}, {\"x\": 3, \"y\": 3, \"seat\": false, \"color\": \"white\", \"borderColor\": \"white\"}, {\"x\": 3, \"y\": 4, \"seat\": true, \"color\": \"red\", \"isBuy\": true, \"isSelected\": false, \"borderColor\": \"black\"}, {\"x\": 3, \"y\": 5, \"seat\": true, \"color\": \"red\", \"isBuy\": true, \"isSelected\": false, \"borderColor\": \"black\"}, {\"x\": 3, \"y\": 6, \"seat\": true, \"color\": \"white\", \"isBuy\": false, \"isSelected\": false, \"borderColor\": \"black\"}, {\"x\": 3, \"y\": 7, \"seat\": false, \"color\": \"white\", \"borderColor\": \"white\"}, {\"x\": 3, \"y\": 8, \"seat\": true, \"color\": \"white\", \"isBuy\": false, \"isSelected\": false, \"borderColor\": \"black\"}, {\"x\": 3, \"y\": 9, \"seat\": true, \"color\": \"white\", \"isBuy\": false, \"isSelected\": false, \"borderColor\": \"black\"}], [{\"x\": 4, \"y\": 1, \"seat\": true, \"color\": \"white\", \"isBuy\": false, \"isSelected\": false, \"borderColor\": \"black\"}, {\"x\": 4, \"y\": 2, \"seat\": true, \"color\": \"white\", \"isBuy\": false, \"isSelected\": false, \"borderColor\": \"black\"}, {\"x\": 4, \"y\": 3, \"seat\": false, \"color\": \"white\", \"borderColor\": \"white\"}, {\"x\": 4, \"y\": 4, \"seat\": false, \"color\": \"white\", \"borderColor\": \"white\"}, {\"x\": 4, \"y\": 5, \"seat\": false, \"color\": \"white\", \"borderColor\": \"white\"}, {\"x\": 4, \"y\": 6, \"seat\": false, \"color\": \"white\", \"borderColor\": \"white\"}, {\"x\": 4, \"y\": 7, \"seat\": false, \"color\": \"white\", \"borderColor\": \"white\"}, {\"x\": 4, \"y\": 8, \"seat\": true, \"color\": \"white\", \"isBuy\": false, \"isSelected\": false, \"borderColor\": \"black\"}, {\"x\": 4, \"y\": 9, \"seat\": true, \"color\": \"white\", \"isBuy\": false, \"isSelected\": false, \"borderColor\": \"black\"}], [{\"x\": 5, \"y\": 1, \"seat\": true, \"color\": \"white\", \"isBuy\": false, \"isSelected\": false, \"borderColor\": \"black\"}, {\"x\": 5, \"y\": 2, \"seat\": true, \"color\": \"white\", \"isBuy\": false, \"isSelected\": false, \"borderColor\": \"black\"}, {\"x\": 5, \"y\": 3, \"seat\": true, \"color\": \"white\", \"isBuy\": false, \"isSelected\": false, \"borderColor\": \"black\"}, {\"x\": 5, \"y\": 4, \"seat\": true, \"color\": \"white\", \"isBuy\": false, \"isSelected\": false, \"borderColor\": \"black\"}, {\"x\": 5, \"y\": 5, \"seat\": true, \"color\": \"white\", \"isBuy\": false, \"isSelected\": false, \"borderColor\": \"black\"}, {\"x\": 5, \"y\": 6, \"seat\": true, \"color\": \"white\", \"isBuy\": false, \"isSelected\": false, \"borderColor\": \"black\"}, {\"x\": 5, \"y\": 7, \"seat\": true, \"color\": \"white\", \"isBuy\": false, \"isSelected\": false, \"borderColor\": \"black\"}, {\"x\": 5, \"y\": 8, \"seat\": true, \"color\": \"white\", \"isBuy\": false, \"isSelected\": false, \"borderColor\": \"black\"}, {\"x\": 5, \"y\": 9, \"seat\": true, \"color\": \"white\", \"isBuy\": false, \"isSelected\": false, \"borderColor\": \"black\"}], [{\"x\": 6, \"y\": 1, \"seat\": true, \"color\": \"white\", \"isBuy\": false, \"isSelected\": false, \"borderColor\": \"black\"}, {\"x\": 6, \"y\": 2, \"seat\": true, \"color\": \"white\", \"isBuy\": false, \"isSelected\": false, \"borderColor\": \"black\"}, {\"x\": 6, \"y\": 3, \"seat\": true, \"color\": \"white\", \"isBuy\": false, \"isSelected\": false, \"borderColor\": \"black\"}, {\"x\": 6, \"y\": 4, \"seat\": true, \"color\": \"white\", \"isBuy\": false, \"isSelected\": false, \"borderColor\": \"black\"}, {\"x\": 6, \"y\": 5, \"seat\": true, \"color\": \"white\", \"isBuy\": false, \"isSelected\": false, \"borderColor\": \"black\"}, {\"x\": 6, \"y\": 6, \"seat\": true, \"color\": \"white\", \"isBuy\": false, \"isSelected\": false, \"borderColor\": \"black\"}, {\"x\": 6, \"y\": 7, \"seat\": true, \"color\": \"white\", \"isBuy\": false, \"isSelected\": false, \"borderColor\": \"black\"}, {\"x\": 6, \"y\": 8, \"seat\": true, \"color\": \"white\", \"isBuy\": false, \"isSelected\": false, \"borderColor\": \"black\"}, {\"x\": 6, \"y\": 9, \"seat\": true, \"color\": \"white\", \"isBuy\": false, \"isSelected\": false, \"borderColor\": \"black\"}]]','2025-05-08 16:34:59'),('de3ecde2ffd34ed085783e4427a192bb','79a1f42bd03541e18a5e9a4ce2e61f2e','c4fba4e1db164fb1ba2a7cb70fdb3155','fc894d0bba73461884fd2647cac1f4ee','2025-05-13 14:00:00',36.50,'[[{\"x\": 1, \"y\": 1, \"seat\": true, \"color\": \"white\", \"isBuy\": false, \"isSelected\": false, \"borderColor\": \"black\"}, {\"x\": 1, \"y\": 2, \"seat\": true, \"color\": \"white\", \"isBuy\": false, \"isSelected\": false, \"borderColor\": \"black\"}, {\"x\": 1, \"y\": 3, \"seat\": false, \"color\": \"white\", \"borderColor\": \"white\"}, {\"x\": 1, \"y\": 4, \"seat\": true, \"color\": \"white\", \"isBuy\": false, \"isSelected\": false, \"borderColor\": \"black\"}, {\"x\": 1, \"y\": 5, \"seat\": true, \"color\": \"white\", \"isBuy\": false, \"isSelected\": false, \"borderColor\": \"black\"}, {\"x\": 1, \"y\": 6, \"seat\": false, \"color\": \"white\", \"borderColor\": \"white\"}, {\"x\": 1, \"y\": 7, \"seat\": true, \"color\": \"white\", \"isBuy\": false, \"isSelected\": false, \"borderColor\": \"black\"}, {\"x\": 1, \"y\": 8, \"seat\": true, \"color\": \"white\", \"isBuy\": false, \"isSelected\": false, \"borderColor\": \"black\"}], [{\"x\": 2, \"y\": 1, \"seat\": true, \"color\": \"white\", \"isBuy\": false, \"isSelected\": false, \"borderColor\": \"black\"}, {\"x\": 2, \"y\": 2, \"seat\": true, \"color\": \"white\", \"isBuy\": false, \"isSelected\": false, \"borderColor\": \"black\"}, {\"x\": 2, \"y\": 3, \"seat\": false, \"color\": \"white\", \"borderColor\": \"white\"}, {\"x\": 2, \"y\": 4, \"seat\": true, \"color\": \"white\", \"isBuy\": false, \"isSelected\": false, \"borderColor\": \"black\"}, {\"x\": 2, \"y\": 5, \"seat\": true, \"color\": \"white\", \"isBuy\": false, \"isSelected\": false, \"borderColor\": \"black\"}, {\"x\": 2, \"y\": 6, \"seat\": false, \"color\": \"white\", \"borderColor\": \"white\"}, {\"x\": 2, \"y\": 7, \"seat\": true, \"color\": \"white\", \"isBuy\": false, \"isSelected\": false, \"borderColor\": \"black\"}, {\"x\": 2, \"y\": 8, \"seat\": true, \"color\": \"white\", \"isBuy\": false, \"isSelected\": false, \"borderColor\": \"black\"}], [{\"x\": 3, \"y\": 1, \"seat\": true, \"color\": \"white\", \"isBuy\": false, \"isSelected\": false, \"borderColor\": \"black\"}, {\"x\": 3, \"y\": 2, \"seat\": true, \"color\": \"white\", \"isBuy\": false, \"isSelected\": false, \"borderColor\": \"black\"}, {\"x\": 3, \"y\": 3, \"seat\": false, \"color\": \"white\", \"borderColor\": \"white\"}, {\"x\": 3, \"y\": 4, \"seat\": true, \"color\": \"white\", \"isBuy\": false, \"isSelected\": false, \"borderColor\": \"black\"}, {\"x\": 3, \"y\": 5, \"seat\": true, \"color\": \"white\", \"isBuy\": false, \"isSelected\": false, \"borderColor\": \"black\"}, {\"x\": 3, \"y\": 6, \"seat\": false, \"color\": \"white\", \"borderColor\": \"white\"}, {\"x\": 3, \"y\": 7, \"seat\": true, \"color\": \"white\", \"isBuy\": false, \"isSelected\": false, \"borderColor\": \"black\"}, {\"x\": 3, \"y\": 8, \"seat\": true, \"color\": \"white\", \"isBuy\": false, \"isSelected\": false, \"borderColor\": \"black\"}], [{\"x\": 4, \"y\": 1, \"seat\": true, \"color\": \"red\", \"isBuy\": true, \"isSelected\": false, \"borderColor\": \"black\"}, {\"x\": 4, \"y\": 2, \"seat\": true, \"color\": \"red\", \"isBuy\": true, \"isSelected\": false, \"borderColor\": \"black\"}, {\"x\": 4, \"y\": 3, \"seat\": false, \"color\": \"white\", \"borderColor\": \"white\"}, {\"x\": 4, \"y\": 4, \"seat\": true, \"color\": \"red\", \"isBuy\": true, \"isSelected\": false, \"borderColor\": \"black\"}, {\"x\": 4, \"y\": 5, \"seat\": true, \"color\": \"red\", \"isBuy\": true, \"isSelected\": false, \"borderColor\": \"black\"}, {\"x\": 4, \"y\": 6, \"seat\": false, \"color\": \"white\", \"borderColor\": \"white\"}, {\"x\": 4, \"y\": 7, \"seat\": true, \"color\": \"red\", \"isBuy\": true, \"isSelected\": false, \"borderColor\": \"black\"}, {\"x\": 4, \"y\": 8, \"seat\": true, \"color\": \"red\", \"isBuy\": true, \"isSelected\": false, \"borderColor\": \"black\"}], [{\"x\": 5, \"y\": 1, \"seat\": true, \"color\": \"white\", \"isBuy\": false, \"isSelected\": false, \"borderColor\": \"black\"}, {\"x\": 5, \"y\": 2, \"seat\": true, \"color\": \"white\", \"isBuy\": false, \"isSelected\": false, \"borderColor\": \"black\"}, {\"x\": 5, \"y\": 3, \"seat\": false, \"color\": \"white\", \"borderColor\": \"white\"}, {\"x\": 5, \"y\": 4, \"seat\": true, \"color\": \"white\", \"isBuy\": false, \"isSelected\": false, \"borderColor\": \"black\"}, {\"x\": 5, \"y\": 5, \"seat\": true, \"color\": \"white\", \"isBuy\": false, \"isSelected\": false, \"borderColor\": \"black\"}, {\"x\": 5, \"y\": 6, \"seat\": false, \"color\": \"white\", \"borderColor\": \"white\"}, {\"x\": 5, \"y\": 7, \"seat\": true, \"color\": \"white\", \"isBuy\": false, \"isSelected\": false, \"borderColor\": \"black\"}, {\"x\": 5, \"y\": 8, \"seat\": true, \"color\": \"white\", \"isBuy\": false, \"isSelected\": false, \"borderColor\": \"black\"}], [{\"x\": 6, \"y\": 1, \"seat\": true, \"color\": \"white\", \"isBuy\": false, \"isSelected\": false, \"borderColor\": \"black\"}, {\"x\": 6, \"y\": 2, \"seat\": true, \"color\": \"white\", \"isBuy\": false, \"isSelected\": false, \"borderColor\": \"black\"}, {\"x\": 6, \"y\": 3, \"seat\": false, \"color\": \"white\", \"borderColor\": \"white\"}, {\"x\": 6, \"y\": 4, \"seat\": true, \"color\": \"white\", \"isBuy\": false, \"isSelected\": false, \"borderColor\": \"black\"}, {\"x\": 6, \"y\": 5, \"seat\": true, \"color\": \"white\", \"isBuy\": false, \"isSelected\": false, \"borderColor\": \"black\"}, {\"x\": 6, \"y\": 6, \"seat\": false, \"color\": \"white\", \"borderColor\": \"white\"}, {\"x\": 6, \"y\": 7, \"seat\": true, \"color\": \"white\", \"isBuy\": false, \"isSelected\": false, \"borderColor\": \"black\"}, {\"x\": 6, \"y\": 8, \"seat\": true, \"color\": \"white\", \"isBuy\": false, \"isSelected\": false, \"borderColor\": \"black\"}], [{\"x\": 7, \"y\": 1, \"seat\": true, \"color\": \"white\", \"isBuy\": false, \"isSelected\": false, \"borderColor\": \"black\"}, {\"x\": 7, \"y\": 2, \"seat\": true, \"color\": \"white\", \"isBuy\": false, \"isSelected\": false, \"borderColor\": \"black\"}, {\"x\": 7, \"y\": 3, \"seat\": false, \"color\": \"white\", \"borderColor\": \"white\"}, {\"x\": 7, \"y\": 4, \"seat\": true, \"color\": \"white\", \"isBuy\": false, \"isSelected\": false, \"borderColor\": \"black\"}, {\"x\": 7, \"y\": 5, \"seat\": true, \"color\": \"white\", \"isBuy\": false, \"isSelected\": false, \"borderColor\": \"black\"}, {\"x\": 7, \"y\": 6, \"seat\": false, \"color\": \"white\", \"borderColor\": \"white\"}, {\"x\": 7, \"y\": 7, \"seat\": true, \"color\": \"white\", \"isBuy\": false, \"isSelected\": false, \"borderColor\": \"black\"}, {\"x\": 7, \"y\": 8, \"seat\": true, \"color\": \"white\", \"isBuy\": false, \"isSelected\": false, \"borderColor\": \"black\"}]]','2025-05-13 16:00:00'),('e143edd01be24607bdba0283b435ae3b','cac9ffeb481d439992dfc610d0d106ed','b6d825944ee241998d0723336c407f79','804ce61e4fd14f7a8869a9183a80d859','2025-05-28 22:00:00',89.60,'[[{\"x\": 1, \"y\": 1, \"seat\": true, \"color\": \"white\", \"isBuy\": false, \"isSelected\": false, \"borderColor\": \"black\"}, {\"x\": 1, \"y\": 2, \"seat\": true, \"color\": \"white\", \"isBuy\": false, \"isSelected\": false, \"borderColor\": \"black\"}, {\"x\": 1, \"y\": 3, \"seat\": false, \"color\": \"white\", \"borderColor\": \"white\"}, {\"x\": 1, \"y\": 4, \"seat\": true, \"color\": \"white\", \"isBuy\": false, \"isSelected\": false, \"borderColor\": \"black\"}, {\"x\": 1, \"y\": 5, \"seat\": true, \"color\": \"white\", \"isBuy\": false, \"isSelected\": false, \"borderColor\": \"black\"}, {\"x\": 1, \"y\": 6, \"seat\": true, \"color\": \"white\", \"isBuy\": false, \"isSelected\": false, \"borderColor\": \"black\"}, {\"x\": 1, \"y\": 7, \"seat\": false, \"color\": \"white\", \"borderColor\": \"white\"}, {\"x\": 1, \"y\": 8, \"seat\": true, \"color\": \"white\", \"isBuy\": false, \"isSelected\": false, \"borderColor\": \"black\"}, {\"x\": 1, \"y\": 9, \"seat\": true, \"color\": \"white\", \"isBuy\": false, \"isSelected\": false, \"borderColor\": \"black\"}], [{\"x\": 2, \"y\": 1, \"seat\": true, \"color\": \"white\", \"isBuy\": false, \"isSelected\": false, \"borderColor\": \"black\"}, {\"x\": 2, \"y\": 2, \"seat\": true, \"color\": \"white\", \"isBuy\": false, \"isSelected\": false, \"borderColor\": \"black\"}, {\"x\": 2, \"y\": 3, \"seat\": false, \"color\": \"white\", \"borderColor\": \"white\"}, {\"x\": 2, \"y\": 4, \"seat\": true, \"color\": \"white\", \"isBuy\": false, \"isSelected\": false, \"borderColor\": \"black\"}, {\"x\": 2, \"y\": 5, \"seat\": true, \"color\": \"white\", \"isBuy\": false, \"isSelected\": false, \"borderColor\": \"black\"}, {\"x\": 2, \"y\": 6, \"seat\": true, \"color\": \"white\", \"isBuy\": false, \"isSelected\": false, \"borderColor\": \"black\"}, {\"x\": 2, \"y\": 7, \"seat\": false, \"color\": \"white\", \"borderColor\": \"white\"}, {\"x\": 2, \"y\": 8, \"seat\": true, \"color\": \"white\", \"isBuy\": false, \"isSelected\": false, \"borderColor\": \"black\"}, {\"x\": 2, \"y\": 9, \"seat\": true, \"color\": \"white\", \"isBuy\": false, \"isSelected\": false, \"borderColor\": \"black\"}], [{\"x\": 3, \"y\": 1, \"seat\": true, \"color\": \"white\", \"isBuy\": false, \"isSelected\": false, \"borderColor\": \"black\"}, {\"x\": 3, \"y\": 2, \"seat\": true, \"color\": \"white\", \"isBuy\": false, \"isSelected\": false, \"borderColor\": \"black\"}, {\"x\": 3, \"y\": 3, \"seat\": false, \"color\": \"white\", \"borderColor\": \"white\"}, {\"x\": 3, \"y\": 4, \"seat\": true, \"color\": \"white\", \"isBuy\": false, \"isSelected\": false, \"borderColor\": \"black\"}, {\"x\": 3, \"y\": 5, \"seat\": true, \"color\": \"red\", \"isBuy\": true, \"isSelected\": false, \"borderColor\": \"black\"}, {\"x\": 3, \"y\": 6, \"seat\": true, \"color\": \"red\", \"isBuy\": true, \"isSelected\": false, \"borderColor\": \"black\"}, {\"x\": 3, \"y\": 7, \"seat\": false, \"color\": \"white\", \"borderColor\": \"white\"}, {\"x\": 3, \"y\": 8, \"seat\": true, \"color\": \"white\", \"isBuy\": false, \"isSelected\": false, \"borderColor\": \"black\"}, {\"x\": 3, \"y\": 9, \"seat\": true, \"color\": \"white\", \"isBuy\": false, \"isSelected\": false, \"borderColor\": \"black\"}], [{\"x\": 4, \"y\": 1, \"seat\": true, \"color\": \"white\", \"isBuy\": false, \"isSelected\": false, \"borderColor\": \"black\"}, {\"x\": 4, \"y\": 2, \"seat\": true, \"color\": \"white\", \"isBuy\": false, \"isSelected\": false, \"borderColor\": \"black\"}, {\"x\": 4, \"y\": 3, \"seat\": false, \"color\": \"white\", \"borderColor\": \"white\"}, {\"x\": 4, \"y\": 4, \"seat\": false, \"color\": \"white\", \"borderColor\": \"white\"}, {\"x\": 4, \"y\": 5, \"seat\": false, \"color\": \"white\", \"borderColor\": \"white\"}, {\"x\": 4, \"y\": 6, \"seat\": false, \"color\": \"white\", \"borderColor\": \"white\"}, {\"x\": 4, \"y\": 7, \"seat\": false, \"color\": \"white\", \"borderColor\": \"white\"}, {\"x\": 4, \"y\": 8, \"seat\": true, \"color\": \"white\", \"isBuy\": false, \"isSelected\": false, \"borderColor\": \"black\"}, {\"x\": 4, \"y\": 9, \"seat\": true, \"color\": \"white\", \"isBuy\": false, \"isSelected\": false, \"borderColor\": \"black\"}], [{\"x\": 5, \"y\": 1, \"seat\": true, \"color\": \"white\", \"isBuy\": false, \"isSelected\": false, \"borderColor\": \"black\"}, {\"x\": 5, \"y\": 2, \"seat\": true, \"color\": \"white\", \"isBuy\": false, \"isSelected\": false, \"borderColor\": \"black\"}, {\"x\": 5, \"y\": 3, \"seat\": true, \"color\": \"white\", \"isBuy\": false, \"isSelected\": false, \"borderColor\": \"black\"}, {\"x\": 5, \"y\": 4, \"seat\": true, \"color\": \"white\", \"isBuy\": false, \"isSelected\": false, \"borderColor\": \"black\"}, {\"x\": 5, \"y\": 5, \"seat\": true, \"color\": \"red\", \"isBuy\": true, \"isSelected\": false, \"borderColor\": \"black\"}, {\"x\": 5, \"y\": 6, \"seat\": true, \"color\": \"white\", \"isBuy\": false, \"isSelected\": false, \"borderColor\": \"black\"}, {\"x\": 5, \"y\": 7, \"seat\": true, \"color\": \"white\", \"isBuy\": false, \"isSelected\": false, \"borderColor\": \"black\"}, {\"x\": 5, \"y\": 8, \"seat\": true, \"color\": \"white\", \"isBuy\": false, \"isSelected\": false, \"borderColor\": \"black\"}, {\"x\": 5, \"y\": 9, \"seat\": true, \"color\": \"white\", \"isBuy\": false, \"isSelected\": false, \"borderColor\": \"black\"}], [{\"x\": 6, \"y\": 1, \"seat\": true, \"color\": \"white\", \"isBuy\": false, \"isSelected\": false, \"borderColor\": \"black\"}, {\"x\": 6, \"y\": 2, \"seat\": true, \"color\": \"white\", \"isBuy\": false, \"isSelected\": false, \"borderColor\": \"black\"}, {\"x\": 6, \"y\": 3, \"seat\": true, \"color\": \"white\", \"isBuy\": false, \"isSelected\": false, \"borderColor\": \"black\"}, {\"x\": 6, \"y\": 4, \"seat\": true, \"color\": \"red\", \"isBuy\": true, \"isSelected\": false, \"borderColor\": \"black\"}, {\"x\": 6, \"y\": 5, \"seat\": true, \"color\": \"white\", \"isBuy\": false, \"isSelected\": false, \"borderColor\": \"black\"}, {\"x\": 6, \"y\": 6, \"seat\": true, \"color\": \"red\", \"isBuy\": true, \"isSelected\": false, \"borderColor\": \"black\"}, {\"x\": 6, \"y\": 7, \"seat\": true, \"color\": \"white\", \"isBuy\": false, \"isSelected\": false, \"borderColor\": \"black\"}, {\"x\": 6, \"y\": 8, \"seat\": true, \"color\": \"white\", \"isBuy\": false, \"isSelected\": false, \"borderColor\": \"black\"}, {\"x\": 6, \"y\": 9, \"seat\": true, \"color\": \"white\", \"isBuy\": false, \"isSelected\": false, \"borderColor\": \"black\"}]]','2025-05-29 00:00:00');
/*!40000 ALTER TABLE `slice_arrangement` ENABLE KEYS */;
UNLOCK TABLES;

--
-- Table structure for table `user`
--

DROP TABLE IF EXISTS `user`;
/*!40101 SET @saved_cs_client     = @@character_set_client */;
/*!50503 SET character_set_client = utf8mb4 */;
CREATE TABLE `user` (
  `user_id` char(32) NOT NULL,
  `user_email` text COMMENT '用户登录的邮箱',
  `user_password` char(32) DEFAULT NULL COMMENT '用户登录的密码',
  `user_name` varchar(20) DEFAULT NULL COMMENT '用户昵称',
  `user_profile_picture` text COMMENT '用户头像',
  `user_points` int DEFAULT NULL COMMENT '用户积分',
  `user_level` int DEFAULT NULL COMMENT '用户等级',
  `user_state` int DEFAULT NULL COMMENT '用户账户状态 0：正常，1：冻结',
  `market_id` char(32) DEFAULT NULL COMMENT '用户所在地区',
  PRIMARY KEY (`user_id`),
  KEY `user_market_market_id_fk` (`market_id`),
  CONSTRAINT `user_market_market_id_fk` FOREIGN KEY (`market_id`) REFERENCES `market` (`market_id`)
) ENGINE=InnoDB DEFAULT CHARSET=utf8mb3 COMMENT='用户表';
/*!40101 SET character_set_client = @saved_cs_client */;

--
-- Dumping data for table `user`
--

LOCK TABLES `user` WRITE;
/*!40000 ALTER TABLE `user` DISABLE KEYS */;
INSERT INTO `user` VALUES ('38a30d72ef774288be8ab945fe7954f6','488089248@qq.com','adcfc392002fc37b861608ac4416d389','电影爱好者','https://pic2.zhimg.com/v2-fa46dbe10c751cf3b2f0e3446583de91_1440w.jpg',18,2,0,'f0f98590ac9d49d294334185fd6a0a62');
/*!40000 ALTER TABLE `user` ENABLE KEYS */;
UNLOCK TABLES;
/*!40103 SET TIME_ZONE=@OLD_TIME_ZONE */;

/*!40101 SET SQL_MODE=@OLD_SQL_MODE */;
/*!40014 SET FOREIGN_KEY_CHECKS=@OLD_FOREIGN_KEY_CHECKS */;
/*!40014 SET UNIQUE_CHECKS=@OLD_UNIQUE_CHECKS */;
/*!40101 SET CHARACTER_SET_CLIENT=@OLD_CHARACTER_SET_CLIENT */;
/*!40101 SET CHARACTER_SET_RESULTS=@OLD_CHARACTER_SET_RESULTS */;
/*!40101 SET COLLATION_CONNECTION=@OLD_COLLATION_CONNECTION */;
/*!40111 SET SQL_NOTES=@OLD_SQL_NOTES */;

-- Dump completed on 2025-05-09  8:44:31
